{
  "type": "FeatureCollection",
  "generator": "overpass-turbo",
  "copyright": "The data included in this document is from www.openstreetmap.org. The data is made available under ODbL.",
  "timestamp": "2026-09-26T12:09:58Z",
  "features": [
    {
      "type": "Feature",
      "properties": {
        "@id": "relation/2713675",
        "boundary": "national_park",
        "leisure": "nature_reserve",
        "name": "Gangotri National Park",
        "name:de": "Gangotri-Nationalpark",
        "name:en": "Gangotri National Park",
        "name:hi": "गंगोत्री राष्ट्रीय उद्यान",
        "name:kn": "ಗಂಗೋತ್ರಿ ರಾಷ್ಟ್ರೀಯ ಉದ್ಯಾನ",
        "name:ml": "ഗംഗോത്രി ദേശീയോദ്യാനം",
        "name:pnb": "گنگوٹری نیشنل پارک",
        "protect_class": "2",
        "source": "http://www.uttarakhandforest.org/hindi/maps/maps-protected-area-uk.jpg",
        "type": "boundary",
        "wikidata": "Q2281202",
        "wikipedia": "en:Gangotri National Park"
      },
      "geometry": {
        "type": "Polygon",
        "coordinates": [
          [
            [
              78.919146,
              31.248802
            ],
            [
              78.919208,
              31.248457
            ],
            [
              78.919146,
              31.247767
            ],
            [
              78.919208,
              31.247202
            ],
            [
              78.919554,
              31.246857
            ],
            [
              78.919679,
              31.246543
            ],
            [
              78.919459,
              31.245947
            ],
            [
              78.91924,
              31.245633
            ],
            [
              78.919271,
              31.245508
            ],
            [
              78.920181,
              31.2451
            ],
            [
              78.920902,
              31.243751
            ],
            [
              78.921687,
              31.242653
            ],
            [
              78.921875,
              31.242245
            ],
            [
              78.922032,
              31.239453
            ],
            [
              78.921404,
              31.237351
            ],
            [
              78.921875,
              31.235908
            ],
            [
              78.921781,
              31.2355
            ],
            [
              78.922126,
              31.235375
            ],
            [
              78.922941,
              31.23459
            ],
            [
              78.923475,
              31.232896
            ],
            [
              78.923757,
              31.232614
            ],
            [
              78.923789,
              31.232206
            ],
            [
              78.923632,
              31.232049
            ],
            [
              78.923726,
              31.230324
            ],
            [
              78.923914,
              31.229163
            ],
            [
              78.923852,
              31.228818
            ],
            [
              78.923946,
              31.227845
            ],
            [
              78.923789,
              31.226842
            ],
            [
              78.923852,
              31.226434
            ],
            [
              78.924542,
              31.225932
            ],
            [
              78.926173,
              31.225304
            ],
            [
              78.926455,
              31.225022
            ],
            [
              78.92702,
              31.224896
            ],
            [
              78.927333,
              31.2243
            ],
            [
              78.927741,
              31.223987
            ],
            [
              78.927804,
              31.223077
            ],
            [
              78.927679,
              31.222606
            ],
            [
              78.927836,
              31.222042
            ],
            [
              78.927616,
              31.221446
            ],
            [
              78.928087,
              31.220818
            ],
            [
              78.928588,
              31.220379
            ],
            [
              78.929091,
              31.21972
            ],
            [
              78.930345,
              31.218779
            ],
            [
              78.930753,
              31.218308
            ],
            [
              78.93091,
              31.217775
            ],
            [
              78.931694,
              31.217242
            ],
            [
              78.932353,
              31.217305
            ],
            [
              78.932792,
              31.217273
            ],
            [
              78.933075,
              31.216959
            ],
            [
              78.933922,
              31.21743
            ],
            [
              78.935271,
              31.21743
            ],
            [
              78.935616,
              31.217838
            ],
            [
              78.936055,
              31.217838
            ],
            [
              78.936902,
              31.217712
            ],
            [
              78.938094,
              31.217461
            ],
            [
              78.938188,
              31.217054
            ],
            [
              78.942204,
              31.216646
            ],
            [
              78.947819,
              31.217054
            ],
            [
              78.948541,
              31.217242
            ],
            [
              78.949106,
              31.217587
            ],
            [
              78.94989,
              31.216959
            ],
            [
              78.950078,
              31.21583
            ],
            [
              78.950392,
              31.214983
            ],
            [
              78.950361,
              31.213603
            ],
            [
              78.950141,
              31.213289
            ],
            [
              78.949482,
              31.213069
            ],
            [
              78.949074,
              31.212662
            ],
            [
              78.949043,
              31.211469
            ],
            [
              78.948886,
              31.211062
            ],
            [
              78.946627,
              31.210089
            ],
            [
              78.946439,
              31.209054
            ],
            [
              78.94578,
              31.207767
            ],
            [
              78.947223,
              31.206168
            ],
            [
              78.947317,
              31.20554
            ],
            [
              78.94807,
              31.204975
            ],
            [
              78.949106,
              31.202121
            ],
            [
              78.949106,
              31.201744
            ],
            [
              78.948949,
              31.201399
            ],
            [
              78.948886,
              31.199893
            ],
            [
              78.949545,
              31.199611
            ],
            [
              78.949733,
              31.199454
            ],
            [
              78.950172,
              31.199266
            ],
            [
              78.950643,
              31.198983
            ],
            [
              78.951051,
              31.198481
            ],
            [
              78.95149,
              31.198042
            ],
            [
              78.952086,
              31.197917
            ],
            [
              78.952463,
              31.19776
            ],
            [
              78.952682,
              31.197509
            ],
            [
              78.95287,
              31.197132
            ],
            [
              78.953153,
              31.196787
            ],
            [
              78.953968,
              31.196254
            ],
            [
              78.953905,
              31.196066
            ],
            [
              78.954062,
              31.195878
            ],
            [
              78.954188,
              31.195878
            ],
            [
              78.954659,
              31.195313
            ],
            [
              78.954878,
              31.195187
            ],
            [
              78.9556,
              31.195093
            ],
            [
              78.955788,
              31.194905
            ],
            [
              78.956196,
              31.194686
            ],
            [
              78.956541,
              31.194435
            ],
            [
              78.957262,
              31.193462
            ],
            [
              78.957827,
              31.193368
            ],
            [
              78.958078,
              31.193211
            ],
            [
              78.958141,
              31.192929
            ],
            [
              78.958141,
              31.192521
            ],
            [
              78.95836,
              31.192239
            ],
            [
              78.959615,
              31.191737
            ],
            [
              78.959521,
              31.191203
            ],
            [
              78.95927,
              31.190607
            ],
            [
              78.958297,
              31.189917
            ],
            [
              78.958611,
              31.188631
            ],
            [
              78.958705,
              31.18725
            ],
            [
              78.962627,
              31.185682
            ],
            [
              78.963819,
              31.185305
            ],
            [
              78.965545,
              31.184835
            ],
            [
              78.966454,
              31.184521
            ],
            [
              78.967741,
              31.183956
            ],
            [
              78.968588,
              31.183643
            ],
            [
              78.968744,
              31.183266
            ],
            [
              78.96934,
              31.183203
            ],
            [
              78.970031,
              31.183015
            ],
            [
              78.97025,
              31.182921
            ],
            [
              78.97047,
              31.182733
            ],
            [
              78.970658,
              31.182733
            ],
            [
              78.970878,
              31.182607
            ],
            [
              78.970972,
              31.182168
            ],
            [
              78.971129,
              31.181886
            ],
            [
              78.971693,
              31.181729
            ],
            [
              78.971756,
              31.181635
            ],
            [
              78.971756,
              31.181196
            ],
            [
              78.973168,
              31.180976
            ],
            [
              78.974673,
              31.180443
            ],
            [
              78.976462,
              31.180411
            ],
            [
              78.976619,
              31.180192
            ],
            [
              78.976932,
              31.179941
            ],
            [
              78.977372,
              31.179847
            ],
            [
              78.977748,
              31.179972
            ],
            [
              78.97803,
              31.179784
            ],
            [
              78.978407,
              31.179407
            ],
            [
              78.979348,
              31.179031
            ],
            [
              78.979881,
              31.179062
            ],
            [
              78.980446,
              31.179251
            ],
            [
              78.981701,
              31.179376
            ],
            [
              78.982046,
              31.177996
            ],
            [
              78.98283,
              31.17696
            ],
            [
              78.983332,
              31.176772
            ],
            [
              78.98352,
              31.17649
            ],
            [
              78.985246,
              31.1758
            ],
            [
              78.985905,
              31.175172
            ],
            [
              78.98763,
              31.1742
            ],
            [
              78.987787,
              31.173949
            ],
            [
              78.987881,
              31.173384
            ],
            [
              78.988414,
              31.172663
            ],
            [
              78.988477,
              31.172286
            ],
            [
              78.989136,
              31.17147
            ],
            [
              78.989136,
              31.17078
            ],
            [
              78.988917,
              31.170027
            ],
            [
              78.988948,
              31.169651
            ],
            [
              78.989073,
              31.169557
            ],
            [
              78.989199,
              31.169337
            ],
            [
              78.989199,
              31.168898
            ],
            [
              78.989607,
              31.168145
            ],
            [
              78.990077,
              31.16802
            ],
            [
              78.990171,
              31.167674
            ],
            [
              78.99083,
              31.16689
            ],
            [
              78.990736,
              31.166451
            ],
            [
              78.99083,
              31.166169
            ],
            [
              78.991803,
              31.165855
            ],
            [
              78.992273,
              31.165039
            ],
            [
              78.992555,
              31.163502
            ],
            [
              78.99265,
              31.161996
            ],
            [
              78.992524,
              31.1614
            ],
            [
              78.992524,
              31.160396
            ],
            [
              78.992022,
              31.159988
            ],
            [
              78.991865,
              31.159549
            ],
            [
              78.991928,
              31.158765
            ],
            [
              78.991708,
              31.158608
            ],
            [
              78.991677,
              31.1582
            ],
            [
              78.991583,
              31.157824
            ],
            [
              78.991081,
              31.157259
            ],
            [
              78.990579,
              31.156412
            ],
            [
              78.99014,
              31.155188
            ],
            [
              78.99014,
              31.15431
            ],
            [
              78.990799,
              31.152271
            ],
            [
              78.991206,
              31.151455
            ],
            [
              78.991614,
              31.151016
            ],
            [
              78.991834,
              31.150702
            ],
            [
              78.992179,
              31.149918
            ],
            [
              78.992304,
              31.149322
            ],
            [
              78.992116,
              31.148789
            ],
            [
              78.991708,
              31.148318
            ],
            [
              78.991395,
              31.147377
            ],
            [
              78.99083,
              31.146875
            ],
            [
              78.990422,
              31.146342
            ],
            [
              78.990265,
              31.145714
            ],
            [
              78.990108,
              31.1454
            ],
            [
              78.989764,
              31.145055
            ],
            [
              78.989607,
              31.144742
            ],
            [
              78.99333,
              31.1401012
            ],
            [
              78.9961623,
              31.1367952
            ],
            [
              79.0028571,
              31.1327545
            ],
            [
              79.0068053,
              31.1242318
            ],
            [
              79.0123843,
              31.1114462
            ],
            [
              79.0052282,
              31.1139607
            ],
            [
              79.0007098,
              31.1134391
            ],
            [
              78.9913531,
              31.1093426
            ],
            [
              78.9827218,
              31.1093886
            ],
            [
              78.9757454,
              31.1086445
            ],
            [
              78.9729708,
              31.1072769
            ],
            [
              78.9717761,
              31.1060037
            ],
            [
              78.970971,
              31.1054152
            ],
            [
              78.9681386,
              31.103087
            ],
            [
              78.9633536,
              31.0995776
            ],
            [
              78.9529895,
              31.0980526
            ],
            [
              78.9473671,
              31.1012499
            ],
            [
              78.9335378,
              31.1015743
            ],
            [
              78.926382,
              31.1107481
            ],
            [
              78.9196041,
              31.1113718
            ],
            [
              78.913645,
              31.1080914
            ],
            [
              78.9133787,
              31.101268
            ],
            [
              78.9084401,
              31.0988297
            ],
            [
              78.9041519,
              31.1000921
            ],
            [
              78.8996458,
              31.0997981
            ],
            [
              78.891921,
              31.0975565
            ],
            [
              78.8850975,
              31.1007535
            ],
            [
              78.8783396,
              31.1062727
            ],
            [
              78.8728861,
              31.0971718
            ],
            [
              78.8715182,
              31.0385901
            ],
            [
              78.8726807,
              31.0316177
            ],
            [
              78.8769896,
              31.0057686
            ],
            [
              78.916657,
              30.9846631
            ],
            [
              78.9303354,
              30.9799724
            ],
            [
              78.9297195,
              30.9672975
            ],
            [
              78.9289676,
              30.951823
            ],
            [
              78.8783574,
              30.9612071
            ],
            [
              78.8496327,
              30.9764541
            ],
            [
              78.8400579,
              30.8908044
            ],
            [
              78.8720282,
              30.8752997
            ],
            [
              78.8746501,
              30.8757996
            ],
            [
              78.8777505,
              30.8761323
            ],
            [
              78.880871,
              30.8769761
            ],
            [
              78.8829859,
              30.8766008
            ],
            [
              78.8856787,
              30.8757636
            ],
            [
              78.8878476,
              30.8751162
            ],
            [
              78.8895157,
              30.8744705
            ],
            [
              78.8918716,
              30.8731869
            ],
            [
              78.8933363,
              30.8724735
            ],
            [
              78.8945595,
              30.8715175
            ],
            [
              78.8957282,
              30.8711897
            ],
            [
              78.8971746,
              30.8711341
            ],
            [
              78.8996394,
              30.8719828
            ],
            [
              78.9022654,
              30.8728191
            ],
            [
              78.9043799,
              30.872929
            ],
            [
              78.9058405,
              30.8730007
            ],
            [
              78.9081217,
              30.8724831
            ],
            [
              78.9099929,
              30.8740942
            ],
            [
              78.9128542,
              30.8759372
            ],
            [
              78.9153595,
              30.8771539
            ],
            [
              78.9196436,
              30.8786167
            ],
            [
              78.9222419,
              30.8781559
            ],
            [
              78.9249754,
              30.8777
            ],
            [
              78.9254623,
              30.8754052
            ],
            [
              78.9258555,
              30.874444
            ],
            [
              78.9272997,
              30.8739744
            ],
            [
              78.92908,
              30.873802
            ],
            [
              78.9315316,
              30.8733655
            ],
            [
              78.9342733,
              30.8727455
            ],
            [
              78.9357606,
              30.871638
            ],
            [
              78.9385069,
              30.8687988
            ],
            [
              78.9396292,
              30.8673192
            ],
            [
              78.9404091,
              30.8653197
            ],
            [
              78.9421705,
              30.8629759
            ],
            [
              78.9423883,
              30.8608134
            ],
            [
              78.9431744,
              30.857822
            ],
            [
              78.9442051,
              30.855581
            ],
            [
              78.9458148,
              30.8541659
            ],
            [
              78.951379,
              30.8552714
            ],
            [
              78.9545724,
              30.854667
            ],
            [
              78.9576081,
              30.8547634
            ],
            [
              78.9619073,
              30.8536684
            ],
            [
              78.9653234,
              30.853629
            ],
            [
              78.9676391,
              30.8529737
            ],
            [
              78.9698014,
              30.8523123
            ],
            [
              78.9711469,
              30.852772
            ],
            [
              78.9771315,
              30.8535088
            ],
            [
              78.980457,
              30.8553786
            ],
            [
              78.9831571,
              30.8561861
            ],
            [
              78.9865749,
              30.8569557
            ],
            [
              78.9887252,
              30.8577518
            ],
            [
              78.9913435,
              30.8597276
            ],
            [
              78.9946855,
              30.8605548
            ],
            [
              78.9967731,
              30.8598169
            ],
            [
              78.9987857,
              30.85899
            ],
            [
              79.0005674,
              30.8583583
            ],
            [
              79.002037,
              30.8580036
            ],
            [
              79.0033018,
              30.8572692
            ],
            [
              79.0044335,
              30.8558005
            ],
            [
              79.005558,
              30.8537435
            ],
            [
              79.0068911,
              30.8519895
            ],
            [
              79.0081975,
              30.8507981
            ],
            [
              79.0105812,
              30.848768
            ],
            [
              79.0115947,
              30.8475566
            ],
            [
              79.0128193,
              30.846486
            ],
            [
              79.0146613,
              30.8452365
            ],
            [
              79.0170482,
              30.8428978
            ],
            [
              79.017772,
              30.8411771
            ],
            [
              79.0181622,
              30.8387351
            ],
            [
              79.0184635,
              30.8360197
            ],
            [
              79.0197043,
              30.832703
            ],
            [
              79.0197228,
              30.8288785
            ],
            [
              79.0190378,
              30.8273017
            ],
            [
              79.0185394,
              30.8227399
            ],
            [
              79.0189419,
              30.8207956
            ],
            [
              79.0219945,
              30.8181114
            ],
            [
              79.0236399,
              30.8164874
            ],
            [
              79.0240323,
              30.8149109
            ],
            [
              79.0259396,
              30.8126392
            ],
            [
              79.0285364,
              30.8101828
            ],
            [
              79.0307998,
              30.8086814
            ],
            [
              79.0321087,
              30.8072979
            ],
            [
              79.0352726,
              30.8060733
            ],
            [
              79.0376119,
              30.8075245
            ],
            [
              79.0385381,
              30.808036
            ],
            [
              79.0409973,
              30.8083483
            ],
            [
              79.044127,
              30.8072304
            ],
            [
              79.0465263,
              30.8063242
            ],
            [
              79.0489596,
              30.8042697
            ],
            [
              79.0507434,
              30.802372
            ],
            [
              79.0560432,
              30.8004841
            ],
            [
              79.0591413,
              30.7996402
            ],
            [
              79.063438,
              30.7981949
            ],
            [
              79.0662913,
              30.7978535
            ],
            [
              79.0697813,
              30.7922555
            ],
            [
              79.0734564,
              30.7889713
            ],
            [
              79.0765951,
              30.7863957
            ],
            [
              79.0799283,
              30.7845156
            ],
            [
              79.0829182,
              30.7820457
            ],
            [
              79.0851532,
              30.7801577
            ],
            [
              79.0863543,
              30.7788376
            ],
            [
              79.0872782,
              30.7779168
            ],
            [
              79.088827,
              30.777586
            ],
            [
              79.0916543,
              30.776608
            ],
            [
              79.0936986,
              30.775966
            ],
            [
              79.0969686,
              30.7751795
            ],
            [
              79.099073,
              30.7748419
            ],
            [
              79.1010898,
              30.7745595
            ],
            [
              79.1034833,
              30.7722711
            ],
            [
              79.1051721,
              30.7712791
            ],
            [
              79.1066331,
              30.7712841
            ],
            [
              79.1097824,
              30.7712009
            ],
            [
              79.1124266,
              30.7712572
            ],
            [
              79.1147167,
              30.7718961
            ],
            [
              79.1165937,
              30.7720071
            ],
            [
              79.1200411,
              30.7715779
            ],
            [
              79.124193,
              30.7709297
            ],
            [
              79.1271553,
              30.7693644
            ],
            [
              79.1296578,
              30.7680123
            ],
            [
              79.1304304,
              30.7651816
            ],
            [
              79.1303877,
              30.7617628
            ],
            [
              79.1311138,
              30.7588502
            ],
            [
              79.1314742,
              30.757244
            ],
            [
              79.1327368,
              30.7558239
            ],
            [
              79.1352746,
              30.7537233
            ],
            [
              79.1364742,
              30.7520043
            ],
            [
              79.1377653,
              30.751304
            ],
            [
              79.1389853,
              30.7506471
            ],
            [
              79.1410677,
              30.7488125
            ],
            [
              79.1429667,
              30.747863
            ],
            [
              79.1460204,
              30.7488207
            ],
            [
              79.1479455,
              30.7502621
            ],
            [
              79.1504174,
              30.7516312
            ],
            [
              79.1525945,
              30.7521396
            ],
            [
              79.154554,
              30.7523754
            ],
            [
              79.1564961,
              30.7529513
            ],
            [
              79.1581899,
              30.7536595
            ],
            [
              79.160086,
              30.7548887
            ],
            [
              79.1617371,
              30.7554431
            ],
            [
              79.1643671,
              30.7553988
            ],
            [
              79.1674628,
              30.7556895
            ],
            [
              79.1690517,
              30.7557529
            ],
            [
              79.1704897,
              30.7546876
            ],
            [
              79.1718171,
              30.7528929
            ],
            [
              79.1737263,
              30.7521463
            ],
            [
              79.1749562,
              30.751509
            ],
            [
              79.1768288,
              30.75126
            ],
            [
              79.1797938,
              30.7510965
            ],
            [
              79.1813217,
              30.7510929
            ],
            [
              79.1837715,
              30.7493005
            ],
            [
              79.1864176,
              30.7478519
            ],
            [
              79.1887274,
              30.7462714
            ],
            [
              79.1904172,
              30.7441707
            ],
            [
              79.1920869,
              30.7423026
            ],
            [
              79.1942107,
              30.7412797
            ],
            [
              79.1962491,
              30.7403494
            ],
            [
              79.1970574,
              30.7392558
            ],
            [
              79.1979961,
              30.736463
            ],
            [
              79.1986744,
              30.7345481
            ],
            [
              79.1996532,
              30.7329027
            ],
            [
              79.2021175,
              30.7335796
            ],
            [
              79.2036099,
              30.7344691
            ],
            [
              79.2061225,
              30.7367899
            ],
            [
              79.2081069,
              30.7378317
            ],
            [
              79.2097322,
              30.7377605
            ],
            [
              79.2154148,
              30.7369672
            ],
            [
              79.2192399,
              30.7367004
            ],
            [
              79.2245076,
              30.7357326
            ],
            [
              79.2279423,
              30.734899
            ],
            [
              79.2318535,
              30.7340455
            ],
            [
              79.2363178,
              30.7335379
            ],
            [
              79.2406992,
              30.7328463
            ],
            [
              79.2437482,
              30.7329228
            ],
            [
              79.2451805,
              30.7329432
            ],
            [
              79.2470378,
              30.7321975
            ],
            [
              79.2489586,
              30.7310177
            ],
            [
              79.2507305,
              30.7295284
            ],
            [
              79.2524881,
              30.728471
            ],
            [
              79.2529466,
              30.7273288
            ],
            [
              79.2538207,
              30.7263518
            ],
            [
              79.2553377,
              30.7240511
            ],
            [
              79.2563251,
              30.7229605
            ],
            [
              79.2583418,
              30.7229
            ],
            [
              79.2618995,
              30.7229516
            ],
            [
              79.2649687,
              30.7231933
            ],
            [
              79.267936,
              30.7243506
            ],
            [
              79.2704259,
              30.724144
            ],
            [
              79.2743668,
              30.723856
            ],
            [
              79.2778462,
              30.7273071
            ],
            [
              79.2792992,
              30.7298681
            ],
            [
              79.2802096,
              30.7377553
            ],
            [
              79.2823646,
              30.74123
            ],
            [
              79.2857623,
              30.7454011
            ],
            [
              79.2879175,
              30.7480376
            ],
            [
              79.2884185,
              30.7491733
            ],
            [
              79.2882892,
              30.7503172
            ],
            [
              79.2867501,
              30.7522666
            ],
            [
              79.2843119,
              30.7541218
            ],
            [
              79.2811397,
              30.7557918
            ],
            [
              79.2786304,
              30.7565322
            ],
            [
              79.2758768,
              30.7567913
            ],
            [
              79.2738925,
              30.7571707
            ],
            [
              79.2718803,
              30.7592137
            ],
            [
              79.269387,
              30.7615335
            ],
            [
              79.2665726,
              30.7636393
            ],
            [
              79.2651187,
              30.7640626
            ],
            [
              79.2623732,
              30.7666589
            ],
            [
              79.2614416,
              30.7681684
            ],
            [
              79.2615875,
              30.7696779
            ],
            [
              79.2629045,
              30.7726827
            ],
            [
              79.26212,
              30.7763745
            ],
            [
              79.2607904,
              30.7777364
            ],
            [
              79.2588918,
              30.7790724
            ],
            [
              79.2558139,
              30.7805731
            ],
            [
              79.2533621,
              30.7807731
            ],
            [
              79.2514281,
              30.7811274
            ],
            [
              79.2495393,
              30.7824662
            ],
            [
              79.2473657,
              30.7838036
            ],
            [
              79.2454923,
              30.784855
            ],
            [
              79.2460405,
              30.7865438
            ],
            [
              79.246295,
              30.7890481
            ],
            [
              79.2440588,
              30.7919774
            ],
            [
              79.2420065,
              30.7931622
            ],
            [
              79.2404782,
              30.7947118
            ],
            [
              79.2393525,
              30.7978167
            ],
            [
              79.2392849,
              30.7990347
            ],
            [
              79.2409086,
              30.801735
            ],
            [
              79.2409757,
              30.8023522
            ],
            [
              79.2404159,
              30.8029311
            ],
            [
              79.2374653,
              30.8052386
            ],
            [
              79.2370188,
              30.8054341
            ],
            [
              79.2356894,
              30.8059006
            ],
            [
              79.2347499,
              30.8060615
            ],
            [
              79.2329728,
              30.806239
            ],
            [
              79.2311191,
              30.806433
            ],
            [
              79.2296526,
              30.806868
            ],
            [
              79.2283247,
              30.8074506
            ],
            [
              79.2272295,
              30.8083285
            ],
            [
              79.2255122,
              30.8097077
            ],
            [
              79.2253753,
              30.8113644
            ],
            [
              79.2253238,
              30.813233
            ],
            [
              79.2254527,
              30.8151178
            ],
            [
              79.2257958,
              30.8170092
            ],
            [
              79.2263288,
              30.8186109
            ],
            [
              79.2273546,
              30.8195514
            ],
            [
              79.230238,
              30.820683
            ],
            [
              79.2333507,
              30.8215645
            ],
            [
              79.2361249,
              30.8226544
            ],
            [
              79.2387299,
              30.8232794
            ],
            [
              79.2404519,
              30.8237638
            ],
            [
              79.2404586,
              30.8249312
            ],
            [
              79.239921,
              30.8275804
            ],
            [
              79.2399008,
              30.8293024
            ],
            [
              79.2396544,
              30.8310294
            ],
            [
              79.2392284,
              30.8322092
            ],
            [
              79.2380492,
              30.833977
            ],
            [
              79.2369151,
              30.8363226
            ],
            [
              79.2358262,
              30.8385909
            ],
            [
              79.2381152,
              30.839789
            ],
            [
              79.2402576,
              30.8412037
            ],
            [
              79.2416365,
              30.8419603
            ],
            [
              79.244939,
              30.8420157
            ],
            [
              79.2473419,
              30.8419818
            ],
            [
              79.2502473,
              30.8420777
            ],
            [
              79.2505815,
              30.8427775
            ],
            [
              79.2508321,
              30.8454597
            ],
            [
              79.2512062,
              30.847746
            ],
            [
              79.2522594,
              30.8496039
            ],
            [
              79.253141,
              30.851167
            ],
            [
              79.2541046,
              30.8533428
            ],
            [
              79.2547471,
              30.8566934
            ],
            [
              79.2547946,
              30.8587026
            ],
            [
              79.2562993,
              30.8602559
            ],
            [
              79.2578557,
              30.8619602
            ],
            [
              79.2583171,
              30.8642776
            ],
            [
              79.2588139,
              30.8668539
            ],
            [
              79.259221,
              30.8672135
            ],
            [
              79.2644653,
              30.8680925
            ],
            [
              79.2675845,
              30.8687581
            ],
            [
              79.2700417,
              30.8691048
            ],
            [
              79.2715747,
              30.8695736
            ],
            [
              79.2721539,
              30.8703252
            ],
            [
              79.272446,
              30.8713953
            ],
            [
              79.2729639,
              30.8727039
            ],
            [
              79.2734272,
              30.8732436
            ],
            [
              79.2745076,
              30.8735246
            ],
            [
              79.2766259,
              30.8739492
            ],
            [
              79.278254,
              30.8743446
            ],
            [
              79.2802266,
              30.8753056
            ],
            [
              79.2789487,
              30.8762265
            ],
            [
              79.2775646,
              30.8771999
            ],
            [
              79.2772342,
              30.8775936
            ],
            [
              79.2771066,
              30.8787951
            ],
            [
              79.2762399,
              30.8816782
            ],
            [
              79.2758123,
              30.8838688
            ],
            [
              79.2747642,
              30.8856062
            ],
            [
              79.2731724,
              30.8865971
            ],
            [
              79.272958,
              30.8881085
            ],
            [
              79.2729677,
              30.8891573
            ],
            [
              79.2715467,
              30.8897687
            ],
            [
              79.2703562,
              30.8903637
            ],
            [
              79.2695857,
              30.8913551
            ],
            [
              79.2693154,
              30.893061
            ],
            [
              79.2694918,
              30.8952413
            ],
            [
              79.2697916,
              30.8965546
            ],
            [
              79.2705855,
              30.8976799
            ],
            [
              79.2719209,
              30.8987267
            ],
            [
              79.2727826,
              30.8994764
            ],
            [
              79.2729541,
              30.9002012
            ],
            [
              79.2727385,
              30.9015215
            ],
            [
              79.2719113,
              30.9024629
            ],
            [
              79.2704802,
              30.9038012
            ],
            [
              79.2698187,
              30.9050159
            ],
            [
              79.2697919,
              30.9059895
            ],
            [
              79.2705299,
              30.9072017
            ],
            [
              79.2717913,
              30.908496
            ],
            [
              79.2736557,
              30.9095711
            ],
            [
              79.2755442,
              30.9103423
            ],
            [
              79.2785402,
              30.911046
            ],
            [
              79.2808677,
              30.9113704
            ],
            [
              79.2819333,
              30.9122154
            ],
            [
              79.2827495,
              30.9134457
            ],
            [
              79.2829026,
              30.9152336
            ],
            [
              79.2826746,
              30.9169325
            ],
            [
              79.2820239,
              30.9179761
            ],
            [
              79.280653,
              30.9202753
            ],
            [
              79.2805832,
              30.9206238
            ],
            [
              79.280435,
              30.9213643
            ],
            [
              79.280063,
              30.9230028
            ],
            [
              79.2802876,
              30.9239741
            ],
            [
              79.2809421,
              30.9261593
            ],
            [
              79.2824121,
              30.9275774
            ],
            [
              79.2834928,
              30.9293208
            ],
            [
              79.284426,
              30.9315589
            ],
            [
              79.2846246,
              30.9328087
            ],
            [
              79.2837807,
              30.9349122
            ],
            [
              79.2828956,
              30.9367227
            ],
            [
              79.2818088,
              30.9383522
            ],
            [
              79.2806245,
              30.939849
            ],
            [
              79.2785991,
              30.9410781
            ],
            [
              79.2766069,
              30.9419819
            ],
            [
              79.276015,
              30.943186
            ],
            [
              79.273575,
              30.94521
            ],
            [
              79.2715064,
              30.9472016
            ],
            [
              79.2704581,
              30.9492163
            ],
            [
              79.2682797,
              30.9520375
            ],
            [
              79.2660893,
              30.9534775
            ],
            [
              79.263008,
              30.954662
            ],
            [
              79.264263,
              30.955686
            ],
            [
              79.265121,
              30.956313
            ],
            [
              79.266112,
              30.957271
            ],
            [
              79.26707,
              30.958097
            ],
            [
              79.268259,
              30.958922
            ],
            [
              79.269745,
              30.959649
            ],
            [
              79.270768,
              30.960045
            ],
            [
              79.274699,
              30.960805
            ],
            [
              79.276218,
              30.961465
            ],
            [
              79.276944,
              30.96163
            ],
            [
              79.27777,
              30.96163
            ],
            [
              79.27876,
              30.961762
            ],
            [
              79.279619,
              30.961795
            ],
            [
              79.280313,
              30.961895
            ],
            [
              79.28061,
              30.962126
            ],
            [
              79.281171,
              30.962225
            ],
            [
              79.281468,
              30.962588
            ],
            [
              79.281898,
              30.962786
            ],
            [
              79.282492,
              30.962753
            ],
            [
              79.282756,
              30.963216
            ],
            [
              79.283186,
              30.964272
            ],
            [
              79.283615,
              30.965098
            ],
            [
              79.283946,
              30.966023
            ],
            [
              79.285035,
              30.966419
            ],
            [
              79.285497,
              30.966419
            ],
            [
              79.286092,
              30.966551
            ],
            [
              79.290154,
              30.968235
            ],
            [
              79.290451,
              30.968433
            ],
            [
              79.290881,
              30.9684
            ],
            [
              79.291607,
              30.968202
            ],
            [
              79.292268,
              30.968103
            ],
            [
              79.29306,
              30.96807
            ],
            [
              79.294678,
              30.968235
            ],
            [
              79.29557,
              30.9685
            ],
            [
              79.296891,
              30.968533
            ],
            [
              79.297386,
              30.968599
            ],
            [
              79.297816,
              30.968566
            ],
            [
              79.298972,
              30.968367
            ],
            [
              79.299995,
              30.9684
            ],
            [
              79.300391,
              30.968235
            ],
            [
              79.300755,
              30.968202
            ],
            [
              79.301217,
              30.967212
            ],
            [
              79.301778,
              30.965725
            ],
            [
              79.302142,
              30.965395
            ],
            [
              79.302703,
              30.964669
            ],
            [
              79.303826,
              30.964041
            ],
            [
              79.304817,
              30.963414
            ],
            [
              79.305444,
              30.963348
            ],
            [
              79.306138,
              30.963216
            ],
            [
              79.307029,
              30.962918
            ],
            [
              79.30802,
              30.962456
            ],
            [
              79.309275,
              30.962027
            ],
            [
              79.309903,
              30.961564
            ],
            [
              79.310299,
              30.961036
            ],
            [
              79.310728,
              30.960342
            ],
            [
              79.311059,
              30.959649
            ],
            [
              79.311488,
              30.959451
            ],
            [
              79.312247,
              30.959253
            ],
            [
              79.312908,
              30.959187
            ],
            [
              79.314757,
              30.959187
            ],
            [
              79.315781,
              30.959021
            ],
            [
              79.31697,
              30.958757
            ],
            [
              79.317861,
              30.959187
            ],
            [
              79.318753,
              30.959781
            ],
            [
              79.32123,
              30.96097
            ],
            [
              79.323211,
              30.961994
            ],
            [
              79.323476,
              30.962687
            ],
            [
              79.324268,
              30.964008
            ],
            [
              79.324698,
              30.965065
            ],
            [
              79.325094,
              30.96556
            ],
            [
              79.325688,
              30.966155
            ],
            [
              79.326745,
              30.966947
            ],
            [
              79.328,
              30.96774
            ],
            [
              79.329156,
              30.9684
            ],
            [
              79.329156,
              30.968797
            ],
            [
              79.329387,
              30.970217
            ],
            [
              79.329255,
              30.970712
            ],
            [
              79.329024,
              30.971108
            ],
            [
              79.32909,
              30.973222
            ],
            [
              79.328958,
              30.974213
            ],
            [
              79.328628,
              30.974939
            ],
            [
              79.328099,
              30.975402
            ],
            [
              79.327406,
              30.975633
            ],
            [
              79.327108,
              30.976822
            ],
            [
              79.326613,
              30.977746
            ],
            [
              79.324863,
              30.979794
            ],
            [
              79.323905,
              30.981082
            ],
            [
              79.323146,
              30.982469
            ],
            [
              79.322716,
              30.983427
            ],
            [
              79.323509,
              30.983922
            ],
            [
              79.324565,
              30.984748
            ],
            [
              79.325457,
              30.985342
            ],
            [
              79.325721,
              30.986102
            ],
            [
              79.325788,
              30.987323
            ],
            [
              79.32592,
              30.988149
            ],
            [
              79.326184,
              30.989008
            ],
            [
              79.326514,
              30.989734
            ],
            [
              79.327075,
              30.990725
            ],
            [
              79.328,
              30.991914
            ],
            [
              79.328826,
              30.992773
            ],
            [
              79.330774,
              30.994226
            ],
            [
              79.330972,
              30.994589
            ],
            [
              79.330939,
              30.995018
            ],
            [
              79.330543,
              30.995514
            ],
            [
              79.330147,
              30.99591
            ],
            [
              79.329915,
              30.996702
            ],
            [
              79.32942,
              30.997627
            ],
            [
              79.328727,
              30.99842
            ],
            [
              79.327901,
              30.998849
            ],
            [
              79.326778,
              30.999179
            ],
            [
              79.325391,
              30.999443
            ],
            [
              79.323839,
              30.999642
            ],
            [
              79.322287,
              30.999906
            ],
            [
              79.320702,
              31.000401
            ],
            [
              79.318885,
              31.000897
            ],
            [
              79.317663,
              31.001392
            ],
            [
              79.316574,
              31.001656
            ],
            [
              79.315187,
              31.002284
            ],
            [
              79.313833,
              31.002812
            ],
            [
              79.312578,
              31.003142
            ],
            [
              79.311389,
              31.003671
            ],
            [
              79.310068,
              31.004133
            ],
            [
              79.308681,
              31.004826
            ],
            [
              79.307723,
              31.005421
            ],
            [
              79.307954,
              31.006346
            ],
            [
              79.308152,
              31.007435
            ],
            [
              79.308417,
              31.010176
            ],
            [
              79.308582,
              31.013578
            ],
            [
              79.308681,
              31.014569
            ],
            [
              79.309539,
              31.015196
            ],
            [
              79.312314,
              31.016352
            ],
            [
              79.313568,
              31.017046
            ],
            [
              79.314493,
              31.017673
            ],
            [
              79.316045,
              31.019159
            ],
            [
              79.31763,
              31.020414
            ],
            [
              79.318324,
              31.021207
            ],
            [
              79.319017,
              31.021834
            ],
            [
              79.319645,
              31.02266
            ],
            [
              79.320537,
              31.023221
            ],
            [
              79.321428,
              31.024014
            ],
            [
              79.322155,
              31.024905
            ],
            [
              79.322716,
              31.025863
            ],
            [
              79.324004,
              31.026028
            ],
            [
              79.328462,
              31.026259
            ],
            [
              79.329057,
              31.02659
            ],
            [
              79.331203,
              31.026854
            ],
            [
              79.33368,
              31.027085
            ],
            [
              79.334968,
              31.027118
            ],
            [
              79.335265,
              31.026986
            ],
            [
              79.336124,
              31.027151
            ],
            [
              79.336752,
              31.027349
            ],
            [
              79.337181,
              31.027679
            ],
            [
              79.33794,
              31.028604
            ],
            [
              79.338403,
              31.028868
            ],
            [
              79.340087,
              31.029
            ],
            [
              79.340648,
              31.029199
            ],
            [
              79.341309,
              31.029562
            ],
            [
              79.342366,
              31.030553
            ],
            [
              79.342894,
              31.03151
            ],
            [
              79.343158,
              31.031642
            ],
            [
              79.345734,
              31.03151
            ],
            [
              79.348376,
              31.03118
            ],
            [
              79.349763,
              31.031081
            ],
            [
              79.352042,
              31.030784
            ],
            [
              79.353495,
              31.03085
            ],
            [
              79.353825,
              31.031345
            ],
            [
              79.354684,
              31.032237
            ],
            [
              79.35551,
              31.032963
            ],
            [
              79.356368,
              31.033492
            ],
            [
              79.358614,
              31.034615
            ],
            [
              79.359506,
              31.035308
            ],
            [
              79.360265,
              31.036134
            ],
            [
              79.360995,
              31.036055
            ],
            [
              79.362351,
              31.03611
            ],
            [
              79.36608,
              31.038113
            ],
            [
              79.366839,
              31.038641
            ],
            [
              79.367334,
              31.039137
            ],
            [
              79.367863,
              31.039962
            ],
            [
              79.368424,
              31.041547
            ],
            [
              79.369415,
              31.045213
            ],
            [
              79.369977,
              31.0466
            ],
            [
              79.370703,
              31.047954
            ],
            [
              79.371991,
              31.049572
            ],
            [
              79.374171,
              31.05162
            ],
            [
              79.375392,
              31.052445
            ],
            [
              79.375954,
              31.052974
            ],
            [
              79.37635,
              31.0537
            ],
            [
              79.377671,
              31.053634
            ],
            [
              79.380809,
              31.054196
            ],
            [
              79.381866,
              31.05479
            ],
            [
              79.383352,
              31.055286
            ],
            [
              79.38454,
              31.055352
            ],
            [
              79.384937,
              31.057465
            ],
            [
              79.385135,
              31.058819
            ],
            [
              79.385168,
              31.05981
            ],
            [
              79.385003,
              31.061197
            ],
            [
              79.38454,
              31.062815
            ],
            [
              79.386324,
              31.064532
            ],
            [
              79.387248,
              31.065556
            ],
            [
              79.388834,
              31.068
            ],
            [
              79.38923,
              31.068363
            ],
            [
              79.390386,
              31.068297
            ],
            [
              79.391674,
              31.068297
            ],
            [
              79.39273,
              31.068528
            ],
            [
              79.39491,
              31.069486
            ],
            [
              79.395504,
              31.069585
            ],
            [
              79.396264,
              31.06942
            ],
            [
              79.397321,
              31.069057
            ],
            [
              79.398477,
              31.068793
            ],
            [
              79.400854,
              31.068495
            ],
            [
              79.402572,
              31.068495
            ],
            [
              79.403562,
              31.068627
            ],
            [
              79.406865,
              31.070047
            ],
            [
              79.408615,
              31.070642
            ],
            [
              79.409738,
              31.071335
            ],
            [
              79.41143,
              31.072093
            ],
            [
              79.412382,
              31.0723409
            ],
            [
              79.413291,
              31.073244
            ],
            [
              79.413753,
              31.073937
            ],
            [
              79.413951,
              31.074697
            ],
            [
              79.414215,
              31.075357
            ],
            [
              79.414744,
              31.076282
            ],
            [
              79.41514,
              31.077273
            ],
            [
              79.415602,
              31.078693
            ],
            [
              79.416626,
              31.081335
            ],
            [
              79.417088,
              31.084076
            ],
            [
              79.417254,
              31.08576
            ],
            [
              79.417254,
              31.087775
            ],
            [
              79.416857,
              31.091969
            ],
            [
              79.416527,
              31.094347
            ],
            [
              79.415866,
              31.098078
            ],
            [
              79.414975,
              31.101645
            ],
            [
              79.414611,
              31.102834
            ],
            [
              79.414149,
              31.103891
            ],
            [
              79.413786,
              31.105013
            ],
            [
              79.413918,
              31.105707
            ],
            [
              79.413852,
              31.106566
            ],
            [
              79.41339,
              31.107127
            ],
            [
              79.412762,
              31.108019
            ],
            [
              79.411937,
              31.108976
            ],
            [
              79.410979,
              31.109835
            ],
            [
              79.409658,
              31.110793
            ],
            [
              79.408766,
              31.11175
            ],
            [
              79.407775,
              31.113501
            ],
            [
              79.406223,
              31.113897
            ],
            [
              79.405398,
              31.114029
            ],
            [
              79.404638,
              31.114227
            ],
            [
              79.4044112,
              31.1143404
            ],
            [
              79.404044,
              31.114524
            ],
            [
              79.403449,
              31.115053
            ],
            [
              79.402954,
              31.115251
            ],
            [
              79.402095,
              31.115317
            ],
            [
              79.399916,
              31.115251
            ],
            [
              79.399189,
              31.115416
            ],
            [
              79.398529,
              31.115713
            ],
            [
              79.398297,
              31.116011
            ],
            [
              79.397901,
              31.115945
            ],
            [
              79.396481,
              31.116044
            ],
            [
              79.395854,
              31.116143
            ],
            [
              79.395457,
              31.116407
            ],
            [
              79.39516,
              31.116836
            ],
            [
              79.394467,
              31.117133
            ],
            [
              79.393674,
              31.117365
            ],
            [
              79.392056,
              31.117464
            ],
            [
              79.3909,
              31.117464
            ],
            [
              79.390008,
              31.117398
            ],
            [
              79.389414,
              31.116902
            ],
            [
              79.388291,
              31.116176
            ],
            [
              79.387366,
              31.115746
            ],
            [
              79.386475,
              31.115515
            ],
            [
              79.385418,
              31.11535
            ],
            [
              79.384526,
              31.11535
            ],
            [
              79.383437,
              31.115548
            ],
            [
              79.382512,
              31.115779
            ],
            [
              79.381092,
              31.115416
            ],
            [
              79.380728,
              31.115251
            ],
            [
              79.37987,
              31.114987
            ],
            [
              79.378945,
              31.114822
            ],
            [
              79.378615,
              31.114128
            ],
            [
              79.378087,
              31.1136
            ],
            [
              79.377459,
              31.113402
            ],
            [
              79.376666,
              31.113468
            ],
            [
              79.375973,
              31.113798
            ],
            [
              79.375544,
              31.114326
            ],
            [
              79.375411,
              31.115218
            ],
            [
              79.375213,
              31.11568
            ],
            [
              79.374883,
              31.115945
            ],
            [
              79.373001,
              31.116341
            ],
            [
              79.370491,
              31.116968
            ],
            [
              79.368297,
              31.117761
            ],
            [
              79.367703,
              31.11819
            ],
            [
              79.367141,
              31.119016
            ],
            [
              79.365589,
              31.122384
            ],
            [
              79.364994,
              31.123837
            ],
            [
              79.364103,
              31.123639
            ],
            [
              79.361791,
              31.123243
            ],
            [
              79.358588,
              31.122979
            ],
            [
              79.356507,
              31.122549
            ],
            [
              79.354196,
              31.122516
            ],
            [
              79.353073,
              31.122351
            ],
            [
              79.352082,
              31.12245
            ],
            [
              79.351356,
              31.123177
            ],
            [
              79.35053,
              31.124167
            ],
            [
              79.349539,
              31.124927
            ],
            [
              79.346303,
              31.126149
            ],
            [
              79.345048,
              31.126545
            ],
            [
              79.342075,
              31.126974
            ],
            [
              79.341613,
              31.127701
            ],
            [
              79.340589,
              31.129055
            ],
            [
              79.339929,
              31.130079
            ],
            [
              79.338608,
              31.132787
            ],
            [
              79.337881,
              31.132853
            ],
            [
              79.335405,
              31.132655
            ],
            [
              79.331144,
              31.132457
            ],
            [
              79.330352,
              31.13249
            ],
            [
              79.328965,
              31.13348
            ],
            [
              79.327611,
              31.134339
            ],
            [
              79.325695,
              31.135429
            ],
            [
              79.323681,
              31.137212
            ],
            [
              79.321237,
              31.138566
            ],
            [
              79.319652,
              31.141175
            ],
            [
              79.319025,
              31.142331
            ],
            [
              79.318232,
              31.143454
            ],
            [
              79.317406,
              31.144279
            ],
            [
              79.316151,
              31.145237
            ],
            [
              79.314137,
              31.146987
            ],
            [
              79.313113,
              31.147549
            ],
            [
              79.312353,
              31.148275
            ],
            [
              79.311462,
              31.149695
            ],
            [
              79.311528,
              31.150554
            ],
            [
              79.311,
              31.151413
            ],
            [
              79.309778,
              31.153989
            ],
            [
              79.309447,
              31.15488
            ],
            [
              79.309282,
              31.155673
            ],
            [
              79.309249,
              31.156531
            ],
            [
              79.308754,
              31.158777
            ],
            [
              79.308721,
              31.159933
            ],
            [
              79.30849,
              31.161155
            ],
            [
              79.308853,
              31.161584
            ],
            [
              79.309051,
              31.162245
            ],
            [
              79.309018,
              31.163136
            ],
            [
              79.308622,
              31.164523
            ],
            [
              79.307829,
              31.165448
            ],
            [
              79.306905,
              31.166175
            ],
            [
              79.306112,
              31.16667
            ],
            [
              79.305551,
              31.167264
            ],
            [
              79.305154,
              31.168123
            ],
            [
              79.304725,
              31.169576
            ],
            [
              79.305881,
              31.170666
            ],
            [
              79.30773,
              31.172185
            ],
            [
              79.308853,
              31.172879
            ],
            [
              79.308622,
              31.175223
            ],
            [
              79.308391,
              31.176544
            ],
            [
              79.307664,
              31.177733
            ],
            [
              79.307202,
              31.178724
            ],
            [
              79.306871,
              31.179682
            ],
            [
              79.306277,
              31.18054
            ],
            [
              79.305782,
              31.181102
            ],
            [
              79.305782,
              31.182258
            ],
            [
              79.305848,
              31.183314
            ],
            [
              79.306277,
              31.184966
            ],
            [
              79.306574,
              31.187046
            ],
            [
              79.306442,
              31.187971
            ],
            [
              79.306244,
              31.1884
            ],
            [
              79.305517,
              31.18873
            ],
            [
              79.30489,
              31.189391
            ],
            [
              79.304824,
              31.189985
            ],
            [
              79.305616,
              31.193717
            ],
            [
              79.306145,
              31.194774
            ],
            [
              79.306277,
              31.195566
            ],
            [
              79.306211,
              31.196425
            ],
            [
              79.306079,
              31.197317
            ],
            [
              79.30565,
              31.197746
            ],
            [
              79.305187,
              31.197977
            ],
            [
              79.304923,
              31.198241
            ],
            [
              79.304923,
              31.198294
            ],
            [
              79.304923,
              31.198803
            ],
            [
              79.304791,
              31.199794
            ],
            [
              79.304361,
              31.202171
            ],
            [
              79.304064,
              31.203129
            ],
            [
              79.303635,
              31.20369
            ],
            [
              79.30347,
              31.204153
            ],
            [
              79.303635,
              31.20478
            ],
            [
              79.303899,
              31.205342
            ],
            [
              79.304692,
              31.206465
            ],
            [
              79.304692,
              31.207059
            ],
            [
              79.304428,
              31.207686
            ],
            [
              79.303932,
              31.208512
            ],
            [
              79.30347,
              31.209965
            ],
            [
              79.303272,
              31.211947
            ],
            [
              79.303107,
              31.21264
            ],
            [
              79.30281,
              31.213499
            ],
            [
              79.30162,
              31.214291
            ],
            [
              79.300266,
              31.215084
            ],
            [
              79.300696,
              31.217032
            ],
            [
              79.300828,
              31.218089
            ],
            [
              79.300861,
              31.219047
            ],
            [
              79.300465,
              31.219245
            ],
            [
              79.299111,
              31.219641
            ],
            [
              79.297426,
              31.220467
            ],
            [
              79.29627,
              31.221227
            ],
            [
              79.294983,
              31.222283
            ],
            [
              79.293365,
              31.224364
            ],
            [
              79.291449,
              31.225289
            ],
            [
              79.290095,
              31.225784
            ],
            [
              79.28884,
              31.226444
            ],
            [
              79.289236,
              31.22694
            ],
            [
              79.289468,
              31.227699
            ],
            [
              79.289633,
              31.228459
            ],
            [
              79.289401,
              31.229152
            ],
            [
              79.288708,
              31.23011
            ],
            [
              79.287981,
              31.230969
            ],
            [
              79.287783,
              31.232059
            ],
            [
              79.286925,
              31.234205
            ],
            [
              79.286528,
              31.235559
            ],
            [
              79.286264,
              31.236154
            ],
            [
              79.285042,
              31.23721
            ],
            [
              79.282697,
              31.238895
            ],
            [
              79.28032,
              31.238267
            ],
            [
              79.279296,
              31.238201
            ],
            [
              79.278305,
              31.238201
            ],
            [
              79.275993,
              31.238564
            ],
            [
              79.272658,
              31.238796
            ],
            [
              79.271568,
              31.23863
            ],
            [
              79.270214,
              31.238333
            ],
            [
              79.266284,
              31.238267
            ],
            [
              79.265128,
              31.238498
            ],
            [
              79.262024,
              31.239522
            ],
            [
              79.260604,
              31.239786
            ],
            [
              79.260175,
              31.240017
            ],
            [
              79.259646,
              31.240744
            ],
            [
              79.258986,
              31.241537
            ],
            [
              79.258292,
              31.241603
            ],
            [
              79.25674,
              31.242131
            ],
            [
              79.25608,
              31.242593
            ],
            [
              79.254627,
              31.244212
            ],
            [
              79.25324,
              31.246028
            ],
            [
              79.252678,
              31.246655
            ],
            [
              79.252084,
              31.247052
            ],
            [
              79.251324,
              31.247349
            ],
            [
              79.250664,
              31.247778
            ],
            [
              79.249574,
              31.248901
            ],
            [
              79.247196,
              31.249396
            ],
            [
              79.245578,
              31.250024
            ],
            [
              79.244389,
              31.25075
            ],
            [
              79.243332,
              31.251609
            ],
            [
              79.242474,
              31.252501
            ],
            [
              79.240954,
              31.253723
            ],
            [
              79.239931,
              31.254812
            ],
            [
              79.239072,
              31.25544
            ],
            [
              79.237619,
              31.256167
            ],
            [
              79.235835,
              31.256794
            ],
            [
              79.233887,
              31.257653
            ],
            [
              79.231972,
              31.258875
            ],
            [
              79.230519,
              31.2597
            ],
            [
              79.229759,
              31.259832
            ],
            [
              79.228075,
              31.259568
            ],
            [
              79.227481,
              31.259865
            ],
            [
              79.226325,
              31.260592
            ],
            [
              79.226721,
              31.261814
            ],
            [
              79.228273,
              31.265314
            ],
            [
              79.229033,
              31.266173
            ],
            [
              79.229924,
              31.267032
            ],
            [
              79.232203,
              31.268947
            ],
            [
              79.233986,
              31.269905
            ],
            [
              79.234878,
              31.270268
            ],
            [
              79.235373,
              31.269607
            ],
            [
              79.236001,
              31.269541
            ],
            [
              79.236859,
              31.269574
            ],
            [
              79.237817,
              31.270103
            ],
            [
              79.238544,
              31.270697
            ],
            [
              79.242209,
              31.272613
            ],
            [
              79.24254,
              31.273075
            ],
            [
              79.242771,
              31.273802
            ],
            [
              79.243233,
              31.274099
            ],
            [
              79.244422,
              31.275023
            ],
            [
              79.245082,
              31.275585
            ],
            [
              79.245578,
              31.276212
            ],
            [
              79.246569,
              31.276939
            ],
            [
              79.246965,
              31.277566
            ],
            [
              79.247064,
              31.278095
            ],
            [
              79.246965,
              31.278722
            ],
            [
              79.246569,
              31.279746
            ],
            [
              79.246569,
              31.280506
            ],
            [
              79.247031,
              31.281265
            ],
            [
              79.248517,
              31.283015
            ],
            [
              79.248946,
              31.283907
            ],
            [
              79.249211,
              31.284667
            ],
            [
              79.24888,
              31.286318
            ],
            [
              79.248913,
              31.287441
            ],
            [
              79.249045,
              31.28863
            ],
            [
              79.249574,
              31.29114
            ],
            [
              79.250201,
              31.293253
            ],
            [
              79.250069,
              31.293649
            ],
            [
              79.24964,
              31.294112
            ],
            [
              79.248814,
              31.294607
            ],
            [
              79.24713,
              31.296027
            ],
            [
              79.246536,
              31.296688
            ],
            [
              79.244422,
              31.297381
            ],
            [
              79.240228,
              31.297943
            ],
            [
              79.239501,
              31.298636
            ],
            [
              79.238841,
              31.299495
            ],
            [
              79.237949,
              31.300452
            ],
            [
              79.236595,
              31.301245
            ],
            [
              79.232963,
              31.302467
            ],
            [
              79.231774,
              31.302929
            ],
            [
              79.228967,
              31.303689
            ],
            [
              79.228537,
              31.304448
            ],
            [
              79.22791,
              31.306034
            ],
            [
              79.227513,
              31.307189
            ],
            [
              79.227282,
              31.308246
            ],
            [
              79.22682,
              31.308874
            ],
            [
              79.226457,
              31.309864
            ],
            [
              79.225895,
              31.311119
            ],
            [
              79.225367,
              31.311582
            ],
            [
              79.224211,
              31.311879
            ],
            [
              79.223451,
              31.312143
            ],
            [
              79.222593,
              31.312969
            ],
            [
              79.221767,
              31.314125
            ],
            [
              79.221008,
              31.315016
            ],
            [
              79.220248,
              31.316502
            ],
            [
              79.220942,
              31.316899
            ],
            [
              79.22147,
              31.317658
            ],
            [
              79.222262,
              31.319309
            ],
            [
              79.22256,
              31.320399
            ],
            [
              79.222626,
              31.321357
            ],
            [
              79.22256,
              31.322216
            ],
            [
              79.222659,
              31.323041
            ],
            [
              79.223022,
              31.324098
            ],
            [
              79.223319,
              31.324593
            ],
            [
              79.223584,
              31.325287
            ],
            [
              79.223914,
              31.326377
            ],
            [
              79.224343,
              31.326674
            ],
            [
              79.225268,
              31.327169
            ],
            [
              79.225994,
              31.327698
            ],
            [
              79.22715,
              31.328986
            ],
            [
              79.227613,
              31.329745
            ],
            [
              79.22824,
              31.330175
            ],
            [
              79.22933,
              31.330274
            ],
            [
              79.229957,
              31.330274
            ],
            [
              79.230618,
              31.330604
            ],
            [
              79.231774,
              31.331694
            ],
            [
              79.233986,
              31.332552
            ],
            [
              79.235241,
              31.33351
            ],
            [
              79.236496,
              31.334996
            ],
            [
              79.235538,
              31.335161
            ],
            [
              79.232863,
              31.335921
            ],
            [
              79.232104,
              31.33635
            ],
            [
              79.231245,
              31.337242
            ],
            [
              79.229924,
              31.339421
            ],
            [
              79.228867,
              31.340907
            ],
            [
              79.2287314,
              31.3409991
            ],
            [
              79.227943,
              31.341535
            ],
            [
              79.226589,
              31.34279
            ],
            [
              79.2254,
              31.344639
            ],
            [
              79.224442,
              31.345564
            ],
            [
              79.223286,
              31.346191
            ],
            [
              79.222031,
              31.346489
            ],
            [
              79.220512,
              31.346786
            ],
            [
              79.21939,
              31.347182
            ],
            [
              79.217969,
              31.347611
            ],
            [
              79.215856,
              31.348833
            ],
            [
              79.215294,
              31.349428
            ],
            [
              79.214964,
              31.350187
            ],
            [
              79.214832,
              31.350914
            ],
            [
              79.214072,
              31.352433
            ],
            [
              79.213412,
              31.353985
            ],
            [
              79.212058,
              31.353952
            ],
            [
              79.211067,
              31.353853
            ],
            [
              79.208722,
              31.353259
            ],
            [
              79.207303,
              31.352994
            ],
            [
              79.205916,
              31.352796
            ],
            [
              79.204033,
              31.352961
            ],
            [
              79.202778,
              31.353226
            ],
            [
              79.200103,
              31.354481
            ],
            [
              79.198881,
              31.35491
            ],
            [
              79.19756,
              31.355174
            ],
            [
              79.196503,
              31.355207
            ],
            [
              79.194819,
              31.355075
            ],
            [
              79.193366,
              31.354877
            ],
            [
              79.192276,
              31.354877
            ],
            [
              79.191121,
              31.355471
            ],
            [
              79.190229,
              31.356099
            ],
            [
              79.18937,
              31.356462
            ],
            [
              79.188082,
              31.356759
            ],
            [
              79.187257,
              31.357387
            ],
            [
              79.186233,
              31.357915
            ],
            [
              79.183921,
              31.359005
            ],
            [
              79.182699,
              31.359864
            ],
            [
              79.181246,
              31.36059
            ],
            [
              79.180751,
              31.36026
            ],
            [
              79.177613,
              31.360194
            ],
            [
              79.176259,
              31.360392
            ],
            [
              79.174509,
              31.360953
            ],
            [
              79.173882,
              31.361515
            ],
            [
              79.172561,
              31.362109
            ],
            [
              79.170612,
              31.363133
            ],
            [
              79.17048,
              31.364586
            ],
            [
              79.169324,
              31.368912
            ],
            [
              79.168961,
              31.370464
            ],
            [
              79.168697,
              31.372281
            ],
            [
              79.168664,
              31.374394
            ],
            [
              79.169423,
              31.37522
            ],
            [
              79.170777,
              31.377466
            ],
            [
              79.172197,
              31.378919
            ],
            [
              79.172957,
              31.380075
            ],
            [
              79.173584,
              31.381296
            ],
            [
              79.174707,
              31.38275
            ],
            [
              79.176259,
              31.384203
            ],
            [
              79.17725,
              31.385491
            ],
            [
              79.176755,
              31.386217
            ],
            [
              79.17616,
              31.387373
            ],
            [
              79.175665,
              31.388628
            ],
            [
              79.172693,
              31.391468
            ],
            [
              79.171504,
              31.393615
            ],
            [
              79.171405,
              31.395002
            ],
            [
              79.171603,
              31.397016
            ],
            [
              79.171405,
              31.397974
            ],
            [
              79.170909,
              31.399064
            ],
            [
              79.169027,
              31.398139
            ],
            [
              79.167673,
              31.397677
            ],
            [
              79.165361,
              31.397445
            ],
            [
              79.163248,
              31.39979
            ],
            [
              79.160936,
              31.402036
            ],
            [
              79.159615,
              31.403819
            ],
            [
              79.157766,
              31.405801
            ],
            [
              79.155982,
              31.407584
            ],
            [
              79.154661,
              31.40907
            ],
            [
              79.153737,
              31.41049
            ],
            [
              79.152944,
              31.411877
            ],
            [
              79.152449,
              31.413198
            ],
            [
              79.15192,
              31.415972
            ],
            [
              79.15126,
              31.417557
            ],
            [
              79.150467,
              31.418581
            ],
            [
              79.149113,
              31.419836
            ],
            [
              79.147726,
              31.421289
            ],
            [
              79.147099,
              31.421752
            ],
            [
              79.144424,
              31.423238
            ],
            [
              79.14373,
              31.424261
            ],
            [
              79.143004,
              31.425979
            ],
            [
              79.142706,
              31.427366
            ],
            [
              79.142343,
              31.432088
            ],
            [
              79.141352,
              31.432385
            ],
            [
              79.139965,
              31.432947
            ],
            [
              79.137092,
              31.434433
            ],
            [
              79.1363,
              31.435424
            ],
            [
              79.133526,
              31.436613
            ],
            [
              79.128737,
              31.438858
            ],
            [
              79.125963,
              31.439387
            ],
            [
              79.123783,
              31.439486
            ],
            [
              79.12167,
              31.439783
            ],
            [
              79.118929,
              31.440377
            ],
            [
              79.118169,
              31.440675
            ],
            [
              79.117277,
              31.441269
            ],
            [
              79.116287,
              31.442095
            ],
            [
              79.115098,
              31.442854
            ],
            [
              79.114206,
              31.44325
            ],
            [
              79.11305,
              31.443482
            ],
            [
              79.112027,
              31.443746
            ],
            [
              79.109121,
              31.444902
            ],
            [
              79.108493,
              31.445397
            ],
            [
              79.107832,
              31.445661
            ],
            [
              79.107469,
              31.44619
            ],
            [
              79.106842,
              31.447247
            ],
            [
              79.106379,
              31.448303
            ],
            [
              79.106148,
              31.449789
            ],
            [
              79.10562,
              31.449955
            ],
            [
              79.105091,
              31.450351
            ],
            [
              79.103011,
              31.451441
            ],
            [
              79.100963,
              31.452299
            ],
            [
              79.100468,
              31.452696
            ],
            [
              79.100204,
              31.453554
            ],
            [
              79.099444,
              31.454512
            ],
            [
              79.099114,
              31.454677
            ],
            [
              79.098123,
              31.454446
            ],
            [
              79.097199,
              31.454116
            ],
            [
              79.094326,
              31.452696
            ],
            [
              79.092939,
              31.452068
            ],
            [
              79.09165,
              31.451837
            ],
            [
              79.089702,
              31.451606
            ],
            [
              79.087753,
              31.451143
            ],
            [
              79.086036,
              31.450417
            ],
            [
              79.084215,
              31.450991
            ],
            [
              79.081771,
              31.452345
            ],
            [
              79.081011,
              31.453071
            ],
            [
              79.080285,
              31.453996
            ],
            [
              79.079889,
              31.454789
            ],
            [
              79.079657,
              31.45677
            ],
            [
              79.078964,
              31.457563
            ],
            [
              79.078204,
              31.457629
            ],
            [
              79.077082,
              31.457827
            ],
            [
              79.075166,
              31.459016
            ],
            [
              79.073449,
              31.455779
            ],
            [
              79.072821,
              31.454855
            ],
            [
              79.071831,
              31.453864
            ],
            [
              79.07051,
              31.452972
            ],
            [
              79.069552,
              31.451751
            ],
            [
              79.068627,
              31.450165
            ],
            [
              79.068462,
              31.448745
            ],
            [
              79.068561,
              31.447688
            ],
            [
              79.069156,
              31.445014
            ],
            [
              79.069816,
              31.4429
            ],
            [
              79.068925,
              31.440819
            ],
            [
              79.068,
              31.439432
            ],
            [
              79.066646,
              31.437814
            ],
            [
              79.065358,
              31.436031
            ],
            [
              79.06516,
              31.435304
            ],
            [
              79.064433,
              31.435007
            ],
            [
              79.063277,
              31.434611
            ],
            [
              79.062188,
              31.433785
            ],
            [
              79.061659,
              31.432563
            ],
            [
              79.060767,
              31.429558
            ],
            [
              79.058951,
              31.429855
            ],
            [
              79.057432,
              31.429855
            ],
            [
              79.05446,
              31.429492
            ],
            [
              79.053667,
              31.428898
            ],
            [
              79.053007,
              31.428699
            ],
            [
              79.052214,
              31.428072
            ],
            [
              79.051521,
              31.427246
            ],
            [
              79.050596,
              31.426718
            ],
            [
              79.050167,
              31.426057
            ],
            [
              79.049737,
              31.425628
            ],
            [
              79.04868,
              31.427114
            ],
            [
              79.044783,
              31.43329
            ],
            [
              79.042802,
              31.432563
            ],
            [
              79.041646,
              31.432431
            ],
            [
              79.037122,
              31.433224
            ],
            [
              79.033819,
              31.431903
            ],
            [
              79.032763,
              31.430978
            ],
            [
              79.030946,
              31.430516
            ],
            [
              79.029031,
              31.430252
            ],
            [
              79.026983,
              31.430219
            ],
            [
              79.025894,
              31.430086
            ],
            [
              79.025266,
              31.429723
            ],
            [
              79.02411,
              31.428666
            ],
            [
              79.023945,
              31.428006
            ],
            [
              79.023912,
              31.427312
            ],
            [
              79.024209,
              31.426388
            ],
            [
              79.023747,
              31.425991
            ],
            [
              79.023318,
              31.425958
            ],
            [
              79.022789,
              31.425991
            ],
            [
              79.022228,
              31.42619
            ],
            [
              79.021765,
              31.426652
            ],
            [
              79.021369,
              31.426817
            ],
            [
              79.02018,
              31.426751
            ],
            [
              79.019322,
              31.426883
            ],
            [
              79.018892,
              31.426718
            ],
            [
              79.018793,
              31.425067
            ],
            [
              79.018529,
              31.424307
            ],
            [
              79.0181,
              31.423548
            ],
            [
              79.017571,
              31.422953
            ],
            [
              79.017439,
              31.421236
            ],
            [
              79.017142,
              31.420311
            ],
            [
              79.016581,
              31.419122
            ],
            [
              79.016283,
              31.418066
            ],
            [
              79.016217,
              31.41724
            ],
            [
              79.01625,
              31.416414
            ],
            [
              79.016449,
              31.415192
            ],
            [
              79.016415,
              31.414334
            ],
            [
              79.015953,
              31.412583
            ],
            [
              79.015788,
              31.411295
            ],
            [
              79.016052,
              31.410305
            ],
            [
              79.016415,
              31.40829
            ],
            [
              79.01668,
              31.407266
            ],
            [
              79.016647,
              31.406606
            ],
            [
              79.016151,
              31.405417
            ],
            [
              79.016085,
              31.404162
            ],
            [
              79.016184,
              31.403171
            ],
            [
              79.016449,
              31.402148
            ],
            [
              79.016614,
              31.400364
            ],
            [
              79.016911,
              31.399341
            ],
            [
              79.017043,
              31.396699
            ],
            [
              79.017208,
              31.396203
            ],
            [
              79.017043,
              31.394552
            ],
            [
              79.017076,
              31.393858
            ],
            [
              79.017274,
              31.393231
            ],
            [
              79.017704,
              31.392967
            ],
            [
              79.017968,
              31.392537
            ],
            [
              79.018067,
              31.391646
            ],
            [
              79.018034,
              31.390985
            ],
            [
              79.016548,
              31.388575
            ],
            [
              79.016283,
              31.387584
            ],
            [
              79.015689,
              31.386626
            ],
            [
              79.01483,
              31.385767
            ],
            [
              79.013741,
              31.385041
            ],
            [
              79.012585,
              31.38448
            ],
            [
              79.011528,
              31.384149
            ],
            [
              79.011297,
              31.383522
            ],
            [
              79.010933,
              31.383126
            ],
            [
              79.010504,
              31.382993
            ],
            [
              79.010108,
              31.382168
            ],
            [
              79.010768,
              31.376289
            ],
            [
              79.011561,
              31.371105
            ],
            [
              79.012948,
              31.369519
            ],
            [
              79.014005,
              31.368099
            ],
            [
              79.014071,
              31.367208
            ],
            [
              79.014038,
              31.366613
            ],
            [
              79.014236,
              31.366085
            ],
            [
              79.014764,
              31.365821
            ],
            [
              79.015062,
              31.365523
            ],
            [
              79.015028,
              31.365259
            ],
            [
              79.015326,
              31.36483
            ],
            [
              79.015425,
              31.364335
            ],
            [
              79.015491,
              31.363608
            ],
            [
              79.015986,
              31.362683
            ],
            [
              79.01668,
              31.361957
            ],
            [
              79.017472,
              31.361329
            ],
            [
              79.017836,
              31.360273
            ],
            [
              79.018265,
              31.358753
            ],
            [
              79.018959,
              31.357895
            ],
            [
              79.01843,
              31.357003
            ],
            [
              79.018199,
              31.35588
            ],
            [
              79.018133,
              31.35479
            ],
            [
              79.018694,
              31.349011
            ],
            [
              79.017968,
              31.348813
            ],
            [
              79.017274,
              31.348549
            ],
            [
              79.01635,
              31.347954
            ],
            [
              79.015689,
              31.347723
            ],
            [
              79.014368,
              31.347525
            ],
            [
              79.013278,
              31.347162
            ],
            [
              79.011957,
              31.346105
            ],
            [
              79.009943,
              31.345544
            ],
            [
              79.008225,
              31.344421
            ],
            [
              79.007268,
              31.343958
            ],
            [
              79.002512,
              31.342637
            ],
            [
              79.000465,
              31.341845
            ],
            [
              78.999837,
              31.342373
            ],
            [
              78.99888,
              31.34277
            ],
            [
              78.995313,
              31.343859
            ],
            [
              78.994223,
              31.344256
            ],
            [
              78.993001,
              31.345048
            ],
            [
              78.99234,
              31.345279
            ],
            [
              78.991746,
              31.345742
            ],
            [
              78.991284,
              31.345907
            ],
            [
              78.99069,
              31.345973
            ],
            [
              78.990359,
              31.346105
            ],
            [
              78.989864,
              31.346567
            ],
            [
              78.989137,
              31.347129
            ],
            [
              78.987651,
              31.347954
            ],
            [
              78.987222,
              31.348516
            ],
            [
              78.986528,
              31.349969
            ],
            [
              78.987552,
              31.350695
            ],
            [
              78.988873,
              31.351752
            ],
            [
              78.989203,
              31.352215
            ],
            [
              78.989368,
              31.353866
            ],
            [
              78.989401,
              31.354956
            ],
            [
              78.989203,
              31.356211
            ],
            [
              78.986892,
              31.357499
            ],
            [
              78.985604,
              31.358423
            ],
            [
              78.98458,
              31.358985
            ],
            [
              78.983391,
              31.359744
            ],
            [
              78.982499,
              31.36024
            ],
            [
              78.981872,
              31.361032
            ],
            [
              78.981145,
              31.36156
            ],
            [
              78.980188,
              31.362981
            ],
            [
              78.979362,
              31.363938
            ],
            [
              78.978603,
              31.36341
            ],
            [
              78.978074,
              31.362551
            ],
            [
              78.977381,
              31.361957
            ],
            [
              78.97672,
              31.360768
            ],
            [
              78.975729,
              31.360008
            ],
            [
              78.974607,
              31.359282
            ],
            [
              78.972526,
              31.358159
            ],
            [
              78.9697289,
              31.3569773
            ],
            [
              78.968266,
              31.357135
            ],
            [
              78.9671945,
              31.3547731
            ],
            [
              78.9656496,
              31.3518412
            ],
            [
              78.9626883,
              31.3430817
            ],
            [
              78.95977,
              31.3320853
            ],
            [
              78.9594267,
              31.3266599
            ],
            [
              78.9625166,
              31.3169814
            ],
            [
              78.9717863,
              31.3065686
            ],
            [
              78.9760779,
              31.2968881
            ],
            [
              78.9700695,
              31.28706
            ],
            [
              78.9529774,
              31.2806339
            ],
            [
              78.9295544,
              31.262438
            ],
            [
              78.9285277,
              31.2559547
            ],
            [
              78.9239787,
              31.2522126
            ],
            [
              78.919146,
              31.248802
            ]
          ]
        ]
      },
      "id": "relation/2713675"
    },
    {
      "type": "Feature",
      "properties": {
        "@id": "relation/3014915",
        "boundary": "protected_area",
        "leisure": "nature_reserve",
        "name": "Kedarnath WLS",
        "name:en": "Kedarnath Wildlife Sanctuary",
        "name:hi": "केदारनाथ वन्य जीव प्रभा",
        "protect_class": "4",
        "source": "http://thdc.gov.in/writereaddata/english/pdf/EIA-Addendum.pdf",
        "type": "boundary",
        "wikidata": "Q6382549",
        "wikipedia": "en:Kedarnath Wildlife Sanctuary"
      },
      "geometry": {
        "type": "Polygon",
        "coordinates": [
          [
            [
              78.9580672,
              30.7337935
            ],
            [
              78.9556364,
              30.7330304
            ],
            [
              78.9524567,
              30.7328719
            ],
            [
              78.9522363,
              30.7322165
            ],
            [
              78.951638,
              30.7306562
            ],
            [
              78.9499321,
              30.728687
            ],
            [
              78.9490592,
              30.7264657
            ],
            [
              78.9481426,
              30.7239338
            ],
            [
              78.9465076,
              30.7224461
            ],
            [
              78.9436494,
              30.721153
            ],
            [
              78.9340346,
              30.7210663
            ],
            [
              78.9267239,
              30.7190997
            ],
            [
              78.9175848,
              30.6953493
            ],
            [
              78.9083302,
              30.6667186
            ],
            [
              78.9085668,
              30.6335247
            ],
            [
              78.9093089,
              30.6294677
            ],
            [
              78.9092997,
              30.6287938
            ],
            [
              78.9132903,
              30.6244631
            ],
            [
              78.9424236,
              30.5928413
            ],
            [
              78.9476745,
              30.6009211
            ],
            [
              78.9555795,
              30.6055601
            ],
            [
              78.9640832,
              30.6079311
            ],
            [
              78.9705509,
              30.6145282
            ],
            [
              78.9759406,
              30.6172082
            ],
            [
              78.9869596,
              30.6188574
            ],
            [
              78.9915109,
              30.6238047
            ],
            [
              78.986241,
              30.6327712
            ],
            [
              78.9789349,
              30.6424581
            ],
            [
              78.9800129,
              30.6452403
            ],
            [
              78.987186,
              30.6428442
            ],
            [
              78.9870965,
              30.6423429
            ],
            [
              78.9871968,
              30.641942
            ],
            [
              78.9879548,
              30.6417337
            ],
            [
              78.9884376,
              30.6413275
            ],
            [
              78.9896393,
              30.6412721
            ],
            [
              78.9900362,
              30.641189
            ],
            [
              78.9899397,
              30.6408106
            ],
            [
              78.9893877,
              30.6399993
            ],
            [
              78.9892094,
              30.6390151
            ],
            [
              78.9897319,
              30.638352
            ],
            [
              78.990214,
              30.6383094
            ],
            [
              78.9909112,
              30.6391087
            ],
            [
              78.9924271,
              30.6402289
            ],
            [
              78.9938685,
              30.641333
            ],
            [
              78.9956075,
              30.641213
            ],
            [
              78.9966583,
              30.6420131
            ],
            [
              78.9979231,
              30.6416531
            ],
            [
              78.9988073,
              30.641303
            ],
            [
              78.999145,
              30.6410321
            ],
            [
              78.9992512,
              30.6407441
            ],
            [
              78.999079,
              30.6402175
            ],
            [
              78.9985894,
              30.6399235
            ],
            [
              78.9979756,
              30.6396106
            ],
            [
              78.9977894,
              30.6392064
            ],
            [
              78.9978932,
              30.6386783
            ],
            [
              78.9984155,
              30.6379767
            ],
            [
              78.9984146,
              30.637543
            ],
            [
              78.9977013,
              30.6372666
            ],
            [
              78.9974509,
              30.6371053
            ],
            [
              78.9974509,
              30.6367532
            ],
            [
              78.9976888,
              30.6360792
            ],
            [
              78.9979863,
              30.6357519
            ],
            [
              78.9991555,
              30.6355355
            ],
            [
              79.0000893,
              30.6352639
            ],
            [
              79.0003637,
              30.6351329
            ],
            [
              79.0004714,
              30.6348282
            ],
            [
              78.9999129,
              30.6339911
            ],
            [
              79.0002877,
              30.6333178
            ],
            [
              79.0002811,
              30.63295
            ],
            [
              78.9999326,
              30.6324125
            ],
            [
              78.9995315,
              30.631428
            ],
            [
              78.9989185,
              30.6306829
            ],
            [
              78.9989906,
              30.6300376
            ],
            [
              78.9999129,
              30.6295324
            ],
            [
              79.0009011,
              30.6295128
            ],
            [
              79.0014977,
              30.6291137
            ],
            [
              79.001768,
              30.6287346
            ],
            [
              79.001787,
              30.6281801
            ],
            [
              79.0010326,
              30.6272167
            ],
            [
              79.0007809,
              30.6267146
            ],
            [
              79.000919,
              30.6262166
            ],
            [
              79.0014109,
              30.6259042
            ],
            [
              79.0023393,
              30.6255489
            ],
            [
              79.0037645,
              30.6254554
            ],
            [
              79.0049676,
              30.6258176
            ],
            [
              79.0051257,
              30.6265928
            ],
            [
              79.0050354,
              30.6268787
            ],
            [
              79.0049236,
              30.6271446
            ],
            [
              79.0049021,
              30.6280527
            ],
            [
              79.0051669,
              30.6282933
            ],
            [
              79.0054957,
              30.628352
            ],
            [
              79.0061138,
              30.6283216
            ],
            [
              79.0066907,
              30.628064
            ],
            [
              79.0074255,
              30.6271658
            ],
            [
              79.0081011,
              30.6268405
            ],
            [
              79.0087687,
              30.6264004
            ],
            [
              79.0101363,
              30.6261219
            ],
            [
              79.0106456,
              30.6258872
            ],
            [
              79.0105573,
              30.6255403
            ],
            [
              79.0100838,
              30.6249292
            ],
            [
              79.0101306,
              30.6242623
            ],
            [
              79.0113201,
              30.6236503
            ],
            [
              79.0115586,
              30.6231151
            ],
            [
              79.0115831,
              30.6218509
            ],
            [
              79.0120189,
              30.6211602
            ],
            [
              79.0142117,
              30.6197543
            ],
            [
              79.0152804,
              30.6185011
            ],
            [
              79.0165888,
              30.6174388
            ],
            [
              79.0192659,
              30.6160487
            ],
            [
              79.0195202,
              30.6155187
            ],
            [
              79.020104,
              30.6143016
            ],
            [
              79.0209453,
              30.6137737
            ],
            [
              79.0209999,
              30.6120988
            ],
            [
              79.021781,
              30.6108342
            ],
            [
              79.0225622,
              30.6104501
            ],
            [
              79.0244934,
              30.6075466
            ],
            [
              79.0257581,
              30.6046972
            ],
            [
              79.0269534,
              30.6029884
            ],
            [
              79.0276924,
              30.6016876
            ],
            [
              79.0293478,
              30.6009992
            ],
            [
              79.0298802,
              30.6006491
            ],
            [
              79.0294593,
              30.5995264
            ],
            [
              79.0297,
              30.5988513
            ],
            [
              79.0303521,
              30.5978935
            ],
            [
              79.0303665,
              30.5971213
            ],
            [
              79.0298871,
              30.5962125
            ],
            [
              79.0301549,
              30.5954121
            ],
            [
              79.0325096,
              30.5947396
            ],
            [
              79.033189,
              30.5942017
            ],
            [
              79.0331791,
              30.5936509
            ],
            [
              79.0325332,
              30.5928028
            ],
            [
              79.0324466,
              30.5917587
            ],
            [
              79.0325352,
              30.5915359
            ],
            [
              79.0326045,
              30.5913615
            ],
            [
              79.0331503,
              30.5909484
            ],
            [
              79.0338833,
              30.5909838
            ],
            [
              79.0343703,
              30.5911014
            ],
            [
              79.0346458,
              30.5911679
            ],
            [
              79.0357081,
              30.5912415
            ],
            [
              79.0361695,
              30.5909644
            ],
            [
              79.0361541,
              30.5905216
            ],
            [
              79.0355855,
              30.5897042
            ],
            [
              79.0356814,
              30.5892742
            ],
            [
              79.0381114,
              30.5882121
            ],
            [
              79.0396564,
              30.587621
            ],
            [
              79.040858,
              30.5851088
            ],
            [
              79.0441196,
              30.5842222
            ],
            [
              79.0446598,
              30.583409
            ],
            [
              79.0439233,
              30.5821862
            ],
            [
              79.0442912,
              30.5817099
            ],
            [
              79.0452384,
              30.5814502
            ],
            [
              79.0487544,
              30.5817099
            ],
            [
              79.0499702,
              30.581891
            ],
            [
              79.0512914,
              30.5813916
            ],
            [
              79.0516069,
              30.5805941
            ],
            [
              79.0518313,
              30.5802337
            ],
            [
              79.0527508,
              30.5801217
            ],
            [
              79.0544192,
              30.5805276
            ],
            [
              79.0558847,
              30.5808823
            ],
            [
              79.0567403,
              30.5817469
            ],
            [
              79.0575091,
              30.5821532
            ],
            [
              79.0592258,
              30.5820054
            ],
            [
              79.0600137,
              30.5812586
            ],
            [
              79.0599858,
              30.5802338
            ],
            [
              79.0600841,
              30.5799364
            ],
            [
              79.0608878,
              30.5794012
            ],
            [
              79.0629151,
              30.579233
            ],
            [
              79.0638106,
              30.5787485
            ],
            [
              79.0638938,
              30.578335
            ],
            [
              79.0628736,
              30.5778027
            ],
            [
              79.0625846,
              30.5775215
            ],
            [
              79.0624452,
              30.5769396
            ],
            [
              79.0629509,
              30.5765424
            ],
            [
              79.0649424,
              30.5762227
            ],
            [
              79.0662317,
              30.5750686
            ],
            [
              79.066278,
              30.5747347
            ],
            [
              79.0659997,
              30.5744717
            ],
            [
              79.0649424,
              30.5731001
            ],
            [
              79.0647304,
              30.5725612
            ],
            [
              79.06505,
              30.5720541
            ],
            [
              79.0657887,
              30.571811
            ],
            [
              79.066562,
              30.571272
            ],
            [
              79.0672115,
              30.5705699
            ],
            [
              79.0671337,
              30.5697437
            ],
            [
              79.0673904,
              30.5692675
            ],
            [
              79.0679276,
              30.5691063
            ],
            [
              79.0685606,
              30.5697622
            ],
            [
              79.069612,
              30.5695405
            ],
            [
              79.0703515,
              30.5689626
            ],
            [
              79.0703837,
              30.5685562
            ],
            [
              79.0672938,
              30.5651566
            ],
            [
              79.0670693,
              30.5643396
            ],
            [
              79.0679812,
              30.5635174
            ],
            [
              79.0693967,
              30.5632813
            ],
            [
              79.0697837,
              30.5627136
            ],
            [
              79.0695155,
              30.5621778
            ],
            [
              79.0687966,
              30.5615773
            ],
            [
              79.0687108,
              30.5611246
            ],
            [
              79.0693538,
              30.5604266
            ],
            [
              79.0694404,
              30.5597666
            ],
            [
              79.0688074,
              30.5592215
            ],
            [
              79.0675735,
              30.5587318
            ],
            [
              79.0675514,
              30.5582832
            ],
            [
              79.0700404,
              30.5570268
            ],
            [
              79.0719294,
              30.5565145
            ],
            [
              79.0741603,
              30.5567311
            ],
            [
              79.0761452,
              30.5575534
            ],
            [
              79.0764745,
              30.5610556
            ],
            [
              79.0749175,
              30.5716779
            ],
            [
              79.071442,
              30.5771445
            ],
            [
              79.0624647,
              30.5928927
            ],
            [
              79.0639892,
              30.5966836
            ],
            [
              79.0716114,
              30.598579
            ],
            [
              79.0773704,
              30.5912888
            ],
            [
              79.0783867,
              30.5812276
            ],
            [
              79.0800805,
              30.5682485
            ],
            [
              79.08296,
              30.5628521
            ],
            [
              79.1000677,
              30.5573097
            ],
            [
              79.1085368,
              30.5573097
            ],
            [
              79.1224262,
              30.5737903
            ],
            [
              79.1295403,
              30.574957
            ],
            [
              79.1376706,
              30.5679568
            ],
            [
              79.1349605,
              30.5578931
            ],
            [
              79.128524,
              30.5444732
            ],
            [
              79.1197161,
              30.5382003
            ],
            [
              79.1039635,
              30.5287171
            ],
            [
              79.0976963,
              30.5186493
            ],
            [
              79.0980365,
              30.5157191
            ],
            [
              79.0992208,
              30.5055159
            ],
            [
              79.1065042,
              30.5023053
            ],
            [
              79.1181916,
              30.5033269
            ],
            [
              79.1219767,
              30.5056467
            ],
            [
              79.1346217,
              30.5133962
            ],
            [
              79.1483417,
              30.5164606
            ],
            [
              79.160876,
              30.5141258
            ],
            [
              79.1788306,
              30.5042025
            ],
            [
              79.1800163,
              30.5001161
            ],
            [
              79.1735797,
              30.4970512
            ],
            [
              79.1707002,
              30.4931105
            ],
            [
              79.1779837,
              30.4897535
            ],
            [
              79.1839121,
              30.483185
            ],
            [
              79.1925506,
              30.4865423
            ],
            [
              79.1944138,
              30.4936943
            ],
            [
              79.1976321,
              30.4960296
            ],
            [
              79.202036,
              30.4931105
            ],
            [
              79.204238,
              30.4856665
            ],
            [
              79.207795,
              30.4839149
            ],
            [
              79.2166029,
              30.4789518
            ],
            [
              79.2225313,
              30.4731126
            ],
            [
              79.2291372,
              30.4696089
            ],
            [
              79.2420103,
              30.4643531
            ],
            [
              79.2479387,
              30.4697549
            ],
            [
              79.2552222,
              30.4699009
            ],
            [
              79.2597955,
              30.4682949
            ],
            [
              79.2674177,
              30.4653751
            ],
            [
              79.2743624,
              30.4687329
            ],
            [
              79.2807989,
              30.4738425
            ],
            [
              79.29147,
              30.4719447
            ],
            [
              79.2933332,
              30.4685869
            ],
            [
              79.2870661,
              30.4582209
            ],
            [
              79.285711,
              30.4557388
            ],
            [
              79.2887599,
              30.443473
            ],
            [
              79.2935026,
              30.4402603
            ],
            [
              79.3072564,
              30.4411899
            ],
            [
              79.3184626,
              30.4456906
            ],
            [
              79.3316177,
              30.4524561
            ],
            [
              79.3428382,
              30.4523577
            ],
            [
              79.3533781,
              30.444717
            ],
            [
              79.3628401,
              30.4444072
            ],
            [
              79.3740986,
              30.4409996
            ],
            [
              79.3889503,
              30.4297435
            ],
            [
              79.3998495,
              30.429537
            ],
            [
              79.4114673,
              30.4365593
            ],
            [
              79.412665,
              30.4416192
            ],
            [
              79.406916,
              30.4468853
            ],
            [
              79.4045206,
              30.4592752
            ],
            [
              79.4075149,
              30.4660889
            ],
            [
              79.4142221,
              30.4753796
            ],
            [
              79.4153,
              30.4848758
            ],
            [
              79.4058381,
              30.4958159
            ],
            [
              79.4015263,
              30.4998408
            ],
            [
              79.3822431,
              30.4971576
            ],
            [
              79.3737393,
              30.499944
            ],
            [
              79.376494,
              30.5060325
            ],
            [
              79.3799674,
              30.5080963
            ],
            [
              79.3999693,
              30.5096442
            ],
            [
              79.4154198,
              30.5072708
            ],
            [
              79.4180548,
              30.5019047
            ],
            [
              79.4272772,
              30.4900364
            ],
            [
              79.4367391,
              30.4880754
            ],
            [
              79.4378171,
              30.5072708
            ],
            [
              79.4284749,
              30.5127398
            ],
            [
              79.4267981,
              30.5283195
            ],
            [
              79.4178152,
              30.5372947
            ],
            [
              79.3911062,
              30.5470944
            ],
            [
              79.3882316,
              30.5597808
            ],
            [
              79.3900282,
              30.5747343
            ],
            [
              79.3981727,
              30.5923661
            ],
            [
              79.3929027,
              30.6023663
            ],
            [
              79.3826024,
              30.614324
            ],
            [
              79.3689563,
              30.6164783
            ],
            [
              79.3497929,
              30.6113244
            ],
            [
              79.3479683,
              30.6108673
            ],
            [
              79.3463666,
              30.6121694
            ],
            [
              79.3457979,
              30.6151842
            ],
            [
              79.3464591,
              30.6173496
            ],
            [
              79.3471792,
              30.6192716
            ],
            [
              79.3462301,
              30.6220266
            ],
            [
              79.3452178,
              30.6244456
            ],
            [
              79.3491093,
              30.6242277
            ],
            [
              79.3541226,
              30.6253637
            ],
            [
              79.3539272,
              30.6268141
            ],
            [
              79.3548707,
              30.6292266
            ],
            [
              79.3552759,
              30.6304588
            ],
            [
              79.3559822,
              30.6346328
            ],
            [
              79.3546354,
              30.6386988
            ],
            [
              79.356316,
              30.641717
            ],
            [
              79.3563852,
              30.6472734
            ],
            [
              79.3539192,
              30.6469639
            ],
            [
              79.3510338,
              30.6475662
            ],
            [
              79.3484924,
              30.6500051
            ],
            [
              79.3458485,
              30.6534088
            ],
            [
              79.3423326,
              30.6552258
            ],
            [
              79.3379163,
              30.6562828
            ],
            [
              79.334968,
              30.6562238
            ],
            [
              79.3324623,
              30.6575353
            ],
            [
              79.3294991,
              30.6597376
            ],
            [
              79.3295741,
              30.6640924
            ],
            [
              79.3288294,
              30.6677348
            ],
            [
              79.328905,
              30.6720224
            ],
            [
              79.3254722,
              30.6707569
            ],
            [
              79.3230541,
              30.669676
            ],
            [
              79.3209796,
              30.6691921
            ],
            [
              79.3186711,
              30.6689146
            ],
            [
              79.3171925,
              30.6693228
            ],
            [
              79.316037,
              30.6708389
            ],
            [
              79.3139227,
              30.6720903
            ],
            [
              79.3124131,
              30.6721153
            ],
            [
              79.3099988,
              30.6726601
            ],
            [
              79.3084615,
              30.6737519
            ],
            [
              79.3063926,
              30.6746541
            ],
            [
              79.3058454,
              30.676972
            ],
            [
              79.3046806,
              30.6788589
            ],
            [
              79.3052857,
              30.6818363
            ],
            [
              79.3050122,
              30.6855506
            ],
            [
              79.3052806,
              30.6873724
            ],
            [
              79.304693,
              30.6891622
            ],
            [
              79.3032323,
              30.691431
            ],
            [
              79.2999791,
              30.6947854
            ],
            [
              79.3005029,
              30.6966485
            ],
            [
              79.2997357,
              30.6992549
            ],
            [
              79.3001167,
              30.7016177
            ],
            [
              79.2998529,
              30.7036887
            ],
            [
              79.3013733,
              30.7056745
            ],
            [
              79.3035666,
              30.7078507
            ],
            [
              79.3036806,
              30.7091626
            ],
            [
              79.3019183,
              30.7110915
            ],
            [
              79.2996812,
              30.7124998
            ],
            [
              79.2976852,
              30.7144302
            ],
            [
              79.2976681,
              30.7163996
            ],
            [
              79.2964263,
              30.7189519
            ],
            [
              79.2948213,
              30.7200768
            ],
            [
              79.2928482,
              30.7203575
            ],
            [
              79.2860789,
              30.7218789
            ],
            [
              79.2743668,
              30.723856
            ],
            [
              79.2704259,
              30.724144
            ],
            [
              79.267936,
              30.7243506
            ],
            [
              79.2649687,
              30.7231933
            ],
            [
              79.2618995,
              30.7229516
            ],
            [
              79.2583418,
              30.7229
            ],
            [
              79.2563251,
              30.7229605
            ],
            [
              79.2553377,
              30.7240511
            ],
            [
              79.2538207,
              30.7263518
            ],
            [
              79.2529466,
              30.7273288
            ],
            [
              79.2524881,
              30.728471
            ],
            [
              79.2507305,
              30.7295284
            ],
            [
              79.2489586,
              30.7310177
            ],
            [
              79.2470378,
              30.7321975
            ],
            [
              79.2451805,
              30.7329432
            ],
            [
              79.2437482,
              30.7329228
            ],
            [
              79.2406992,
              30.7328463
            ],
            [
              79.2363178,
              30.7335379
            ],
            [
              79.2318535,
              30.7340455
            ],
            [
              79.2279423,
              30.734899
            ],
            [
              79.2245076,
              30.7357326
            ],
            [
              79.2192399,
              30.7367004
            ],
            [
              79.2154148,
              30.7369672
            ],
            [
              79.2097322,
              30.7377605
            ],
            [
              79.2081069,
              30.7378317
            ],
            [
              79.2061225,
              30.7367899
            ],
            [
              79.2036099,
              30.7344691
            ],
            [
              79.2021175,
              30.7335796
            ],
            [
              79.1996532,
              30.7329027
            ],
            [
              79.1986744,
              30.7345481
            ],
            [
              79.1979961,
              30.736463
            ],
            [
              79.1970574,
              30.7392558
            ],
            [
              79.1962491,
              30.7403494
            ],
            [
              79.1942107,
              30.7412797
            ],
            [
              79.1920869,
              30.7423026
            ],
            [
              79.1904172,
              30.7441707
            ],
            [
              79.1887274,
              30.7462714
            ],
            [
              79.1864176,
              30.7478519
            ],
            [
              79.1837715,
              30.7493005
            ],
            [
              79.1813217,
              30.7510929
            ],
            [
              79.1797938,
              30.7510965
            ],
            [
              79.1768288,
              30.75126
            ],
            [
              79.1749562,
              30.751509
            ],
            [
              79.1737263,
              30.7521463
            ],
            [
              79.1718171,
              30.7528929
            ],
            [
              79.1704897,
              30.7546876
            ],
            [
              79.1690517,
              30.7557529
            ],
            [
              79.1674628,
              30.7556895
            ],
            [
              79.1643671,
              30.7553988
            ],
            [
              79.1617371,
              30.7554431
            ],
            [
              79.160086,
              30.7548887
            ],
            [
              79.1581899,
              30.7536595
            ],
            [
              79.1564961,
              30.7529513
            ],
            [
              79.154554,
              30.7523754
            ],
            [
              79.1525945,
              30.7521396
            ],
            [
              79.1504174,
              30.7516312
            ],
            [
              79.1479455,
              30.7502621
            ],
            [
              79.1460204,
              30.7488207
            ],
            [
              79.1429667,
              30.747863
            ],
            [
              79.1410677,
              30.7488125
            ],
            [
              79.1389853,
              30.7506471
            ],
            [
              79.1377653,
              30.751304
            ],
            [
              79.1364742,
              30.7520043
            ],
            [
              79.1352746,
              30.7537233
            ],
            [
              79.1327368,
              30.7558239
            ],
            [
              79.1314742,
              30.757244
            ],
            [
              79.1311138,
              30.7588502
            ],
            [
              79.1221143,
              30.7520637
            ],
            [
              79.1150849,
              30.7514814
            ],
            [
              79.1009415,
              30.7472599
            ],
            [
              79.0997558,
              30.744494
            ],
            [
              79.0962835,
              30.7321192
            ],
            [
              79.0954365,
              30.7164664
            ],
            [
              79.0894235,
              30.7082386
            ],
            [
              79.0840879,
              30.7079473
            ],
            [
              79.0701138,
              30.7102774
            ],
            [
              79.0629998,
              30.7091852
            ],
            [
              79.0557163,
              30.7123162
            ],
            [
              79.050042,
              30.7186507
            ],
            [
              79.0517358,
              30.7234559
            ],
            [
              79.050042,
              30.7265136
            ],
            [
              79.0425892,
              30.7291344
            ],
            [
              79.0331037,
              30.7369965
            ],
            [
              79.0207388,
              30.7419464
            ],
            [
              79.0070188,
              30.7380156
            ],
            [
              79.0042634,
              30.7358992
            ],
            [
              78.9990578,
              30.7319008
            ],
            [
              78.9897418,
              30.7317552
            ],
            [
              78.9788051,
              30.732459
            ],
            [
              78.9580672,
              30.7337935
            ]
          ]
        ]
      },
      "id": "relation/3014915"
    },
    {
      "type": "Feature",
      "properties": {
        "@id": "relation/4144891",
        "boundary": "protected_area",
        "leisure": "nature_reserve",
        "name": "Kibber WLS",
        "protect_class": "4",
        "source": "http://ibcn.in/wp-content/uploads/2013/12/HP-12-Kibber-Wildlife-Sanctuary-1024x721.jpg",
        "type": "boundary",
        "wikidata": "Q135404156",
        "wikipedia": "en:Kibber Wildlife Sanctuary"
      },
      "geometry": {
        "type": "Polygon",
        "coordinates": [
          [
            [
              78.3760263,
              32.5058833
            ],
            [
              78.3749905,
              32.5054276
            ],
            [
              78.3729089,
              32.5051757
            ],
            [
              78.3712996,
              32.5042832
            ],
            [
              78.3694746,
              32.5029015
            ],
            [
              78.36714,
              32.5013144
            ],
            [
              78.3656708,
              32.5005478
            ],
            [
              78.3654518,
              32.4998054
            ],
            [
              78.3655122,
              32.4985408
            ],
            [
              78.3660301,
              32.4970259
            ],
            [
              78.3672578,
              32.4956772
            ],
            [
              78.368151,
              32.4947742
            ],
            [
              78.3679644,
              32.4934988
            ],
            [
              78.3667864,
              32.491323
            ],
            [
              78.3653719,
              32.4895222
            ],
            [
              78.3658998,
              32.4880173
            ],
            [
              78.3665445,
              32.4862724
            ],
            [
              78.3658533,
              32.4847454
            ],
            [
              78.3653212,
              32.4839988
            ],
            [
              78.3637013,
              32.4827997
            ],
            [
              78.3619791,
              32.4819942
            ],
            [
              78.3592189,
              32.4806152
            ],
            [
              78.3573321,
              32.4796131
            ],
            [
              78.3549751,
              32.4793271
            ],
            [
              78.3528837,
              32.4786202
            ],
            [
              78.3509716,
              32.4782231
            ],
            [
              78.3494092,
              32.4779832
            ],
            [
              78.34857,
              32.4761988
            ],
            [
              78.3483567,
              32.4743182
            ],
            [
              78.3487636,
              32.4729859
            ],
            [
              78.3500396,
              32.4719227
            ],
            [
              78.3514691,
              32.4707411
            ],
            [
              78.3521471,
              32.4695578
            ],
            [
              78.3500047,
              32.4670114
            ],
            [
              78.3489374,
              32.4650832
            ],
            [
              78.3477835,
              32.4639388
            ],
            [
              78.3454386,
              32.4635252
            ],
            [
              78.3425834,
              32.4628339
            ],
            [
              78.3395281,
              32.462793
            ],
            [
              78.3365746,
              32.4635245
            ],
            [
              78.3338509,
              32.4642238
            ],
            [
              78.3310886,
              32.4642857
            ],
            [
              78.3280686,
              32.4645319
            ],
            [
              78.3261871,
              32.4623079
            ],
            [
              78.3256615,
              32.460569
            ],
            [
              78.3261093,
              32.458341
            ],
            [
              78.3267958,
              32.4564998
            ],
            [
              78.3275522,
              32.4544599
            ],
            [
              78.328972,
              32.4530572
            ],
            [
              78.3303111,
              32.45261
            ],
            [
              78.3318126,
              32.4518879
            ],
            [
              78.3330541,
              32.4511253
            ],
            [
              78.3339596,
              32.4503433
            ],
            [
              78.3333578,
              32.4490855
            ],
            [
              78.3326292,
              32.4477014
            ],
            [
              78.3317894,
              32.4460608
            ],
            [
              78.330581,
              32.444494
            ],
            [
              78.3293609,
              32.4437052
            ],
            [
              78.3277273,
              32.4436431
            ],
            [
              78.3252214,
              32.4441624
            ],
            [
              78.3232976,
              32.4444023
            ],
            [
              78.3215886,
              32.4443529
            ],
            [
              78.3202929,
              32.4437164
            ],
            [
              78.31931,
              32.4436969
            ],
            [
              78.3159842,
              32.44484
            ],
            [
              78.3130148,
              32.446047
            ],
            [
              78.3102082,
              32.4469918
            ],
            [
              78.3090784,
              32.4486552
            ],
            [
              78.3071517,
              32.4508691
            ],
            [
              78.3054078,
              32.4526706
            ],
            [
              78.3037105,
              32.4536227
            ],
            [
              78.3014834,
              32.4536517
            ],
            [
              78.3000612,
              32.4552853
            ],
            [
              78.2988839,
              32.4565539
            ],
            [
              78.2983932,
              32.457798
            ],
            [
              78.2982546,
              32.4592685
            ],
            [
              78.2983684,
              32.4614994
            ],
            [
              78.2974985,
              32.462045
            ],
            [
              78.2953881,
              32.4625687
            ],
            [
              78.2936628,
              32.4627349
            ],
            [
              78.2916602,
              32.4634607
            ],
            [
              78.2901142,
              32.4634485
            ],
            [
              78.2874361,
              32.4629535
            ],
            [
              78.2870728,
              32.4641731
            ],
            [
              78.2865876,
              32.4654185
            ],
            [
              78.2857337,
              32.4666704
            ],
            [
              78.2846111,
              32.4679769
            ],
            [
              78.2842475,
              32.4691781
            ],
            [
              78.2844246,
              32.4703524
            ],
            [
              78.284866,
              32.4712009
            ],
            [
              78.285618,
              32.4719184
            ],
            [
              78.2885272,
              32.4731336
            ],
            [
              78.2901603,
              32.4748589
            ],
            [
              78.2901524,
              32.4767009
            ],
            [
              78.28939,
              32.4783351
            ],
            [
              78.2878344,
              32.4800754
            ],
            [
              78.2863919,
              32.4814506
            ],
            [
              78.286038,
              32.4828042
            ],
            [
              78.2891018,
              32.4849741
            ],
            [
              78.2905683,
              32.4866374
            ],
            [
              78.2919309,
              32.4899385
            ],
            [
              78.2917624,
              32.4928599
            ],
            [
              78.2915704,
              32.4959508
            ],
            [
              78.2913724,
              32.499147
            ],
            [
              78.2953514,
              32.5017353
            ],
            [
              78.2978533,
              32.503037
            ],
            [
              78.3003958,
              32.5041265
            ],
            [
              78.3014646,
              32.5054483
            ],
            [
              78.302592,
              32.5078272
            ],
            [
              78.3050332,
              32.5104095
            ],
            [
              78.3060341,
              32.5119894
            ],
            [
              78.3053278,
              32.5134082
            ],
            [
              78.3042506,
              32.5156135
            ],
            [
              78.3034385,
              32.5182144
            ],
            [
              78.3041944,
              32.520739
            ],
            [
              78.3056231,
              32.5232263
            ],
            [
              78.3074536,
              32.5250343
            ],
            [
              78.3076363,
              32.5261734
            ],
            [
              78.3070188,
              32.5285623
            ],
            [
              78.3069333,
              32.5318498
            ],
            [
              78.3070279,
              32.534472
            ],
            [
              78.3067672,
              32.5364852
            ],
            [
              78.3068022,
              32.5385969
            ],
            [
              78.3076273,
              32.5412601
            ],
            [
              78.3085034,
              32.5434202
            ],
            [
              78.3099651,
              32.5446535
            ],
            [
              78.3126975,
              32.5454296
            ],
            [
              78.3133173,
              32.5471711
            ],
            [
              78.3144044,
              32.549759
            ],
            [
              78.313126,
              32.5511391
            ],
            [
              78.311949,
              32.5527525
            ],
            [
              78.3116889,
              32.5549252
            ],
            [
              78.3118291,
              32.557929
            ],
            [
              78.3118852,
              32.5608048
            ],
            [
              78.3117567,
              32.5636419
            ],
            [
              78.3118158,
              32.5669892
            ],
            [
              78.3135568,
              32.5678259
            ],
            [
              78.3159396,
              32.568994
            ],
            [
              78.3177934,
              32.5702312
            ],
            [
              78.3196012,
              32.5717512
            ],
            [
              78.3217725,
              32.5725836
            ],
            [
              78.3237233,
              32.5733874
            ],
            [
              78.3259424,
              32.5745394
            ],
            [
              78.3284079,
              32.575807
            ],
            [
              78.3302712,
              32.5768807
            ],
            [
              78.3315735,
              32.5777053
            ],
            [
              78.3353952,
              32.5784683
            ],
            [
              78.3372146,
              32.5786736
            ],
            [
              78.339069,
              32.5790143
            ],
            [
              78.3406045,
              32.5787875
            ],
            [
              78.3421522,
              32.5786421
            ],
            [
              78.3430313,
              32.5795111
            ],
            [
              78.3437019,
              32.5812497
            ],
            [
              78.3452248,
              32.5829409
            ],
            [
              78.3472026,
              32.5843207
            ],
            [
              78.3482127,
              32.5851495
            ],
            [
              78.3483845,
              32.5861221
            ],
            [
              78.3485456,
              32.5884783
            ],
            [
              78.3495848,
              32.5897956
            ],
            [
              78.3522835,
              32.5900878
            ],
            [
              78.3553698,
              32.5902609
            ],
            [
              78.3584433,
              32.5902861
            ],
            [
              78.3610815,
              32.5901206
            ],
            [
              78.3631065,
              32.5902462
            ],
            [
              78.3643402,
              32.5921906
            ],
            [
              78.3656857,
              32.5938155
            ],
            [
              78.3670062,
              32.5940728
            ],
            [
              78.3687348,
              32.594581
            ],
            [
              78.3700476,
              32.5953024
            ],
            [
              78.3718008,
              32.5961534
            ],
            [
              78.3739127,
              32.5972138
            ],
            [
              78.3763406,
              32.5976218
            ],
            [
              78.3780126,
              32.5980445
            ],
            [
              78.3788534,
              32.5988794
            ],
            [
              78.3791768,
              32.6005908
            ],
            [
              78.3787478,
              32.6024388
            ],
            [
              78.3791396,
              32.6045576
            ],
            [
              78.3806924,
              32.606231
            ],
            [
              78.3824566,
              32.6082869
            ],
            [
              78.3849658,
              32.6091426
            ],
            [
              78.3875465,
              32.6095767
            ],
            [
              78.3886206,
              32.6099986
            ],
            [
              78.3894155,
              32.6106354
            ],
            [
              78.3901159,
              32.6117967
            ],
            [
              78.3900668,
              32.6139859
            ],
            [
              78.3909599,
              32.6148893
            ],
            [
              78.3928992,
              32.6156357
            ],
            [
              78.3954591,
              32.6167014
            ],
            [
              78.3973649,
              32.6172165
            ],
            [
              78.4001711,
              32.6173027
            ],
            [
              78.4022003,
              32.6180173
            ],
            [
              78.4034692,
              32.6195593
            ],
            [
              78.405943,
              32.6209574
            ],
            [
              78.4083261,
              32.6227206
            ],
            [
              78.4092844,
              32.6239905
            ],
            [
              78.4087413,
              32.626647
            ],
            [
              78.405684,
              32.6277879
            ],
            [
              78.4043745,
              32.6283669
            ],
            [
              78.4013581,
              32.6286541
            ],
            [
              78.3997178,
              32.6286112
            ],
            [
              78.3981311,
              32.6295621
            ],
            [
              78.3964206,
              32.630306
            ],
            [
              78.3942354,
              32.6312962
            ],
            [
              78.3927121,
              32.6318333
            ],
            [
              78.3909197,
              32.6335841
            ],
            [
              78.3899785,
              32.6354334
            ],
            [
              78.3892529,
              32.6376671
            ],
            [
              78.388,
              32.6397885
            ],
            [
              78.3872649,
              32.6426325
            ],
            [
              78.386172,
              32.6450133
            ],
            [
              78.3859571,
              32.6467724
            ],
            [
              78.3848392,
              32.6487879
            ],
            [
              78.3840915,
              32.6507169
            ],
            [
              78.3825138,
              32.6523665
            ],
            [
              78.3808595,
              32.6544748
            ],
            [
              78.3787144,
              32.65693
            ],
            [
              78.3781063,
              32.6588715
            ],
            [
              78.377907,
              32.6616539
            ],
            [
              78.3781046,
              32.6654558
            ],
            [
              78.3780797,
              32.6707304
            ],
            [
              78.3864039,
              32.7135962
            ],
            [
              78.3866553,
              32.71556
            ],
            [
              78.3861732,
              32.7182719
            ],
            [
              78.3853204,
              32.7207923
            ],
            [
              78.3845554,
              32.7259737
            ],
            [
              78.384278,
              32.7289752
            ],
            [
              78.3843017,
              32.7310004
            ],
            [
              78.3847447,
              32.7335132
            ],
            [
              78.3857374,
              32.735995
            ],
            [
              78.3876959,
              32.7381416
            ],
            [
              78.3877117,
              32.7399695
            ],
            [
              78.3874137,
              32.7415312
            ],
            [
              78.3855825,
              32.7435886
            ],
            [
              78.3847924,
              32.7454179
            ],
            [
              78.3846501,
              32.7471141
            ],
            [
              78.3869264,
              32.7534488
            ],
            [
              78.387539,
              32.7551357
            ],
            [
              78.3856966,
              32.7556906
            ],
            [
              78.3827165,
              32.7549265
            ],
            [
              78.3799619,
              32.7547877
            ],
            [
              78.3779433,
              32.7543044
            ],
            [
              78.3759071,
              32.7540479
            ],
            [
              78.3744004,
              32.7541315
            ],
            [
              78.3737657,
              32.7546857
            ],
            [
              78.3730086,
              32.754776
            ],
            [
              78.3707863,
              32.7547075
            ],
            [
              78.3687489,
              32.7541179
            ],
            [
              78.3673068,
              32.7534965
            ],
            [
              78.36571,
              32.7530162
            ],
            [
              78.3643719,
              32.7531075
            ],
            [
              78.362857,
              32.753477
            ],
            [
              78.3611554,
              32.7542919
            ],
            [
              78.3597214,
              32.755035
            ],
            [
              78.3583822,
              32.7561725
            ],
            [
              78.3562633,
              32.7572374
            ],
            [
              78.3427408,
              32.7538052
            ],
            [
              78.3232541,
              32.7489475
            ],
            [
              78.3203519,
              32.7470161
            ],
            [
              78.3150589,
              32.7449675
            ],
            [
              78.3123793,
              32.743562
            ],
            [
              78.3119255,
              32.7414042
            ],
            [
              78.3115711,
              32.7388775
            ],
            [
              78.3103279,
              32.7366362
            ],
            [
              78.3073025,
              32.7347015
            ],
            [
              78.3039931,
              32.7335904
            ],
            [
              78.3052998,
              32.7319286
            ],
            [
              78.3061392,
              32.7305044
            ],
            [
              78.3079081,
              32.7285772
            ],
            [
              78.3107509,
              32.7256273
            ],
            [
              78.3107266,
              32.7239413
            ],
            [
              78.3108665,
              32.7229445
            ],
            [
              78.312493,
              32.7216904
            ],
            [
              78.3134392,
              32.7205646
            ],
            [
              78.3142981,
              32.7191547
            ],
            [
              78.3140905,
              32.7179917
            ],
            [
              78.3122011,
              32.7161111
            ],
            [
              78.3101135,
              32.7142643
            ],
            [
              78.3083631,
              32.7127951
            ],
            [
              78.3072974,
              32.7118862
            ],
            [
              78.3068113,
              32.7110825
            ],
            [
              78.3068549,
              32.7084357
            ],
            [
              78.3036022,
              32.7064699
            ],
            [
              78.3019648,
              32.7052397
            ],
            [
              78.2993285,
              32.7043045
            ],
            [
              78.2974591,
              32.7043614
            ],
            [
              78.295962,
              32.7045045
            ],
            [
              78.2941328,
              32.7048998
            ],
            [
              78.2935765,
              32.7026808
            ],
            [
              78.2926724,
              32.7009814
            ],
            [
              78.2906629,
              32.7010064
            ],
            [
              78.2871475,
              32.7017192
            ],
            [
              78.2835575,
              32.7017006
            ],
            [
              78.2797195,
              32.701805
            ],
            [
              78.2755302,
              32.7025877
            ],
            [
              78.2729794,
              32.703341
            ],
            [
              78.2716066,
              32.7029569
            ],
            [
              78.269847,
              32.7018078
            ],
            [
              78.2685504,
              32.7014895
            ],
            [
              78.2656185,
              32.7023913
            ],
            [
              78.2627783,
              32.7028527
            ],
            [
              78.2608777,
              32.7034164
            ],
            [
              78.2598339,
              32.7027994
            ],
            [
              78.25857,
              32.7019156
            ],
            [
              78.2575001,
              32.700715
            ],
            [
              78.2562323,
              32.6991775
            ],
            [
              78.2551335,
              32.6974571
            ],
            [
              78.2541703,
              32.6956404
            ],
            [
              78.2539039,
              32.693693
            ],
            [
              78.253873,
              32.6920166
            ],
            [
              78.2547971,
              32.6904665
            ],
            [
              78.2537001,
              32.6890736
            ],
            [
              78.2527414,
              32.687469
            ],
            [
              78.2516213,
              32.6849891
            ],
            [
              78.2507871,
              32.6829816
            ],
            [
              78.2495805,
              32.6813681
            ],
            [
              78.249273,
              32.6798737
            ],
            [
              78.2485237,
              32.6772481
            ],
            [
              78.2475319,
              32.6750478
            ],
            [
              78.2465702,
              32.6730181
            ],
            [
              78.245013,
              32.6719621
            ],
            [
              78.2434863,
              32.6718165
            ],
            [
              78.2407924,
              32.6718273
            ],
            [
              78.2387309,
              32.6718344
            ],
            [
              78.2364056,
              32.671922
            ],
            [
              78.2345812,
              32.672063
            ],
            [
              78.2322638,
              32.6721253
            ],
            [
              78.2307614,
              32.6713185
            ],
            [
              78.2282754,
              32.6707283
            ],
            [
              78.2264481,
              32.6700902
            ],
            [
              78.2237935,
              32.6679743
            ],
            [
              78.2211083,
              32.6662705
            ],
            [
              78.2192662,
              32.6650584
            ],
            [
              78.2181642,
              32.6645111
            ],
            [
              78.2162246,
              32.6648345
            ],
            [
              78.2137297,
              32.6652858
            ],
            [
              78.2107207,
              32.6658498
            ],
            [
              78.2092346,
              32.6658915
            ],
            [
              78.2059205,
              32.6648733
            ],
            [
              78.2035868,
              32.6642549
            ],
            [
              78.2003848,
              32.6628053
            ],
            [
              78.1983164,
              32.6626055
            ],
            [
              78.1960816,
              32.6624203
            ],
            [
              78.1931777,
              32.6626015
            ],
            [
              78.1916473,
              32.6639786
            ],
            [
              78.1913105,
              32.6664973
            ],
            [
              78.1901964,
              32.6689326
            ],
            [
              78.188631,
              32.670972
            ],
            [
              78.1873844,
              32.6738724
            ],
            [
              78.1868824,
              32.6753114
            ],
            [
              78.1846584,
              32.6759952
            ],
            [
              78.1821889,
              32.6775991
            ],
            [
              78.1797957,
              32.678241
            ],
            [
              78.177627,
              32.6796063
            ],
            [
              78.1761372,
              32.681443
            ],
            [
              78.175098,
              32.6813499
            ],
            [
              78.1719808,
              32.6802854
            ],
            [
              78.169993,
              32.6807454
            ],
            [
              78.167376,
              32.6824802
            ],
            [
              78.1649547,
              32.6828479
            ],
            [
              78.1620485,
              32.6831062
            ],
            [
              78.1583369,
              32.6834986
            ],
            [
              78.1554657,
              32.6834374
            ],
            [
              78.1534435,
              32.6833542
            ],
            [
              78.1512283,
              32.6819551
            ],
            [
              78.1486678,
              32.681441
            ],
            [
              78.1453294,
              32.6817693
            ],
            [
              78.1427,
              32.6817242
            ],
            [
              78.145339,
              32.6772617
            ],
            [
              78.1471147,
              32.6725611
            ],
            [
              78.1475333,
              32.6678566
            ],
            [
              78.1481052,
              32.6655805
            ],
            [
              78.1480149,
              32.6633459
            ],
            [
              78.147495,
              32.6608586
            ],
            [
              78.1471788,
              32.6589376
            ],
            [
              78.1469468,
              32.6565517
            ],
            [
              78.1470254,
              32.6538226
            ],
            [
              78.1380534,
              32.6540128
            ],
            [
              78.1365008,
              32.6541451
            ],
            [
              78.1323763,
              32.6530172
            ],
            [
              78.1291762,
              32.6526221
            ],
            [
              78.1271528,
              32.652937
            ],
            [
              78.1224431,
              32.6561988
            ],
            [
              78.1221065,
              32.6578895
            ],
            [
              78.1202052,
              32.6602818
            ],
            [
              78.1168322,
              32.6606879
            ],
            [
              78.1138944,
              32.6616766
            ],
            [
              78.1119742,
              32.6620011
            ],
            [
              78.110517,
              32.6621188
            ],
            [
              78.1083551,
              32.6601593
            ],
            [
              78.1060153,
              32.658927
            ],
            [
              78.1023964,
              32.6554794
            ],
            [
              78.098811,
              32.6519991
            ],
            [
              78.0934491,
              32.6465926
            ],
            [
              78.0939616,
              32.6462789
            ],
            [
              78.095126,
              32.6450799
            ],
            [
              78.0959672,
              32.6423651
            ],
            [
              78.0970192,
              32.6397888
            ],
            [
              78.0985373,
              32.637278
            ],
            [
              78.0989622,
              32.6353272
            ],
            [
              78.0987945,
              32.632916
            ],
            [
              78.098007,
              32.6306675
            ],
            [
              78.0975938,
              32.629431
            ],
            [
              78.0960006,
              32.6294059
            ],
            [
              78.0934708,
              32.6292745
            ],
            [
              78.0922017,
              32.6286724
            ],
            [
              78.0910407,
              32.6275158
            ],
            [
              78.0894762,
              32.626075
            ],
            [
              78.0875004,
              32.6247779
            ],
            [
              78.0861916,
              32.6247405
            ],
            [
              78.0841799,
              32.6253389
            ],
            [
              78.081716,
              32.6259282
            ],
            [
              78.0795295,
              32.6269549
            ],
            [
              78.0772713,
              32.6289644
            ],
            [
              78.0753122,
              32.6303493
            ],
            [
              78.0737242,
              32.6309659
            ],
            [
              78.0728302,
              32.630495
            ],
            [
              78.0713593,
              32.6293349
            ],
            [
              78.0696237,
              32.6283451
            ],
            [
              78.0673736,
              32.6285943
            ],
            [
              78.0646416,
              32.6287089
            ],
            [
              78.0602736,
              32.6291943
            ],
            [
              78.0594401,
              32.6304973
            ],
            [
              78.0578226,
              32.6327212
            ],
            [
              78.0559193,
              32.6346475
            ],
            [
              78.0544732,
              32.6364125
            ],
            [
              78.05402,
              32.637003
            ],
            [
              78.0528845,
              32.6384828
            ],
            [
              78.0512598,
              32.6401639
            ],
            [
              78.0498748,
              32.6423331
            ],
            [
              78.0479744,
              32.6443177
            ],
            [
              78.0467324,
              32.6453657
            ],
            [
              78.0454468,
              32.6442854
            ],
            [
              78.0444112,
              32.6427554
            ],
            [
              78.0433704,
              32.6414359
            ],
            [
              78.0422227,
              32.6402364
            ],
            [
              78.0408966,
              32.6393325
            ],
            [
              78.0375374,
              32.6383628
            ],
            [
              78.03501,
              32.6378513
            ],
            [
              78.0338911,
              32.6374895
            ],
            [
              78.0334496,
              32.6358205
            ],
            [
              78.0329535,
              32.6340242
            ],
            [
              78.0317579,
              32.6335017
            ],
            [
              78.0306294,
              32.6326683
            ],
            [
              78.0296245,
              32.631113
            ],
            [
              78.0281162,
              32.6296562
            ],
            [
              78.0263565,
              32.6282087
            ],
            [
              78.0255601,
              32.6278082
            ],
            [
              78.0259894,
              32.6270126
            ],
            [
              78.02664,
              32.6261636
            ],
            [
              78.027412,
              32.6253732
            ],
            [
              78.0282361,
              32.6247865
            ],
            [
              78.0287435,
              32.6241266
            ],
            [
              78.0287735,
              32.623636
            ],
            [
              78.0280914,
              32.6228485
            ],
            [
              78.0262386,
              32.6224135
            ],
            [
              78.023696,
              32.6220132
            ],
            [
              78.0218165,
              32.6215892
            ],
            [
              78.020299,
              32.6211592
            ],
            [
              78.0183493,
              32.6203874
            ],
            [
              78.0167297,
              32.6201381
            ],
            [
              77.9886105,
              32.5990568
            ],
            [
              77.9771803,
              32.5936846
            ],
            [
              77.981656,
              32.5827999
            ],
            [
              78.0042138,
              32.5582404
            ],
            [
              78.0203922,
              32.5446422
            ],
            [
              78.0237786,
              32.5160265
            ],
            [
              78.0230847,
              32.4955454
            ],
            [
              78.0307174,
              32.4826692
            ],
            [
              78.0799828,
              32.4586677
            ],
            [
              78.1077379,
              32.4563258
            ],
            [
              78.1232449,
              32.4519332
            ],
            [
              78.1315714,
              32.4437355
            ],
            [
              78.1523878,
              32.4074224
            ],
            [
              78.1530817,
              32.381057
            ],
            [
              78.1530817,
              32.3582007
            ],
            [
              78.1655715,
              32.35527
            ],
            [
              78.1905511,
              32.3646479
            ],
            [
              78.2134491,
              32.3617174
            ],
            [
              78.2335716,
              32.3470635
            ],
            [
              78.2474492,
              32.3165757
            ],
            [
              78.254388,
              32.324785
            ],
            [
              78.2745105,
              32.3271304
            ],
            [
              78.3765106,
              32.3095386
            ],
            [
              78.3869188,
              32.328303
            ],
            [
              78.3792862,
              32.3482359
            ],
            [
              78.3624647,
              32.4030237
            ],
            [
              78.3595208,
              32.4303602
            ],
            [
              78.3776747,
              32.4696937
            ],
            [
              78.3757122,
              32.4932855
            ],
            [
              78.3760263,
              32.5058833
            ]
          ]
        ]
      },
      "id": "relation/4144891"
    },
    {
      "type": "Feature",
      "properties": {
        "@id": "relation/8777786",
        "boundary": "national_park",
        "leisure": "nature_reserve",
        "name": "Govind Pashu Vihar National Park",
        "name:hi": "गोविंद पशु विहार राष्ट्रीय उद्यान",
        "protect_class": "2",
        "type": "boundary",
        "wikidata": "Q5589844"
      },
      "geometry": {
        "type": "Polygon",
        "coordinates": [
          [
            [
              78.4701919,
              31.2240321
            ],
            [
              78.463497,
              31.2339403
            ],
            [
              78.4487341,
              31.2402517
            ],
            [
              78.4324263,
              31.2546524
            ],
            [
              78.4265898,
              31.2452417
            ],
            [
              78.4109686,
              31.2405452
            ],
            [
              78.4025572,
              31.2480302
            ],
            [
              78.4066771,
              31.2543406
            ],
            [
              78.4027289,
              31.2613843
            ],
            [
              78.3855627,
              31.2713619
            ],
            [
              78.3749197,
              31.2905805
            ],
            [
              78.3574103,
              31.2813385
            ],
            [
              78.3399008,
              31.2825121
            ],
            [
              78.333721,
              31.2789911
            ],
            [
              78.3196448,
              31.2794313
            ],
            [
              78.31295,
              31.2706283
            ],
            [
              78.3098602,
              31.2635485
            ],
            [
              78.3062552,
              31.260944
            ],
            [
              78.2968138,
              31.2596234
            ],
            [
              78.2825659,
              31.2656396
            ],
            [
              78.2652281,
              31.2467094
            ],
            [
              78.2448004,
              31.2298304
            ],
            [
              78.2214544,
              31.2327661
            ],
            [
              78.2144163,
              31.220876
            ],
            [
              78.1977759,
              31.2166279
            ],
            [
              78.1980228,
              31.2126547
            ],
            [
              78.1969928,
              31.2068554
            ],
            [
              78.1950187,
              31.2028177
            ],
            [
              78.1890964,
              31.2009089
            ],
            [
              78.1855773,
              31.1985596
            ],
            [
              78.1850623,
              31.1964305
            ],
            [
              78.1872081,
              31.1932734
            ],
            [
              78.1856631,
              31.1876197
            ],
            [
              78.1845473,
              31.1846826
            ],
            [
              78.1733035,
              31.1805706
            ],
            [
              78.1668662,
              31.1810846
            ],
            [
              78.1596564,
              31.1747693
            ],
            [
              78.1582831,
              31.1564086
            ],
            [
              78.1419752,
              31.1345178
            ],
            [
              78.1236075,
              31.1177658
            ],
            [
              78.1031798,
              31.0932203
            ],
            [
              78.0990599,
              31.0810186
            ],
            [
              78.0957553,
              31.066371
            ],
            [
              78.0962856,
              31.062056
            ],
            [
              78.096765,
              31.0581551
            ],
            [
              78.0968283,
              31.05764
            ],
            [
              78.0997847,
              31.0569685
            ],
            [
              78.1190323,
              31.0525963
            ],
            [
              78.1194876,
              31.0524929
            ],
            [
              78.1197692,
              31.0527572
            ],
            [
              78.1268612,
              31.0594112
            ],
            [
              78.137512,
              31.0694035
            ],
            [
              78.1377104,
              31.0691224
            ],
            [
              78.1716834,
              31.0209706
            ],
            [
              78.1744838,
              31.0238851
            ],
            [
              78.176651,
              31.0254481
            ],
            [
              78.178153,
              31.0274707
            ],
            [
              78.1804704,
              31.0315894
            ],
            [
              78.1825304,
              31.0334832
            ],
            [
              78.1910704,
              31.0385211
            ],
            [
              78.194332,
              31.0529341
            ],
            [
              78.1951903,
              31.0616103
            ],
            [
              78.1965208,
              31.0649922
            ],
            [
              78.197422,
              31.0677492
            ],
            [
              78.2006834,
              31.0838119
            ],
            [
              78.2197378,
              31.0943962
            ],
            [
              78.2499502,
              31.099688
            ],
            [
              78.2662581,
              31.1117403
            ],
            [
              78.2731245,
              31.1176189
            ],
            [
              78.3057402,
              31.1408358
            ],
            [
              78.3309744,
              31.1493571
            ],
            [
              78.3424757,
              31.1534705
            ],
            [
              78.3574103,
              31.1615499
            ],
            [
              78.3850477,
              31.177413
            ],
            [
              78.4075354,
              31.189896
            ],
            [
              78.42144,
              31.2073694
            ],
            [
              78.4370611,
              31.2233716
            ],
            [
              78.4444426,
              31.2308579
            ],
            [
              78.4542273,
              31.2277754
            ],
            [
              78.4701919,
              31.2240321
            ]
          ]
        ]
      },
      "id": "relation/8777786"
    },
    {
      "type": "Feature",
      "properties": {
        "@id": "relation/8815465",
        "boundary": "national_park",
        "leisure": "nature_reserve",
        "name": "Rajaji National Park/Tiger Reserve",
        "name:hi": "राजाजी राष्ट्रीय उद्यान",
        "protect_class": "2",
        "source": "source=http://www.uttarakhandforest.org/hindi/maps/maps-protected-area-uk.jpg",
        "type": "boundary",
        "website": "https://rajajijunglesafari.com/",
        "wikidata": "Q181933"
      },
      "geometry": {
        "type": "MultiPolygon",
        "coordinates": [
          [
            [
              [
                78.354578,
                30.1013076
              ],
              [
                78.3559728,
                30.1079161
              ],
              [
                78.3557797,
                30.1119998
              ],
              [
                78.3576041,
                30.1148276
              ],
              [
                78.3574748,
                30.1206678
              ],
              [
                78.3569383,
                30.1222825
              ],
              [
                78.3564145,
                30.1240016
              ],
              [
                78.3509517,
                30.1256975
              ],
              [
                78.3458266,
                30.1254776
              ],
              [
                78.3406305,
                30.1251222
              ],
              [
                78.3386564,
                30.1261429
              ],
              [
                78.3387208,
                30.1316178
              ],
              [
                78.3368325,
                30.1319147
              ],
              [
                78.3328199,
                30.131228
              ],
              [
                78.3328736,
                30.1264028
              ],
              [
                78.3315551,
                30.1235474
              ],
              [
                78.3285062,
                30.1199048
              ],
              [
                78.3233249,
                30.118654
              ],
              [
                78.3210448,
                30.1158505
              ],
              [
                78.315407,
                30.1141437
              ],
              [
                78.3142269,
                30.1080089
              ],
              [
                78.3095705,
                30.1027277
              ],
              [
                78.3048586,
                30.1003716
              ],
              [
                78.2999164,
                30.0928318
              ],
              [
                78.2957297,
                30.0873044
              ],
              [
                78.29349,
                30.0822775
              ],
              [
                78.2930657,
                30.0780113
              ],
              [
                78.2914281,
                30.0745534
              ],
              [
                78.2934022,
                30.0717123
              ],
              [
                78.2931474,
                30.0695753
              ],
              [
                78.2907843,
                30.0644328
              ],
              [
                78.2906398,
                30.0595621
              ],
              [
                78.2919431,
                30.0469933
              ],
              [
                78.2918572,
                30.043557
              ],
              [
                78.2898292,
                30.0398764
              ],
              [
                78.2874262,
                30.0376129
              ],
              [
                78.2820116,
                30.0346835
              ],
              [
                78.2765893,
                30.0195037
              ],
              [
                78.2637262,
                30.0200944
              ],
              [
                78.259263,
                30.0136658
              ],
              [
                78.2527498,
                30.0063712
              ],
              [
                78.24862,
                29.9989863
              ],
              [
                78.2466888,
                29.9943775
              ],
              [
                78.2374482,
                29.9825699
              ],
              [
                78.2278975,
                29.9742386
              ],
              [
                78.2212829,
                29.9684682
              ],
              [
                78.2041167,
                29.9619991
              ],
              [
                78.1942072,
                29.9566063
              ],
              [
                78.1904255,
                29.9539421
              ],
              [
                78.1856772,
                29.9497798
              ],
              [
                78.1812429,
                29.9445229
              ],
              [
                78.1911563,
                29.9402092
              ],
              [
                78.1982649,
                29.9357828
              ],
              [
                78.2411751,
                29.9185199
              ],
              [
                78.2621911,
                29.9271236
              ],
              [
                78.2791328,
                29.9252212
              ],
              [
                78.2707643,
                29.9088546
              ],
              [
                78.2686559,
                29.8951846
              ],
              [
                78.3062318,
                29.8742755
              ],
              [
                78.3295154,
                29.8568729
              ],
              [
                78.3375835,
                29.8613391
              ],
              [
                78.352003,
                29.8610414
              ],
              [
                78.3577537,
                29.8525554
              ],
              [
                78.3618735,
                29.8506943
              ],
              [
                78.3676242,
                29.8547142
              ],
              [
                78.373804,
                29.8591805
              ],
              [
                78.3809533,
                29.8635611
              ],
              [
                78.3926561,
                29.874957
              ],
              [
                78.37038,
                29.9067591
              ],
              [
                78.362865,
                29.9350078
              ],
              [
                78.3470248,
                29.954191
              ],
              [
                78.3298525,
                29.9714425
              ],
              [
                78.3141517,
                29.9846763
              ],
              [
                78.3196448,
                29.9902519
              ],
              [
                78.3174991,
                29.9990978
              ],
              [
                78.324424,
                30.0082799
              ],
              [
                78.3346651,
                30.0211309
              ],
              [
                78.3387069,
                30.0313728
              ],
              [
                78.3430767,
                30.0509681
              ],
              [
                78.3380556,
                30.0609229
              ],
              [
                78.3340644,
                30.0692426
              ],
              [
                78.3348914,
                30.0795133
              ],
              [
                78.337439,
                30.0981931
              ],
              [
                78.3425616,
                30.1029598
              ],
              [
                78.354578,
                30.1013076
              ]
            ]
          ],
          [
            [
              [
                77.8673379,
                30.1521524
              ],
              [
                77.9298492,
                30.1014532
              ],
              [
                77.9335784,
                30.0750362
              ],
              [
                77.9514385,
                30.0558978
              ],
              [
                77.9619176,
                30.046337
              ],
              [
                77.9700994,
                30.0536426
              ],
              [
                77.9746914,
                30.050708
              ],
              [
                77.9662101,
                30.0424204
              ],
              [
                77.9924027,
                30.0185924
              ],
              [
                77.9979944,
                30.0158211
              ],
              [
                78.0023227,
                30.0039458
              ],
              [
                78.0202628,
                30.0075568
              ],
              [
                78.0312692,
                30.0052821
              ],
              [
                78.0349691,
                30.0026132
              ],
              [
                78.031168,
                30.0004729
              ],
              [
                78.0335927,
                29.9967377
              ],
              [
                78.0380773,
                29.9947492
              ],
              [
                78.0431238,
                29.9967306
              ],
              [
                78.046832,
                29.9937457
              ],
              [
                78.0501365,
                29.9884305
              ],
              [
                78.0597496,
                29.9830778
              ],
              [
                78.0862885,
                29.9655873
              ],
              [
                78.1132142,
                29.9502398
              ],
              [
                78.1168443,
                29.9487639
              ],
              [
                78.1362428,
                29.9408766
              ],
              [
                78.1472256,
                29.9539234
              ],
              [
                78.1480349,
                29.9539234
              ],
              [
                78.1484682,
                29.9539234
              ],
              [
                78.1550199,
                29.9539234
              ],
              [
                78.1612199,
                29.9554582
              ],
              [
                78.1645856,
                29.9637457
              ],
              [
                78.1636999,
                29.9692704
              ],
              [
                78.1684828,
                29.972186
              ],
              [
                78.1788396,
                29.9848621
              ],
              [
                78.1815862,
                29.9915899
              ],
              [
                78.1846281,
                29.9943044
              ],
              [
                78.1872725,
                30.0004264
              ],
              [
                78.1876051,
                30.0050348
              ],
              [
                78.1863313,
                30.0086302
              ],
              [
                78.1901693,
                30.0120307
              ],
              [
                78.1980872,
                30.0090763
              ],
              [
                78.2037735,
                30.0149664
              ],
              [
                78.2024216,
                30.021172
              ],
              [
                78.2057174,
                30.0252702
              ],
              [
                78.2037735,
                30.0287333
              ],
              [
                78.2056403,
                30.0338977
              ],
              [
                78.208869,
                30.0386642
              ],
              [
                78.2098245,
                30.0405664
              ],
              [
                78.2068954,
                30.044629
              ],
              [
                78.2101468,
                30.0523808
              ],
              [
                78.1995249,
                30.0586014
              ],
              [
                78.1946271,
                30.063223
              ],
              [
                78.1879592,
                30.0667541
              ],
              [
                78.1795692,
                30.067367
              ],
              [
                78.1740117,
                30.0708581
              ],
              [
                78.1654072,
                30.0708395
              ],
              [
                78.1539377,
                30.0772317
              ],
              [
                78.1315469,
                30.0945315
              ],
              [
                78.114662,
                30.1123357
              ],
              [
                78.0642736,
                30.1660421
              ],
              [
                78.0690309,
                30.1768848
              ],
              [
                78.0466475,
                30.2081904
              ],
              [
                78.0332386,
                30.220592
              ],
              [
                78.0309319,
                30.2222421
              ],
              [
                78.030889,
                30.2242168
              ],
              [
                78.0236578,
                30.233635
              ],
              [
                78.0198383,
                30.2425334
              ],
              [
                78.0177354,
                30.2495773
              ],
              [
                78.0121135,
                30.2518016
              ],
              [
                78.0024456,
                30.2579859
              ],
              [
                77.9982948,
                30.253062
              ],
              [
                77.9923296,
                30.2590302
              ],
              [
                77.9969215,
                30.2641455
              ],
              [
                77.9923296,
                30.266666
              ],
              [
                77.9853773,
                30.261106
              ],
              [
                77.9816007,
                30.2598827
              ],
              [
                77.980957,
                30.2694088
              ],
              [
                77.9762363,
                30.271262
              ],
              [
                77.9706573,
                30.273597
              ],
              [
                77.9620965,
                30.2748551
              ],
              [
                77.9331064,
                30.2475383
              ],
              [
                77.9068517,
                30.213517
              ],
              [
                77.9003646,
                30.1854834
              ],
              [
                77.8673379,
                30.1521524
              ]
            ]
          ]
        ]
      },
      "id": "relation/8815465"
    },
    {
      "type": "Feature",
      "properties": {
        "@id": "relation/8815513",
        "boundary": "national_park",
        "leisure": "nature_reserve",
        "name": "Great Himalayan National Park",
        "protect_class": "2",
        "source": "source=http://www.greathimalayannationalpark.com/GHNP_maps2a_images/GHNP_maps2a_r2_c1.gif",
        "type": "boundary",
        "wikidata": "Q1544213"
      },
      "geometry": {
        "type": "MultiPolygon",
        "coordinates": [
          [
            [
              [
                77.7745825,
                31.9562079
              ],
              [
                77.7374263,
                31.9538114
              ],
              [
                77.7193077,
                31.9207281
              ],
              [
                77.7164805,
                31.9203862
              ],
              [
                77.7131653,
                31.9199127
              ],
              [
                77.7082729,
                31.9207505
              ],
              [
                77.7057195,
                31.9218979
              ],
              [
                77.7037454,
                31.9228085
              ],
              [
                77.7011919,
                31.9262961
              ],
              [
                77.6991749,
                31.9267423
              ],
              [
                77.6956022,
                31.9283176
              ],
              [
                77.6919462,
                31.9288009
              ],
              [
                77.6838899,
                31.9146571
              ],
              [
                77.6756358,
                31.9111336
              ],
              [
                77.6679301,
                31.9045149
              ],
              [
                77.6268195,
                31.8865586
              ],
              [
                77.6056409,
                31.8794527
              ],
              [
                77.5842106,
                31.8763379
              ],
              [
                77.5827712,
                31.8711284
              ],
              [
                77.5927663,
                31.8563637
              ],
              [
                77.5990748,
                31.8486175
              ],
              [
                77.6052063,
                31.8434546
              ],
              [
                77.6078296,
                31.8371793
              ],
              [
                77.6106512,
                31.832713
              ],
              [
                77.6113164,
                31.831446
              ],
              [
                77.6131832,
                31.8304342
              ],
              [
                77.6131081,
                31.8291398
              ],
              [
                77.6138699,
                31.8277816
              ],
              [
                77.6152217,
                31.8265783
              ],
              [
                77.6159727,
                31.8258946
              ],
              [
                77.616477,
                31.8246822
              ],
              [
                77.6170242,
                31.8238162
              ],
              [
                77.6175392,
                31.823096
              ],
              [
                77.6177966,
                31.8222118
              ],
              [
                77.6175606,
                31.8208079
              ],
              [
                77.6171207,
                31.8192125
              ],
              [
                77.6162839,
                31.8183282
              ],
              [
                77.615139,
                31.8169715
              ],
              [
                77.6136231,
                31.8156388
              ],
              [
                77.6119387,
                31.8151282
              ],
              [
                77.6111233,
                31.8142621
              ],
              [
                77.6086342,
                31.8121652
              ],
              [
                77.6063812,
                31.8103235
              ],
              [
                77.6043856,
                31.8083724
              ],
              [
                77.6038706,
                31.8079256
              ],
              [
                77.6027226,
                31.80757
              ],
              [
                77.6022076,
                31.8066948
              ],
              [
                77.6007163,
                31.8053362
              ],
              [
                77.5998473,
                31.8039047
              ],
              [
                77.5991392,
                31.8015796
              ],
              [
                77.5981592,
                31.7998502
              ],
              [
                77.5983453,
                31.798142
              ],
              [
                77.5935817,
                31.797686
              ],
              [
                77.5921547,
                31.7978137
              ],
              [
                77.5905025,
                31.7977499
              ],
              [
                77.5896227,
                31.7972119
              ],
              [
                77.5888288,
                31.796455
              ],
              [
                77.5874233,
                31.7955796
              ],
              [
                77.5840437,
                31.7959535
              ],
              [
                77.5804174,
                31.7943759
              ],
              [
                77.5788885,
                31.7940203
              ],
              [
                77.575804,
                31.7938744
              ],
              [
                77.5731057,
                31.7927345
              ],
              [
                77.570402,
                31.7922694
              ],
              [
                77.5695169,
                31.7923241
              ],
              [
                77.5683957,
                31.7926387
              ],
              [
                77.5679558,
                31.7922056
              ],
              [
                77.5673658,
                31.7916812
              ],
              [
                77.5669312,
                31.7911341
              ],
              [
                77.5663948,
                31.7904045
              ],
              [
                77.5658745,
                31.7896887
              ],
              [
                77.5638789,
                31.7888725
              ],
              [
                77.5624144,
                31.7887311
              ],
              [
                77.560333,
                31.7888315
              ],
              [
                77.5591367,
                31.7888816
              ],
              [
                77.5582087,
                31.7885761
              ],
              [
                77.5571396,
                31.7880383
              ],
              [
                77.5540781,
                31.788266
              ],
              [
                77.5519216,
                31.7886582
              ],
              [
                77.5507307,
                31.7885761
              ],
              [
                77.5475871,
                31.7869163
              ],
              [
                77.5455594,
                31.785749
              ],
              [
                77.5435209,
                31.7872264
              ],
              [
                77.5414503,
                31.7880061
              ],
              [
                77.539444,
                31.7883071
              ],
              [
                77.5387144,
                31.7877006
              ],
              [
                77.5367617,
                31.7865881
              ],
              [
                77.535367,
                31.7883025
              ],
              [
                77.5323844,
                31.787956
              ],
              [
                77.529788,
                31.7887585
              ],
              [
                77.5288009,
                31.7884667
              ],
              [
                77.526505,
                31.7889409
              ],
              [
                77.5248742,
                31.7880837
              ],
              [
                77.5222134,
                31.7883937
              ],
              [
                77.5209754,
                31.788599
              ],
              [
                77.5178146,
                31.7891233
              ],
              [
                77.5152182,
                31.789944
              ],
              [
                77.5132012,
                31.7894516
              ],
              [
                77.5088024,
                31.7891598
              ],
              [
                77.5063777,
                31.7895793
              ],
              [
                77.5045967,
                31.7894881
              ],
              [
                77.5027084,
                31.7897616
              ],
              [
                77.5007558,
                31.7892145
              ],
              [
                77.4986529,
                31.789634
              ],
              [
                77.496078,
                31.7892692
              ],
              [
                77.4933314,
                31.7894516
              ],
              [
                77.4903652,
                31.7886066
              ],
              [
                77.4888575,
                31.7886673
              ],
              [
                77.4878919,
                31.7890321
              ],
              [
                77.4871945,
                31.7888041
              ],
              [
                77.4866152,
                31.7883664
              ],
              [
                77.4839651,
                31.7883299
              ],
              [
                77.4824631,
                31.7883208
              ],
              [
                77.4817014,
                31.7879651
              ],
              [
                77.4814761,
                31.7874362
              ],
              [
                77.4813151,
                31.7867978
              ],
              [
                77.4806178,
                31.7864786
              ],
              [
                77.4763048,
                31.7864421
              ],
              [
                77.4746096,
                31.7867157
              ],
              [
                77.4728072,
                31.7861777
              ],
              [
                77.47123,
                31.7869619
              ],
              [
                77.470082,
                31.7875456
              ],
              [
                77.4694276,
                31.7878374
              ],
              [
                77.4679685,
                31.7877189
              ],
              [
                77.4667776,
                31.7881019
              ],
              [
                77.4658334,
                31.7885488
              ],
              [
                77.4653721,
                31.7886035
              ],
              [
                77.4649966,
                31.7884302
              ],
              [
                77.464782,
                31.7879925
              ],
              [
                77.4646962,
                31.7872355
              ],
              [
                77.4639451,
                31.7867157
              ],
              [
                77.4628508,
                31.7863692
              ],
              [
                77.4610805,
                31.7855119
              ],
              [
                77.4596858,
                31.7859132
              ],
              [
                77.4591279,
                31.7864056
              ],
              [
                77.4583125,
                31.7868616
              ],
              [
                77.4577761,
                31.7868799
              ],
              [
                77.4569178,
                31.7864148
              ],
              [
                77.4561131,
                31.7857308
              ],
              [
                77.4553299,
                31.7854937
              ],
              [
                77.4533129,
                31.785366
              ],
              [
                77.4519825,
                31.7858402
              ],
              [
                77.4505448,
                31.785293
              ],
              [
                77.4473262,
                31.7853295
              ],
              [
                77.4470687,
                31.7843628
              ],
              [
                77.446146,
                31.7841804
              ],
              [
                77.4439144,
                31.7846729
              ],
              [
                77.4430132,
                31.7841804
              ],
              [
                77.4403524,
                31.7839798
              ],
              [
                77.4383139,
                31.7831043
              ],
              [
                77.4356746,
                31.7821193
              ],
              [
                77.4346447,
                31.7807878
              ],
              [
                77.4323272,
                31.7801493
              ],
              [
                77.4313663,
                31.7793394
              ],
              [
                77.430439,
                31.7797024
              ],
              [
                77.4299669,
                31.7806053
              ],
              [
                77.4299133,
                31.7812802
              ],
              [
                77.4296665,
                31.7814626
              ],
              [
                77.4291301,
                31.781189
              ],
              [
                77.4285722,
                31.7807786
              ],
              [
                77.4275207,
                31.7804959
              ],
              [
                77.4266195,
                31.7797024
              ],
              [
                77.4253194,
                31.778918
              ],
              [
                77.4230039,
                31.7799213
              ],
              [
                77.4212336,
                31.7810978
              ],
              [
                77.4199676,
                31.7810796
              ],
              [
                77.4188518,
                31.7807513
              ],
              [
                77.4165344,
                31.7816998
              ],
              [
                77.4147685,
                31.7816727
              ],
              [
                77.4096218,
                31.7612674
              ],
              [
                77.4212437,
                31.7412847
              ],
              [
                77.4353928,
                31.7226943
              ],
              [
                77.4482174,
                31.7164748
              ],
              [
                77.4488179,
                31.7040658
              ],
              [
                77.4464531,
                31.6804677
              ],
              [
                77.4702289,
                31.6570305
              ],
              [
                77.5022422,
                31.6377578
              ],
              [
                77.505455,
                31.6397177
              ],
              [
                77.5076651,
                31.6421109
              ],
              [
                77.5111842,
                31.6434079
              ],
              [
                77.5141668,
                31.6461297
              ],
              [
                77.5172567,
                31.6469517
              ],
              [
                77.5206041,
                31.6464585
              ],
              [
                77.528243,
                31.6480477
              ],
              [
                77.5336504,
                31.6513174
              ],
              [
                77.5372553,
                31.651975
              ],
              [
                77.5385642,
                31.6547331
              ],
              [
                77.541989,
                31.6564862
              ],
              [
                77.5511384,
                31.6574363
              ],
              [
                77.5563311,
                31.6574546
              ],
              [
                77.5592065,
                31.6573998
              ],
              [
                77.5616312,
                31.6580938
              ],
              [
                77.5636482,
                31.6597924
              ],
              [
                77.5668239,
                31.6632626
              ],
              [
                77.5717377,
                31.6623677
              ],
              [
                77.5784969,
                31.6611622
              ],
              [
                77.5852418,
                31.6630337
              ],
              [
                77.593174,
                31.6621668
              ],
              [
                77.6080012,
                31.6612718
              ],
              [
                77.638624,
                31.6571372
              ],
              [
                77.6756429,
                31.7004037
              ],
              [
                77.6874308,
                31.7035827
              ],
              [
                77.7120065,
                31.7039634
              ],
              [
                77.7217269,
                31.7079065
              ],
              [
                77.7268822,
                31.7108064
              ],
              [
                77.7329278,
                31.7140399
              ],
              [
                77.7482494,
                31.7135287
              ],
              [
                77.7508877,
                31.7164312
              ],
              [
                77.7525186,
                31.7179461
              ],
              [
                77.7533654,
                31.7238901
              ],
              [
                77.7501154,
                31.7313428
              ],
              [
                77.7492999,
                31.7441901
              ],
              [
                77.7482953,
                31.7489699
              ],
              [
                77.7595406,
                31.7551137
              ],
              [
                77.7632045,
                31.7607211
              ],
              [
                77.7714082,
                31.7580179
              ],
              [
                77.7844905,
                31.7528391
              ],
              [
                77.795505,
                31.7593404
              ],
              [
                77.8007126,
                31.7600824
              ],
              [
                77.8046179,
                31.7612592
              ],
              [
                77.8084373,
                31.7620529
              ],
              [
                77.8130812,
                31.7602568
              ],
              [
                77.8277278,
                31.7605568
              ],
              [
                77.8307962,
                31.7675259
              ],
              [
                77.8382993,
                31.7706655
              ],
              [
                77.8551507,
                31.7694099
              ],
              [
                77.8586466,
                31.774906
              ],
              [
                77.8568506,
                31.7800633
              ],
              [
                77.8614167,
                31.7835442
              ],
              [
                77.8684431,
                31.7825236
              ],
              [
                77.8476042,
                31.8129058
              ],
              [
                77.8339218,
                31.8334081
              ],
              [
                77.8271657,
                31.8493058
              ],
              [
                77.8445219,
                31.8657758
              ],
              [
                77.8634,
                31.8865199
              ],
              [
                77.814052,
                31.8985346
              ],
              [
                77.802675,
                31.9022596
              ],
              [
                77.7861082,
                31.9183138
              ],
              [
                77.7745825,
                31.9562079
              ]
            ]
          ],
          [
            [
              [
                77.5608422,
                31.8594426
              ],
              [
                77.5624214,
                31.8782351
              ],
              [
                77.5548506,
                31.8822222
              ],
              [
                77.5500927,
                31.8893843
              ],
              [
                77.521714,
                31.9003362
              ],
              [
                77.4959152,
                31.8977809
              ],
              [
                77.4980651,
                31.9134767
              ],
              [
                77.4873156,
                31.9258854
              ],
              [
                77.4757061,
                31.9266153
              ],
              [
                77.4714063,
                31.922236
              ],
              [
                77.4284447,
                31.9053601
              ],
              [
                77.4241519,
                31.9010785
              ],
              [
                77.4159336,
                31.8942105
              ],
              [
                77.402544,
                31.8872373
              ],
              [
                77.3972654,
                31.8855565
              ],
              [
                77.394669,
                31.8821311
              ],
              [
                77.3894334,
                31.8784869
              ],
              [
                77.3884034,
                31.87528
              ],
              [
                77.3838758,
                31.8705057
              ],
              [
                77.3740463,
                31.8635483
              ],
              [
                77.3902469,
                31.8472222
              ],
              [
                77.3892134,
                31.8461978
              ],
              [
                77.3882693,
                31.8455508
              ],
              [
                77.3876148,
                31.8449538
              ],
              [
                77.3872018,
                31.844767
              ],
              [
                77.3857963,
                31.8439923
              ],
              [
                77.3857748,
                31.8432632
              ],
              [
                77.3854423,
                31.8428712
              ],
              [
                77.3838919,
                31.841618
              ],
              [
                77.3836881,
                31.8410347
              ],
              [
                77.3812258,
                31.8390387
              ],
              [
                77.3803782,
                31.8383916
              ],
              [
                77.3788869,
                31.8378447
              ],
              [
                77.377696,
                31.8378994
              ],
              [
                77.3767787,
                31.8378447
              ],
              [
                77.376194,
                31.8377718
              ],
              [
                77.37562,
                31.8374846
              ],
              [
                77.3747563,
                31.8372158
              ],
              [
                77.372911,
                31.8368968
              ],
              [
                77.3724335,
                31.8367646
              ],
              [
                77.3720205,
                31.8363818
              ],
              [
                77.3718274,
                31.8359534
              ],
              [
                77.3716235,
                31.8356708
              ],
              [
                77.3709154,
                31.834969
              ],
              [
                77.3690379,
                31.8344449
              ],
              [
                77.3683512,
                31.8339845
              ],
              [
                77.3681688,
                31.8337157
              ],
              [
                77.3677558,
                31.833228
              ],
              [
                77.367053,
                31.8327403
              ],
              [
                77.3660016,
                31.8318015
              ],
              [
                77.3648,
                31.8316739
              ],
              [
                77.3641026,
                31.8311999
              ],
              [
                77.3628366,
                31.8309173
              ],
              [
                77.3618603,
                31.8302154
              ],
              [
                77.3613775,
                31.8297141
              ],
              [
                77.3614955,
                31.829231
              ],
              [
                77.3620212,
                31.8284653
              ],
              [
                77.361592,
                31.8274899
              ],
              [
                77.3617422,
                31.8265783
              ],
              [
                77.362107,
                31.8258126
              ],
              [
                77.3619568,
                31.8248281
              ],
              [
                77.3613775,
                31.8246093
              ],
              [
                77.3606801,
                31.8247734
              ],
              [
                77.3600149,
                31.8252337
              ],
              [
                77.3595858,
                31.8254206
              ],
              [
                77.3591351,
                31.8252109
              ],
              [
                77.3590493,
                31.8246549
              ],
              [
                77.3590493,
                31.8242355
              ],
              [
                77.3583358,
                31.8239347
              ],
              [
                77.3577672,
                31.8237068
              ],
              [
                77.3569626,
                31.8235518
              ],
              [
                77.3566782,
                31.8237661
              ],
              [
                77.356469,
                31.8240441
              ],
              [
                77.3561633,
                31.8241626
              ],
              [
                77.3559219,
                31.8239529
              ],
              [
                77.3556268,
                31.8236567
              ],
              [
                77.3555893,
                31.8232009
              ],
              [
                77.354908,
                31.8226539
              ],
              [
                77.3535805,
                31.8224
              ],
              [
                77.3701756,
                31.8082253
              ],
              [
                77.3755502,
                31.8129766
              ],
              [
                77.3794555,
                31.8191578
              ],
              [
                77.3808718,
                31.8229137
              ],
              [
                77.3829746,
                31.8239894
              ],
              [
                77.3838973,
                31.8257761
              ],
              [
                77.384785,
                31.8276403
              ],
              [
                77.389884,
                31.830735
              ],
              [
                77.3938966,
                31.8345998
              ],
              [
                77.3949146,
                31.8351453
              ],
              [
                77.3970508,
                31.8350191
              ],
              [
                77.3988533,
                31.8367509
              ],
              [
                77.4015784,
                31.8369879
              ],
              [
                77.4029732,
                31.8377171
              ],
              [
                77.4041104,
                31.8396129
              ],
              [
                77.4054837,
                31.841454
              ],
              [
                77.4078226,
                31.8434774
              ],
              [
                77.4107623,
                31.8422561
              ],
              [
                77.4137878,
                31.8409801
              ],
              [
                77.4205041,
                31.8404697
              ],
              [
                77.4271345,
                31.8395947
              ],
              [
                77.4325797,
                31.8422943
              ],
              [
                77.4382496,
                31.8400322
              ],
              [
                77.4420261,
                31.8402874
              ],
              [
                77.4447298,
                31.8415451
              ],
              [
                77.4489569,
                31.8443158
              ],
              [
                77.4556303,
                31.8430763
              ],
              [
                77.4639129,
                31.8387744
              ],
              [
                77.4736771,
                31.8333087
              ],
              [
                77.4811649,
                31.83192
              ],
              [
                77.4924945,
                31.8346545
              ],
              [
                77.4999189,
                31.8385192
              ],
              [
                77.5096178,
                31.8438055
              ],
              [
                77.5227499,
                31.8424201
              ],
              [
                77.5285005,
                31.8404514
              ],
              [
                77.5379848,
                31.8425295
              ],
              [
                77.5430059,
                31.8397223
              ],
              [
                77.5460958,
                31.8387744
              ],
              [
                77.5508165,
                31.8393577
              ],
              [
                77.552985,
                31.8405724
              ],
              [
                77.5608422,
                31.8594426
              ]
            ]
          ]
        ]
      },
      "id": "relation/8815513"
    },
    {
      "type": "Feature",
      "properties": {
        "@id": "relation/9291077",
        "boundary": "protected_area",
        "leisure": "nature_reserve",
        "name": "Sech Tuan Nala WLS",
        "protect_class": "4",
        "type": "boundary",
        "wikidata": "Q137008771",
        "wikipedia": "en:Sechu Tuan Nala Wildlife Sanctuary"
      },
      "geometry": {
        "type": "Polygon",
        "coordinates": [
          [
            [
              76.7473655,
              33.1790266
            ],
            [
              76.7458627,
              33.1787948
            ],
            [
              76.7438112,
              33.1782516
            ],
            [
              76.7421878,
              33.1781745
            ],
            [
              76.7397172,
              33.1780841
            ],
            [
              76.735179,
              33.1783727
            ],
            [
              76.7330033,
              33.1783042
            ],
            [
              76.7315262,
              33.1779537
            ],
            [
              76.7294044,
              33.1773845
            ],
            [
              76.7276318,
              33.1777964
            ],
            [
              76.7256691,
              33.1784771
            ],
            [
              76.7244987,
              33.1795004
            ],
            [
              76.7233628,
              33.1802714
            ],
            [
              76.7210727,
              33.1815745
            ],
            [
              76.7193744,
              33.181506
            ],
            [
              76.718496,
              33.1813266
            ],
            [
              76.7171433,
              33.1807249
            ],
            [
              76.7158265,
              33.1802723
            ],
            [
              76.714913,
              33.179851
            ],
            [
              76.7116008,
              33.1802198
            ],
            [
              76.7091663,
              33.1802229
            ],
            [
              76.7081892,
              33.1791238
            ],
            [
              76.7076716,
              33.1780526
            ],
            [
              76.7075974,
              33.1767531
            ],
            [
              76.7053809,
              33.1753932
            ],
            [
              76.7032997,
              33.1748418
            ],
            [
              76.7012523,
              33.1741072
            ],
            [
              76.6966659,
              33.1728365
            ],
            [
              76.6938736,
              33.1727948
            ],
            [
              76.6895766,
              33.1730388
            ],
            [
              76.6852412,
              33.1731846
            ],
            [
              76.6830198,
              33.1731802
            ],
            [
              76.679877,
              33.1729059
            ],
            [
              76.6777194,
              33.1716778
            ],
            [
              76.6760165,
              33.1707769
            ],
            [
              76.6736037,
              33.1706328
            ],
            [
              76.6715903,
              33.1707023
            ],
            [
              76.6696849,
              33.1703131
            ],
            [
              76.6678568,
              33.1706084
            ],
            [
              76.6646819,
              33.1715045
            ],
            [
              76.6631597,
              33.1709074
            ],
            [
              76.6626479,
              33.1697071
            ],
            [
              76.6618057,
              33.1689539
            ],
            [
              76.6601857,
              33.16758
            ],
            [
              76.6589237,
              33.167222
            ],
            [
              76.6567698,
              33.1653506
            ],
            [
              76.6553964,
              33.1647447
            ],
            [
              76.6545094,
              33.1640618
            ],
            [
              76.6533189,
              33.1640615
            ],
            [
              76.6513613,
              33.1642045
            ],
            [
              76.6498035,
              33.1641414
            ],
            [
              76.6482908,
              33.1637341
            ],
            [
              76.6465524,
              33.1631116
            ],
            [
              76.6447603,
              33.1622635
            ],
            [
              76.6435709,
              33.1617278
            ],
            [
              76.6414828,
              33.1615023
            ],
            [
              76.6395808,
              33.1615761
            ],
            [
              76.6375149,
              33.1613868
            ],
            [
              76.6358162,
              33.1614238
            ],
            [
              76.633776,
              33.1617458
            ],
            [
              76.6322668,
              33.1624395
            ],
            [
              76.6302891,
              33.1637472
            ],
            [
              76.6285569,
              33.1650155
            ],
            [
              76.6279884,
              33.165323
            ],
            [
              76.6112707,
              33.1513495
            ],
            [
              76.5674113,
              33.1397792
            ],
            [
              76.5844916,
              33.132664
            ],
            [
              76.5988254,
              33.1217382
            ],
            [
              76.5987395,
              33.0913979
            ],
            [
              76.5841483,
              33.0675927
            ],
            [
              76.5551373,
              33.038601
            ],
            [
              76.554794,
              33.0052088
            ],
            [
              76.5812298,
              33.0043451
            ],
            [
              76.6138455,
              33.0296784
            ],
            [
              76.6373633,
              33.0368739
            ],
            [
              76.6462039,
              33.0112547
            ],
            [
              76.6310116,
              32.9839004
            ],
            [
              76.6021725,
              32.9824604
            ],
            [
              76.563549,
              32.986006
            ],
            [
              76.6674038,
              32.9605703
            ],
            [
              76.6746136,
              32.941268
            ],
            [
              76.6318701,
              32.9319032
            ],
            [
              76.5553091,
              32.9591298
            ],
            [
              76.5242382,
              32.9202322
            ],
            [
              76.5178871,
              32.8934078
            ],
            [
              76.600542,
              32.8322169
            ],
            [
              76.6787337,
              32.879299
            ],
            [
              76.7124652,
              32.9175662
            ],
            [
              76.7414625,
              32.909534
            ],
            [
              76.7469519,
              32.9080133
            ],
            [
              76.7548656,
              32.9058211
            ],
            [
              76.7776107,
              33.0183799
            ],
            [
              76.7504881,
              33.0603277
            ],
            [
              76.7408515,
              33.0997245
            ],
            [
              76.7496298,
              33.14905
            ],
            [
              76.7473655,
              33.1790266
            ]
          ]
        ]
      },
      "id": "relation/9291077"
    },
    {
      "type": "Feature",
      "properties": {
        "@id": "relation/9298034",
        "boundary": "protected_area",
        "leisure": "nature_reserve",
        "name": "Binsar WLS",
        "name:hi": "बिनसर वन्यजीव अभयारण्य",
        "protect_class": "4",
        "type": "boundary",
        "wikidata": "Q3635045"
      },
      "geometry": {
        "type": "Polygon",
        "coordinates": [
          [
            [
              79.6911657,
              29.6885467
            ],
            [
              79.7067976,
              29.6865428
            ],
            [
              79.7116899,
              29.6857413
            ],
            [
              79.7205841,
              29.6815375
            ],
            [
              79.7238349,
              29.6780234
            ],
            [
              79.7238349,
              29.6718338
            ],
            [
              79.7213244,
              29.664553
            ],
            [
              79.7241998,
              29.662213
            ],
            [
              79.7290492,
              29.6633504
            ],
            [
              79.7299289,
              29.6652895
            ],
            [
              79.7348213,
              29.6639097
            ],
            [
              79.7375679,
              29.6618774
            ],
            [
              79.7638857,
              29.6696803
            ],
            [
              79.7676086,
              29.6706405
            ],
            [
              79.7695398,
              29.6726355
            ],
            [
              79.774754,
              29.6736795
            ],
            [
              79.7781873,
              29.6750591
            ],
            [
              79.7808695,
              29.6752456
            ],
            [
              79.7828865,
              29.6743693
            ],
            [
              79.7856545,
              29.6744439
            ],
            [
              79.7895383,
              29.6750778
            ],
            [
              79.7924566,
              29.6743321
            ],
            [
              79.7949599,
              29.6742313
            ],
            [
              79.7953446,
              29.6743748
            ],
            [
              79.7955024,
              29.6744113
            ],
            [
              79.795638,
              29.674362
            ],
            [
              79.7956799,
              29.6741627
            ],
            [
              79.795729,
              29.6740704
            ],
            [
              79.796104,
              29.6733658
            ],
            [
              79.7966292,
              29.6727809
            ],
            [
              79.7985076,
              29.670566
            ],
            [
              79.8037434,
              29.6689625
            ],
            [
              79.8072624,
              29.6681049
            ],
            [
              79.8081422,
              29.6715728
            ],
            [
              79.8116612,
              29.6784149
            ],
            [
              79.8149228,
              29.6857785
            ],
            [
              79.8053741,
              29.6889475
            ],
            [
              79.8047519,
              29.6909048
            ],
            [
              79.8007393,
              29.6925265
            ],
            [
              79.7977352,
              29.6895627
            ],
            [
              79.7923493,
              29.6862259
            ],
            [
              79.7858691,
              29.6838118
            ],
            [
              79.7845602,
              29.6831687
            ],
            [
              79.7811055,
              29.6851261
            ],
            [
              79.7748613,
              29.686431
            ],
            [
              79.773252,
              29.693384
            ],
            [
              79.8008197,
              29.7061842
            ],
            [
              79.802885,
              29.7076239
            ],
            [
              79.8048591,
              29.7092827
            ],
            [
              79.8040867,
              29.7108482
            ],
            [
              79.802134,
              29.7129355
            ],
            [
              79.800353,
              29.7120036
            ],
            [
              79.797821,
              29.7113234
            ],
            [
              79.7959757,
              29.7128889
            ],
            [
              79.7946292,
              29.7131265
            ],
            [
              79.7946131,
              29.7137648
            ],
            [
              79.7961473,
              29.7147059
            ],
            [
              79.7947311,
              29.7166254
            ],
            [
              79.7905898,
              29.7191226
            ],
            [
              79.7867703,
              29.7210606
            ],
            [
              79.7831869,
              29.7208743
            ],
            [
              79.7793031,
              29.7211724
            ],
            [
              79.7768998,
              29.7222346
            ],
            [
              79.7773129,
              29.7240468
            ],
            [
              79.7791743,
              29.725682
            ],
            [
              79.7769213,
              29.727005
            ],
            [
              79.7740728,
              29.7294739
            ],
            [
              79.7743142,
              29.7317471
            ],
            [
              79.7721791,
              29.7321477
            ],
            [
              79.7697222,
              29.7328837
            ],
            [
              79.7693145,
              29.7341694
            ],
            [
              79.766922,
              29.7351383
            ],
            [
              79.7653019,
              29.7362748
            ],
            [
              79.7633171,
              29.735129
            ],
            [
              79.7624266,
              29.7346818
            ],
            [
              79.7614825,
              29.7367127
            ],
            [
              79.7612625,
              29.7402294
            ],
            [
              79.7595405,
              29.7408303
            ],
            [
              79.7579312,
              29.7404018
            ],
            [
              79.7562575,
              29.7372158
            ],
            [
              79.7539401,
              29.7382964
            ],
            [
              79.7522449,
              29.7393398
            ],
            [
              79.7493696,
              29.7383896
            ],
            [
              79.7494983,
              29.7350731
            ],
            [
              79.7469234,
              29.7349799
            ],
            [
              79.7463763,
              29.737607
            ],
            [
              79.7458076,
              29.7380728
            ],
            [
              79.7429323,
              29.7364891
            ],
            [
              79.7435546,
              29.7358184
            ],
            [
              79.7416234,
              29.7344768
            ],
            [
              79.737482,
              29.7357438
            ],
            [
              79.7373748,
              29.7369363
            ],
            [
              79.7384047,
              29.7385759
            ],
            [
              79.737246,
              29.7386131
            ],
            [
              79.7344565,
              29.7367313
            ],
            [
              79.7323322,
              29.7358184
            ],
            [
              79.7325897,
              29.739023
            ],
            [
              79.734993,
              29.7414451
            ],
            [
              79.7339415,
              29.7434572
            ],
            [
              79.7321605,
              29.7412029
            ],
            [
              79.7303366,
              29.7398801
            ],
            [
              79.7292208,
              29.7421904
            ],
            [
              79.7276974,
              29.7411843
            ],
            [
              79.7257447,
              29.7399546
            ],
            [
              79.7219467,
              29.7414451
            ],
            [
              79.7170544,
              29.7404018
            ],
            [
              79.7197151,
              29.7388554
            ],
            [
              79.7226226,
              29.731831
            ],
            [
              79.7242856,
              29.7310857
            ],
            [
              79.7296714,
              29.7283093
            ],
            [
              79.7312808,
              29.7235576
            ],
            [
              79.7285986,
              29.7195884
            ],
            [
              79.7282767,
              29.7167559
            ],
            [
              79.7267961,
              29.7125068
            ],
            [
              79.7291135,
              29.7099722
            ],
            [
              79.7294139,
              29.7066921
            ],
            [
              79.725852,
              29.7044928
            ],
            [
              79.7225904,
              29.702219
            ],
            [
              79.7173011,
              29.7012311
            ],
            [
              79.7167325,
              29.6996375
            ],
            [
              79.7157239,
              29.6973729
            ],
            [
              79.7089433,
              29.6970001
            ],
            [
              79.7045982,
              29.6975779
            ],
            [
              79.6978712,
              29.6930112
            ],
            [
              79.699738,
              29.6924147
            ],
            [
              79.6992659,
              29.6916318
            ],
            [
              79.696852,
              29.6903549
            ],
            [
              79.6919918,
              29.6890128
            ],
            [
              79.6911657,
              29.6885467
            ]
          ],
          [
            [
              79.7473391,
              29.7093228
            ],
            [
              79.7470293,
              29.7090554
            ],
            [
              79.7464085,
              29.70925
            ],
            [
              79.7461188,
              29.7095482
            ],
            [
              79.7457218,
              29.7098324
            ],
            [
              79.7454493,
              29.7102095
            ],
            [
              79.7453422,
              29.7106195
            ],
            [
              79.7454034,
              29.7110036
            ],
            [
              79.7454536,
              29.7113187
            ],
            [
              79.7457164,
              29.7116122
            ],
            [
              79.7461444,
              29.7118051
            ],
            [
              79.746661,
              29.7118759
            ],
            [
              79.7475618,
              29.711575
            ],
            [
              79.7477764,
              29.7111557
            ],
            [
              79.747771,
              29.7105826
            ],
            [
              79.7476691,
              29.709907
            ],
            [
              79.7473391,
              29.7093228
            ]
          ],
          [
            [
              79.7314042,
              29.6773709
            ],
            [
              79.7310501,
              29.677287
            ],
            [
              79.7304171,
              29.6771938
            ],
            [
              79.7300792,
              29.6774221
            ],
            [
              79.729532,
              29.6774268
            ],
            [
              79.7290599,
              29.6775107
            ],
            [
              79.7280568,
              29.6776878
            ],
            [
              79.727633,
              29.6778509
            ],
            [
              79.7274613,
              29.6782751
            ],
            [
              79.727987,
              29.678853
            ],
            [
              79.7283196,
              29.6790581
            ],
            [
              79.7283196,
              29.6795148
            ],
            [
              79.727751,
              29.6795614
            ],
            [
              79.727751,
              29.6800554
            ],
            [
              79.7285128,
              29.6801393
            ],
            [
              79.7292101,
              29.68013
            ],
            [
              79.7302616,
              29.6795707
            ],
            [
              79.7312701,
              29.6793191
            ],
            [
              79.7321606,
              29.6787225
            ],
            [
              79.7326434,
              29.6781352
            ],
            [
              79.7326863,
              29.6776878
            ],
            [
              79.7314042,
              29.6773709
            ]
          ],
          [
            [
              79.7291136,
              29.6884256
            ],
            [
              79.7276544,
              29.6883324
            ],
            [
              79.7262597,
              29.688351
            ],
            [
              79.7255301,
              29.6891899
            ],
            [
              79.7251868,
              29.6902151
            ],
            [
              79.7255516,
              29.6908675
            ],
            [
              79.7260022,
              29.6913895
            ],
            [
              79.727354,
              29.6920046
            ],
            [
              79.7282767,
              29.6919487
            ],
            [
              79.7292852,
              29.6916691
            ],
            [
              79.7296715,
              29.6911844
            ],
            [
              79.7296929,
              29.6903642
            ],
            [
              79.7296929,
              29.6899169
            ],
            [
              79.7291136,
              29.6884256
            ]
          ],
          [
            [
              79.7224402,
              29.6982116
            ],
            [
              79.7231054,
              29.6977829
            ],
            [
              79.7228694,
              29.6975779
            ],
            [
              79.722172,
              29.6976617
            ],
            [
              79.7210562,
              29.6979693
            ],
            [
              79.719758,
              29.6982023
            ],
            [
              79.7190392,
              29.6986962
            ],
            [
              79.7180307,
              29.699535
            ],
            [
              79.7179556,
              29.7003178
            ],
            [
              79.7188246,
              29.7003178
            ],
            [
              79.7197902,
              29.7001314
            ],
            [
              79.7210026,
              29.6996095
            ],
            [
              79.7216785,
              29.6992461
            ],
            [
              79.7222578,
              29.6987335
            ],
            [
              79.7224402,
              29.6982116
            ]
          ],
          [
            [
              79.7351861,
              29.7008117
            ],
            [
              79.733963,
              29.700439
            ],
            [
              79.7322035,
              29.7001873
            ],
            [
              79.7318172,
              29.7005974
            ],
            [
              79.7314525,
              29.7011006
            ],
            [
              79.7312701,
              29.7017343
            ],
            [
              79.7317207,
              29.7024519
            ],
            [
              79.7327828,
              29.7028247
            ],
            [
              79.7331583,
              29.7030577
            ],
            [
              79.7348213,
              29.7034211
            ],
            [
              79.7350252,
              29.7025544
            ],
            [
              79.7350037,
              29.7021164
            ],
            [
              79.7351324,
              29.70152
            ],
            [
              79.7351861,
              29.7008117
            ]
          ],
          [
            [
              79.766289,
              29.7305453
            ],
            [
              79.7654199,
              29.7305174
            ],
            [
              79.764862,
              29.730508
            ],
            [
              79.7643149,
              29.7305826
            ],
            [
              79.763596,
              29.730741
            ],
            [
              79.76336,
              29.7309832
            ],
            [
              79.7631347,
              29.7314956
            ],
            [
              79.763006,
              29.7319055
            ],
            [
              79.7630489,
              29.7323434
            ],
            [
              79.7632956,
              29.7327813
            ],
            [
              79.763757,
              29.7331167
            ],
            [
              79.7642183,
              29.7333961
            ],
            [
              79.7648942,
              29.7335452
            ],
            [
              79.7656882,
              29.7334055
            ],
            [
              79.7662246,
              29.7331353
            ],
            [
              79.7666216,
              29.7326974
            ],
            [
              79.7667181,
              29.7320732
            ],
            [
              79.766643,
              29.7317751
            ],
            [
              79.7664177,
              29.7313372
            ],
            [
              79.766525,
              29.7309366
            ],
            [
              79.766289,
              29.7305453
            ]
          ],
          [
            [
              79.7659242,
              29.7248993
            ],
            [
              79.7650766,
              29.725244
            ],
            [
              79.7642827,
              29.7254583
            ],
            [
              79.7631454,
              29.725831
            ],
            [
              79.7622335,
              29.7262596
            ],
            [
              79.7618365,
              29.7266975
            ],
            [
              79.7616005,
              29.7272658
            ],
            [
              79.7616434,
              29.7276385
            ],
            [
              79.7621798,
              29.727918
            ],
            [
              79.7631347,
              29.7277876
            ],
            [
              79.7639394,
              29.7274056
            ],
            [
              79.7648299,
              29.7272192
            ],
            [
              79.7656345,
              29.7270888
            ],
            [
              79.7661924,
              29.7270422
            ],
            [
              79.7673082,
              29.7269304
            ],
            [
              79.7673833,
              29.7261851
            ],
            [
              79.767437,
              29.7257378
            ],
            [
              79.7674262,
              29.7251322
            ],
            [
              79.7672224,
              29.7248061
            ],
            [
              79.76704,
              29.7243776
            ],
            [
              79.7664606,
              29.7245918
            ],
            [
              79.7659242,
              29.7248993
            ]
          ],
          [
            [
              79.7726083,
              29.7024706
            ],
            [
              79.7717929,
              29.7022189
            ],
            [
              79.7712672,
              29.7021444
            ],
            [
              79.7709453,
              29.7024519
            ],
            [
              79.7708917,
              29.7030111
            ],
            [
              79.7706985,
              29.7033932
            ],
            [
              79.7702372,
              29.7037193
            ],
            [
              79.7700119,
              29.704763
            ],
            [
              79.7706127,
              29.7050613
            ],
            [
              79.7717714,
              29.7056483
            ],
            [
              79.7724581,
              29.7059093
            ],
            [
              79.7733593,
              29.7059559
            ],
            [
              79.7742069,
              29.7058254
            ],
            [
              79.7748613,
              29.705462
            ],
            [
              79.7750437,
              29.7047724
            ],
            [
              79.7750008,
              29.7042505
            ],
            [
              79.7750652,
              29.7036727
            ],
            [
              79.7748721,
              29.7031975
            ],
            [
              79.7743893,
              29.7027874
            ],
            [
              79.7737026,
              29.7024799
            ],
            [
              79.7726083,
              29.7024706
            ]
          ],
          [
            [
              79.7638911,
              29.6712977
            ],
            [
              79.7637033,
              29.6710367
            ],
            [
              79.7635102,
              29.6709575
            ],
            [
              79.7629148,
              29.6708503
            ],
            [
              79.7626305,
              29.671046
            ],
            [
              79.7623247,
              29.671377
            ],
            [
              79.7620243,
              29.6718477
            ],
            [
              79.761579,
              29.6725935
            ],
            [
              79.7615147,
              29.6729011
            ],
            [
              79.7616702,
              29.6732647
            ],
            [
              79.7619116,
              29.6736096
            ],
            [
              79.7622174,
              29.6738799
            ],
            [
              79.762727,
              29.6739638
            ],
            [
              79.7633976,
              29.673824
            ],
            [
              79.7637248,
              29.673563
            ],
            [
              79.7637945,
              29.6726867
            ],
            [
              79.763993,
              29.671899
            ],
            [
              79.7638911,
              29.6712977
            ]
          ],
          [
            [
              79.7498363,
              29.6996748
            ],
            [
              79.7493535,
              29.6987428
            ],
            [
              79.7492891,
              29.6984073
            ],
            [
              79.7491229,
              29.6980485
            ],
            [
              79.7489512,
              29.6975033
            ],
            [
              79.7486776,
              29.6973449
            ],
            [
              79.7484147,
              29.6973076
            ],
            [
              79.7482377,
              29.6973775
            ],
            [
              79.74805,
              29.6975406
            ],
            [
              79.7479588,
              29.6977736
            ],
            [
              79.747948,
              29.697974
            ],
            [
              79.7480178,
              29.6982535
            ],
            [
              79.7481787,
              29.6985984
            ],
            [
              79.7480661,
              29.6989478
            ],
            [
              79.7480231,
              29.6991995
            ],
            [
              79.7481734,
              29.6996934
            ],
            [
              79.7483236,
              29.6998425
            ],
            [
              79.7483236,
              29.7000382
            ],
            [
              79.7479963,
              29.7003551
            ],
            [
              79.7478032,
              29.7008397
            ],
            [
              79.7477925,
              29.7013057
            ],
            [
              79.7478461,
              29.70193
            ],
            [
              79.7484791,
              29.7023121
            ],
            [
              79.7488922,
              29.7023587
            ],
            [
              79.7492355,
              29.7023308
            ],
            [
              79.7495735,
              29.7021118
            ],
            [
              79.7498953,
              29.7018089
            ],
            [
              79.7500616,
              29.7013942
            ],
            [
              79.7500509,
              29.7009142
            ],
            [
              79.7500724,
              29.700411
            ],
            [
              79.7499275,
              29.6999171
            ],
            [
              79.7498363,
              29.6996748
            ]
          ],
          [
            [
              79.7475243,
              29.6958071
            ],
            [
              79.7480017,
              29.6957559
            ],
            [
              79.7480822,
              29.6957046
            ],
            [
              79.7481304,
              29.6954576
            ],
            [
              79.7480661,
              29.6951594
            ],
            [
              79.7479266,
              29.6949357
            ],
            [
              79.747594,
              29.6948285
            ],
            [
              79.7473794,
              29.6948425
            ],
            [
              79.7469449,
              29.6948239
            ],
            [
              79.7465479,
              29.6948192
            ],
            [
              79.7460759,
              29.6948612
            ],
            [
              79.7456843,
              29.6948751
            ],
            [
              79.7452819,
              29.6948006
            ],
            [
              79.7451585,
              29.6949311
            ],
            [
              79.7451585,
              29.6951687
            ],
            [
              79.7452336,
              29.695411
            ],
            [
              79.7457647,
              29.6955648
            ],
            [
              79.7462397,
              29.6955863
            ],
            [
              79.746843,
              29.6956394
            ],
            [
              79.7472668,
              29.6956766
            ],
            [
              79.7475243,
              29.6958071
            ]
          ]
        ]
      },
      "id": "relation/9298034"
    },
    {
      "type": "Feature",
      "properties": {
        "@id": "relation/9300145",
        "boundary": "protected_area",
        "leisure": "nature_reserve",
        "name": "Kalesar WLS",
        "protect_class": "4",
        "type": "boundary"
      },
      "geometry": {
        "type": "Polygon",
        "coordinates": [
          [
            [
              77.5095319,
              30.3664696
            ],
            [
              77.5186662,
              30.3786055
            ],
            [
              77.5108623,
              30.3920525
            ],
            [
              77.5086736,
              30.4021579
            ],
            [
              77.5001334,
              30.4070807
            ],
            [
              77.4918937,
              30.4143349
            ],
            [
              77.4862826,
              30.4109946
            ],
            [
              77.4843185,
              30.411305
            ],
            [
              77.4821842,
              30.4105967
            ],
            [
              77.4792552,
              30.4102914
            ],
            [
              77.4763691,
              30.4094401
            ],
            [
              77.4747062,
              30.4077191
            ],
            [
              77.4730754,
              30.4055724
            ],
            [
              77.4717879,
              30.4047026
            ],
            [
              77.4696636,
              30.4049616
            ],
            [
              77.4663806,
              30.4055446
            ],
            [
              77.4639988,
              30.4051375
            ],
            [
              77.4613809,
              30.4051745
            ],
            [
              77.4589562,
              30.4046378
            ],
            [
              77.4522185,
              30.4017692
            ],
            [
              77.4507379,
              30.4001406
            ],
            [
              77.4491715,
              30.3975865
            ],
            [
              77.4506092,
              30.3956802
            ],
            [
              77.4515533,
              30.3922376
            ],
            [
              77.4502658,
              30.3894242
            ],
            [
              77.4517464,
              30.3864255
            ],
            [
              77.4508023,
              30.3833343
            ],
            [
              77.4508238,
              30.3815017
            ],
            [
              77.450185,
              30.3813455
            ],
            [
              77.4485258,
              30.380548
            ],
            [
              77.446511,
              30.3810286
            ],
            [
              77.4454918,
              30.3813251
            ],
            [
              77.4440222,
              30.3815193
            ],
            [
              77.4427778,
              30.3812126
            ],
            [
              77.4409408,
              30.3801186
            ],
            [
              77.4393527,
              30.3788202
            ],
            [
              77.4377291,
              30.3781658
            ],
            [
              77.4379661,
              30.3773376
            ],
            [
              77.4375394,
              30.376397
            ],
            [
              77.4373143,
              30.3759164
            ],
            [
              77.4379779,
              30.3746792
            ],
            [
              77.4374802,
              30.372941
            ],
            [
              77.4363306,
              30.3720923
            ],
            [
              77.435501,
              30.3721025
            ],
            [
              77.4339484,
              30.3726138
            ],
            [
              77.4333914,
              30.3723275
            ],
            [
              77.4335692,
              30.3713766
            ],
            [
              77.4327396,
              30.3701393
            ],
            [
              77.4317914,
              30.3697405
            ],
            [
              77.42999,
              30.3695974
            ],
            [
              77.4293853,
              30.3699408
            ],
            [
              77.428916,
              30.3700131
            ],
            [
              77.428631,
              30.3697384
            ],
            [
              77.4283461,
              30.3692901
            ],
            [
              77.4275416,
              30.3684658
            ],
            [
              77.4268879,
              30.367844
            ],
            [
              77.4263851,
              30.3673234
            ],
            [
              77.4263516,
              30.366904
            ],
            [
              77.4264522,
              30.3661376
            ],
            [
              77.4259661,
              30.3658484
            ],
            [
              77.424927,
              30.3661376
            ],
            [
              77.4244577,
              30.3657616
            ],
            [
              77.4237034,
              30.3650964
            ],
            [
              77.4232341,
              30.3653856
            ],
            [
              77.4229492,
              30.3663545
            ],
            [
              77.4222117,
              30.3674246
            ],
            [
              77.4219268,
              30.3681332
            ],
            [
              77.4212564,
              30.3685237
            ],
            [
              77.4202005,
              30.3677283
            ],
            [
              77.4194798,
              30.3669619
            ],
            [
              77.4192116,
              30.366181
            ],
            [
              77.4190272,
              30.3656893
            ],
            [
              77.4183065,
              30.3653422
            ],
            [
              77.4177869,
              30.3647782
            ],
            [
              77.4176864,
              30.364113
            ],
            [
              77.4180719,
              30.3634189
            ],
            [
              77.4178707,
              30.3624788
            ],
            [
              77.4167645,
              30.361669
            ],
            [
              77.4156416,
              30.3618425
            ],
            [
              77.4150047,
              30.361076
            ],
            [
              77.4150885,
              30.3604542
            ],
            [
              77.4161612,
              30.3603385
            ],
            [
              77.416699,
              30.3599441
            ],
            [
              77.4188518,
              30.3595082
            ],
            [
              77.4194312,
              30.3588971
            ],
            [
              77.4191308,
              30.3572493
            ],
            [
              77.4179506,
              30.3560272
            ],
            [
              77.4173498,
              30.3546385
            ],
            [
              77.4178648,
              30.3537868
            ],
            [
              77.4193024,
              30.3536386
            ],
            [
              77.4189377,
              30.3526573
            ],
            [
              77.4196673,
              30.3519469
            ],
            [
              77.4203192,
              30.3535015
            ],
            [
              77.4206154,
              30.3545548
            ],
            [
              77.4215991,
              30.3548309
            ],
            [
              77.4222628,
              30.3541662
            ],
            [
              77.4222391,
              30.3528367
            ],
            [
              77.4229502,
              30.3526628
            ],
            [
              77.4246094,
              30.3524992
            ],
            [
              77.4261738,
              30.3532765
            ],
            [
              77.4265531,
              30.3535935
            ],
            [
              77.4272642,
              30.3541969
            ],
            [
              77.4285086,
              30.3548923
            ],
            [
              77.4291367,
              30.3558025
            ],
            [
              77.42967,
              30.356682
            ],
            [
              77.4303218,
              30.3579705
            ],
            [
              77.4302626,
              30.3604453
            ],
            [
              77.4309974,
              30.3612327
            ],
            [
              77.4318744,
              30.3616929
            ],
            [
              77.4332373,
              30.3624803
            ],
            [
              77.4342803,
              30.362511
            ],
            [
              77.4353113,
              30.3618974
            ],
            [
              77.4364609,
              30.3614475
            ],
            [
              77.4369706,
              30.3618668
            ],
            [
              77.4366624,
              30.3625417
            ],
            [
              77.4370772,
              30.363237
            ],
            [
              77.4384757,
              30.3633802
            ],
            [
              77.4398031,
              30.3635949
            ],
            [
              77.4407393,
              30.3635438
            ],
            [
              77.4416638,
              30.3626133
            ],
            [
              77.4424223,
              30.3624599
            ],
            [
              77.4441052,
              30.3635131
            ],
            [
              77.4459777,
              30.3648118
            ],
            [
              77.4476014,
              30.3657628
            ],
            [
              77.4482651,
              30.366315
            ],
            [
              77.4492961,
              30.3675216
            ],
            [
              77.4483362,
              30.3682885
            ],
            [
              77.4478621,
              30.3689021
            ],
            [
              77.4475895,
              30.3699655
            ],
            [
              77.4480636,
              30.370896
            ],
            [
              77.4487747,
              30.3720412
            ],
            [
              77.4498413,
              30.3726138
            ],
            [
              77.4503509,
              30.3739533
            ],
            [
              77.4513583,
              30.3756506
            ],
            [
              77.4514887,
              30.3763049
            ],
            [
              77.4523183,
              30.3760084
            ],
            [
              77.4532664,
              30.3762334
            ],
            [
              77.4533138,
              30.3770104
            ],
            [
              77.4531834,
              30.3788713
            ],
            [
              77.4531005,
              30.3794847
            ],
            [
              77.4543568,
              30.3819896
            ],
            [
              77.4548545,
              30.3834517
            ],
            [
              77.4587202,
              30.3828345
            ],
            [
              77.461338,
              30.3817239
            ],
            [
              77.4629044,
              30.3825754
            ],
            [
              77.4635911,
              30.3842783
            ],
            [
              77.4647927,
              30.3853334
            ],
            [
              77.4658441,
              30.3866106
            ],
            [
              77.4674105,
              30.3870734
            ],
            [
              77.4698996,
              30.3862034
            ],
            [
              77.4700928,
              30.3853149
            ],
            [
              77.4684405,
              30.3837786
            ],
            [
              77.4680328,
              30.3829826
            ],
            [
              77.4696207,
              30.3817239
            ],
            [
              77.4715733,
              30.38202
            ],
            [
              77.4725175,
              30.3824273
            ],
            [
              77.4724316,
              30.38028
            ],
            [
              77.4701142,
              30.37941
            ],
            [
              77.4689126,
              30.3784844
            ],
            [
              77.4677968,
              30.3775218
            ],
            [
              77.4687838,
              30.3770775
            ],
            [
              77.4703073,
              30.3772256
            ],
            [
              77.4714231,
              30.3765036
            ],
            [
              77.4723243,
              30.3757076
            ],
            [
              77.4721312,
              30.3749301
            ],
            [
              77.4691486,
              30.3727271
            ],
            [
              77.465372,
              30.3709499
            ],
            [
              77.4642133,
              30.3673213
            ],
            [
              77.4640846,
              30.3642479
            ],
            [
              77.4634838,
              30.3634333
            ],
            [
              77.4608659,
              30.3624335
            ],
            [
              77.4587202,
              30.3586565
            ],
            [
              77.4584412,
              30.3577492
            ],
            [
              77.4599433,
              30.3572307
            ],
            [
              77.4606299,
              30.356379
            ],
            [
              77.4617028,
              30.3553606
            ],
            [
              77.4623465,
              30.3549163
            ],
            [
              77.4645781,
              30.3542127
            ],
            [
              77.4666595,
              30.3554532
            ],
            [
              77.4679041,
              30.3557865
            ],
            [
              77.4695777,
              30.353472
            ],
            [
              77.4722814,
              30.3560457
            ],
            [
              77.4739551,
              30.3596007
            ],
            [
              77.4776459,
              30.3656735
            ],
            [
              77.4798238,
              30.3660808
            ],
            [
              77.4798131,
              30.3655069
            ],
            [
              77.478708,
              30.3640628
            ],
            [
              77.4786973,
              30.3623409
            ],
            [
              77.4783432,
              30.3613782
            ],
            [
              77.4793839,
              30.3604617
            ],
            [
              77.4806607,
              30.3598414
            ],
            [
              77.4813259,
              30.3597581
            ],
            [
              77.4830747,
              30.3598692
            ],
            [
              77.4833964,
              30.3546571
            ],
            [
              77.4834823,
              30.3516204
            ],
            [
              77.486658,
              30.3477689
            ],
            [
              77.4923228,
              30.3456949
            ],
            [
              77.4951552,
              30.3524351
            ],
            [
              77.4993765,
              30.3558436
            ],
            [
              77.5071715,
              30.3621373
            ],
            [
              77.5123214,
              30.3595082
            ],
            [
              77.5204753,
              30.3509538
            ],
            [
              77.5228786,
              30.3321389
            ],
            [
              77.5245952,
              30.3244341
            ],
            [
              77.5316762,
              30.3196553
            ],
            [
              77.5367832,
              30.3174326
            ],
            [
              77.5378131,
              30.3138761
            ],
            [
              77.5430917,
              30.3124312
            ],
            [
              77.5518465,
              30.3098007
            ],
            [
              77.553107,
              30.3094628
            ],
            [
              77.554144,
              30.3091848
            ],
            [
              77.5584823,
              30.3080107
            ],
            [
              77.5600004,
              30.3076148
            ],
            [
              77.5666523,
              30.3100601
            ],
            [
              77.5704717,
              30.3118384
            ],
            [
              77.5724887,
              30.3138761
            ],
            [
              77.5724458,
              30.3164323
            ],
            [
              77.5690984,
              30.3194331
            ],
            [
              77.5622748,
              30.3244342
            ],
            [
              77.5596998,
              30.3305092
            ],
            [
              77.5595282,
              30.3450283
            ],
            [
              77.5533484,
              30.3531759
            ],
            [
              77.5427482,
              30.3583788
            ],
            [
              77.5322342,
              30.3613596
            ],
            [
              77.5213014,
              30.365257
            ],
            [
              77.5095319,
              30.3664696
            ]
          ]
        ]
      },
      "id": "relation/9300145"
    },
    {
      "type": "Feature",
      "properties": {
        "@id": "relation/9393690",
        "alt_name": "Changthang WLS;Changthang Cold Desert Wildlife Sanctuary",
        "boundary": "protected_area",
        "leisure": "nature_reserve",
        "name": "Changthang Wildlife Sanctuary",
        "name:en": "Changthang Wildlife Sanctuary",
        "name:zh": "羌塘野生动物保护区",
        "protect_class": "4",
        "type": "boundary",
        "wikidata": "Q26794303",
        "wikipedia": "en:Changthang Wildlife Sanctuary"
      },
      "geometry": {
        "type": "Polygon",
        "coordinates": [
          [
            [
              79.4147871,
              32.5422215
            ],
            [
              79.4143339,
              32.5434143
            ],
            [
              79.4113795,
              32.5477984
            ],
            [
              79.4112179,
              32.5488012
            ],
            [
              79.4119603,
              32.5507892
            ],
            [
              79.4115658,
              32.551643
            ],
            [
              79.4104533,
              32.5525348
            ],
            [
              79.4095125,
              32.5537521
            ],
            [
              79.4094634,
              32.5549968
            ],
            [
              79.4096154,
              32.5562234
            ],
            [
              79.4028196,
              32.5620592
            ],
            [
              79.4020869,
              32.5629032
            ],
            [
              79.4004164,
              32.5643211
            ],
            [
              79.3993646,
              32.565753
            ],
            [
              79.3988766,
              32.5674246
            ],
            [
              79.3991791,
              32.5689548
            ],
            [
              79.3995088,
              32.5699013
            ],
            [
              79.3991313,
              32.5713412
            ],
            [
              79.399524,
              32.5715737
            ],
            [
              79.4005073,
              32.5714608
            ],
            [
              79.4004404,
              32.5742037
            ],
            [
              79.3993867,
              32.5762526
            ],
            [
              79.3976574,
              32.5794614
            ],
            [
              79.3975151,
              32.5807216
            ],
            [
              79.3983614,
              32.5828822
            ],
            [
              79.3982553,
              32.5849641
            ],
            [
              79.3988209,
              32.5852479
            ],
            [
              79.3997803,
              32.5853566
            ],
            [
              79.4002284,
              32.586485
            ],
            [
              79.3998509,
              32.5889657
            ],
            [
              79.3997804,
              32.5921644
            ],
            [
              79.4002984,
              32.5946159
            ],
            [
              79.4003072,
              32.5960854
            ],
            [
              79.4005617,
              32.597302
            ],
            [
              79.3993326,
              32.6014599
            ],
            [
              79.3996303,
              32.602668
            ],
            [
              79.3989632,
              32.6039276
            ],
            [
              79.400619,
              32.6054436
            ],
            [
              79.400543,
              32.6077577
            ],
            [
              79.4005689,
              32.6090238
            ],
            [
              79.4003395,
              32.6103109
            ],
            [
              79.4008822,
              32.6109809
            ],
            [
              79.4016223,
              32.6122447
            ],
            [
              79.4018217,
              32.6129364
            ],
            [
              79.4023655,
              32.6131937
            ],
            [
              79.4028419,
              32.6144171
            ],
            [
              79.4038432,
              32.6154156
            ],
            [
              79.4033382,
              32.6178701
            ],
            [
              79.4034989,
              32.6190526
            ],
            [
              79.4042388,
              32.620062
            ],
            [
              79.4053121,
              32.6209797
            ],
            [
              79.4064667,
              32.6217604
            ],
            [
              79.4074424,
              32.6222123
            ],
            [
              79.4078652,
              32.6229109
            ],
            [
              79.4083627,
              32.6237643
            ],
            [
              79.4095045,
              32.6250071
            ],
            [
              79.4105344,
              32.626128
            ],
            [
              79.4120689,
              32.6277981
            ],
            [
              79.414126,
              32.6297451
            ],
            [
              79.4149066,
              32.6301696
            ],
            [
              79.4152806,
              32.6314707
            ],
            [
              79.416175,
              32.6325663
            ],
            [
              79.416549,
              32.6336208
            ],
            [
              79.4164515,
              32.6344835
            ],
            [
              79.4157359,
              32.6352915
            ],
            [
              79.4149716,
              32.6360173
            ],
            [
              79.4144512,
              32.6373867
            ],
            [
              79.4139959,
              32.6385644
            ],
            [
              79.4138363,
              32.6397381
            ],
            [
              79.4145381,
              32.6413219
            ],
            [
              79.415131,
              32.6426598
            ],
            [
              79.4157737,
              32.6441103
            ],
            [
              79.4171179,
              32.6471435
            ],
            [
              79.418058,
              32.6487463
            ],
            [
              79.4192565,
              32.6506307
            ],
            [
              79.4207446,
              32.6521204
            ],
            [
              79.4217528,
              32.652805
            ],
            [
              79.4225334,
              32.6536402
            ],
            [
              79.4230375,
              32.6553243
            ],
            [
              79.4232617,
              32.6569277
            ],
            [
              79.4244529,
              32.6588005
            ],
            [
              79.424436,
              32.660609
            ],
            [
              79.4246637,
              32.662156
            ],
            [
              79.4254443,
              32.662909
            ],
            [
              79.4266477,
              32.6637441
            ],
            [
              79.4278836,
              32.6647161
            ],
            [
              79.4289894,
              32.6661398
            ],
            [
              79.4295585,
              32.667276
            ],
            [
              79.4303391,
              32.6688777
            ],
            [
              79.4305505,
              32.6702877
            ],
            [
              79.430892,
              32.6709448
            ],
            [
              79.4313636,
              32.6726832
            ],
            [
              79.431884,
              32.6744901
            ],
            [
              79.4325344,
              32.6764749
            ],
            [
              79.4328597,
              32.6782818
            ],
            [
              79.4332662,
              32.6795273
            ],
            [
              79.4341932,
              32.680376
            ],
            [
              79.4348274,
              32.681074
            ],
            [
              79.4354128,
              32.682128
            ],
            [
              79.4362422,
              32.6833051
            ],
            [
              79.4364698,
              32.6847011
            ],
            [
              79.4376407,
              32.6857824
            ],
            [
              79.4388603,
              32.6868363
            ],
            [
              79.4402426,
              32.6878901
            ],
            [
              79.4413809,
              32.6883281
            ],
            [
              79.4423404,
              32.6886839
            ],
            [
              79.4435112,
              32.6888892
            ],
            [
              79.444552,
              32.6895599
            ],
            [
              79.4459668,
              32.6901894
            ],
            [
              79.446975,
              32.6905453
            ],
            [
              79.4479019,
              32.6912432
            ],
            [
              79.4489233,
              32.6922403
            ],
            [
              79.4491216,
              32.6924339
            ],
            [
              79.4504713,
              32.6935835
            ],
            [
              79.4508913,
              32.694056
            ],
            [
              79.4520532,
              32.6951705
            ],
            [
              79.4532033,
              32.6963206
            ],
            [
              79.4549921,
              32.6977575
            ],
            [
              79.456228,
              32.6988386
            ],
            [
              79.4578643,
              32.7010375
            ],
            [
              79.4593174,
              32.7035199
            ],
            [
              79.4604604,
              32.7075593
            ],
            [
              79.460728,
              32.7098224
            ],
            [
              79.4563401,
              32.712683
            ],
            [
              79.4538719,
              32.7146855
            ],
            [
              79.4517115,
              32.7178784
            ],
            [
              79.4502342,
              32.718736
            ],
            [
              79.4474242,
              32.7191711
            ],
            [
              79.445558,
              32.7204515
            ],
            [
              79.4427805,
              32.7220937
            ],
            [
              79.4412646,
              32.7236433
            ],
            [
              79.4408268,
              32.7252078
            ],
            [
              79.4404521,
              32.7270237
            ],
            [
              79.4397771,
              32.7278151
            ],
            [
              79.4385317,
              32.7283162
            ],
            [
              79.4371944,
              32.7288087
            ],
            [
              79.4361084,
              32.7292431
            ],
            [
              79.4310159,
              32.7323324
            ],
            [
              79.428699,
              32.7325737
            ],
            [
              79.4279652,
              32.7328696
            ],
            [
              79.426265,
              32.7332768
            ],
            [
              79.4243306,
              32.7336598
            ],
            [
              79.4231562,
              32.7349501
            ],
            [
              79.4216276,
              32.7349872
            ],
            [
              79.4194072,
              32.7349872
            ],
            [
              79.4173798,
              32.7343597
            ],
            [
              79.416149,
              32.7347217
            ],
            [
              79.4152077,
              32.7356871
            ],
            [
              79.414725,
              32.7369904
            ],
            [
              79.4150146,
              32.7374489
            ],
            [
              79.4151595,
              32.7383902
            ],
            [
              79.4155697,
              32.7400072
            ],
            [
              79.4153891,
              32.7413675
            ],
            [
              79.4162402,
              32.7424811
            ],
            [
              79.4170155,
              32.7430245
            ],
            [
              79.4181718,
              32.7438738
            ],
            [
              79.4191703,
              32.7442604
            ],
            [
              79.4200417,
              32.7442024
            ],
            [
              79.4207354,
              32.7432059
            ],
            [
              79.4211984,
              32.7426972
            ],
            [
              79.4223731,
              32.7423672
            ],
            [
              79.4235048,
              32.7427166
            ],
            [
              79.4238479,
              32.7433861
            ],
            [
              79.4235583,
              32.7450514
            ],
            [
              79.4226895,
              32.7472476
            ],
            [
              79.4212414,
              32.7497335
            ],
            [
              79.4197933,
              32.7511092
            ],
            [
              79.4193589,
              32.7523642
            ],
            [
              79.4168006,
              32.7543432
            ],
            [
              79.415618,
              32.7564188
            ],
            [
              79.4151353,
              32.7585426
            ],
            [
              79.4153767,
              32.7612699
            ],
            [
              79.4147974,
              32.762911
            ],
            [
              79.4135907,
              32.7644798
            ],
            [
              79.4122392,
              32.7661933
            ],
            [
              79.4112496,
              32.7682931
            ],
            [
              79.4112255,
              32.7689447
            ],
            [
              79.4105015,
              32.7701514
            ],
            [
              79.4108393,
              32.772227
            ],
            [
              79.4107428,
              32.7737234
            ],
            [
              79.4112979,
              32.774206
            ],
            [
              79.4113462,
              32.7752197
            ],
            [
              79.4100052,
              32.7785448
            ],
            [
              79.4092531,
              32.7806314
            ],
            [
              79.4087436,
              32.7813593
            ],
            [
              79.4085252,
              32.7826209
            ],
            [
              79.4078944,
              32.7829848
            ],
            [
              79.4076518,
              32.7841252
            ],
            [
              79.4069967,
              32.7854596
            ],
            [
              79.4062445,
              32.7859448
            ],
            [
              79.4054924,
              32.7866727
            ],
            [
              79.4043278,
              32.7867212
            ],
            [
              79.4015862,
              32.787813
            ],
            [
              79.397874,
              32.7896085
            ],
            [
              79.394914,
              32.7904334
            ],
            [
              79.3935553,
              32.7903848
            ],
            [
              79.3924878,
              32.7911612
            ],
            [
              79.3909108,
              32.7919376
            ],
            [
              79.3888485,
              32.7940485
            ],
            [
              79.3879508,
              32.7960137
            ],
            [
              79.3879022,
              32.7981003
            ],
            [
              79.3872957,
              32.8005508
            ],
            [
              79.3869895,
              32.8009989
            ],
            [
              79.3863009,
              32.8020065
            ],
            [
              79.3852576,
              32.8027101
            ],
            [
              79.3848209,
              32.8035593
            ],
            [
              79.3833167,
              32.8051363
            ],
            [
              79.3823704,
              32.8052091
            ],
            [
              79.3811816,
              32.8065193
            ],
            [
              79.3805507,
              32.808339
            ],
            [
              79.3798471,
              32.8091639
            ],
            [
              79.3782216,
              32.809916
            ],
            [
              79.3765475,
              32.8110806
            ],
            [
              79.3752584,
              32.8132272
            ],
            [
              79.3750675,
              32.8154721
            ],
            [
              79.3743153,
              32.8165639
            ],
            [
              79.3728111,
              32.81768
            ],
            [
              79.3719134,
              32.8188688
            ],
            [
              79.3718648,
              32.8200577
            ],
            [
              79.3711144,
              32.8214948
            ],
            [
              79.3707245,
              32.8222413
            ],
            [
              79.3701665,
              32.8238183
            ],
            [
              79.3702393,
              32.8244006
            ],
            [
              79.3696812,
              32.8248859
            ],
            [
              79.3696327,
              32.8255409
            ],
            [
              79.3691475,
              32.8268268
            ],
            [
              79.3694143,
              32.827215
            ],
            [
              79.3694401,
              32.8273743
            ],
            [
              79.3695599,
              32.8281128
            ],
            [
              79.3677449,
              32.8314776
            ],
            [
              79.3658191,
              32.833506
            ],
            [
              79.3644648,
              32.8348577
            ],
            [
              79.3634105,
              32.8354261
            ],
            [
              79.3623297,
              32.8370655
            ],
            [
              79.3613593,
              32.8383029
            ],
            [
              79.3613107,
              32.8394918
            ],
            [
              79.3610196,
              32.8405836
            ],
            [
              79.3595881,
              32.8415541
            ],
            [
              79.3579868,
              32.8422092
            ],
            [
              79.3569192,
              32.8421364
            ],
            [
              79.3554392,
              32.8423062
            ],
            [
              79.3541048,
              32.8431797
            ],
            [
              79.3532799,
              32.8441744
            ],
            [
              79.3517999,
              32.8456301
            ],
            [
              79.3513389,
              32.8472072
            ],
            [
              79.3512176,
              32.8484446
            ],
            [
              79.3506353,
              32.8500216
            ],
            [
              79.3491068,
              32.8516229
            ],
            [
              79.3468019,
              32.8523508
            ],
            [
              79.3437448,
              32.8522052
            ],
            [
              79.3418766,
              32.8521567
            ],
            [
              79.3407363,
              32.8531515
            ],
            [
              79.3378491,
              32.8563056
            ],
            [
              79.3345251,
              32.8591685
            ],
            [
              79.3329723,
              32.860042
            ],
            [
              79.3304976,
              32.8623469
            ],
            [
              79.3290176,
              32.8631233
            ],
            [
              79.3277074,
              32.8649187
            ],
            [
              79.3246018,
              32.8679272
            ],
            [
              79.3226366,
              32.8698925
            ],
            [
              79.3219572,
              32.8712026
            ],
            [
              79.3219087,
              32.8731194
            ],
            [
              79.3215933,
              32.874381
            ],
            [
              79.3218602,
              32.8793548
            ],
            [
              79.3217874,
              32.8812958
            ],
            [
              79.3209382,
              32.8828728
            ],
            [
              79.3191913,
              32.8845469
            ],
            [
              79.3169107,
              32.8856872
            ],
            [
              79.314533,
              32.8860997
            ],
            [
              79.3123251,
              32.8858085
            ],
            [
              79.3100202,
              32.8849351
            ],
            [
              79.3080549,
              32.8846925
            ],
            [
              79.3055559,
              32.8848623
            ],
            [
              79.3036149,
              32.8856872
            ],
            [
              79.3024018,
              32.8869489
            ],
            [
              79.3021592,
              32.8885987
            ],
            [
              79.3024261,
              32.8909036
            ],
            [
              79.3028385,
              32.8922381
            ],
            [
              79.3050464,
              32.8935967
            ],
            [
              79.3052405,
              32.8943974
            ],
            [
              79.306672,
              32.8960958
            ],
            [
              79.3078123,
              32.8961928
            ],
            [
              79.3092681,
              32.8961686
            ],
            [
              79.3122038,
              32.8980125
            ],
            [
              79.3133684,
              32.8992499
            ],
            [
              79.3138051,
              32.9002446
            ],
            [
              79.3133684,
              32.9018459
            ],
            [
              79.3118641,
              32.9044905
            ],
            [
              79.3103599,
              32.9063345
            ],
            [
              79.3079094,
              32.9079358
            ],
            [
              79.3046825,
              32.9092945
            ],
            [
              79.3021835,
              32.9116237
            ],
            [
              79.3021107,
              32.9126427
            ],
            [
              79.3024503,
              32.9136859
            ],
            [
              79.301868,
              32.914341
            ],
            [
              79.301771,
              32.9149233
            ],
            [
              79.301213,
              32.91684
            ],
            [
              79.3011644,
              32.9177135
            ],
            [
              79.3018923,
              32.9182958
            ],
            [
              79.3019166,
              32.9193633
            ],
            [
              79.3021835,
              32.9208433
            ],
            [
              79.3031297,
              32.9216925
            ],
            [
              79.3046825,
              32.9221292
            ],
            [
              79.3055074,
              32.9229056
            ],
            [
              79.306672,
              32.9232453
            ],
            [
              79.3075212,
              32.9245069
            ],
            [
              79.3078366,
              32.9253076
            ],
            [
              79.3075212,
              32.9269089
            ],
            [
              79.3062838,
              32.9279279
            ],
            [
              79.3044922,
              32.9279858
            ],
            [
              79.3024018,
              32.9280492
            ],
            [
              79.3000241,
              32.9292624
            ],
            [
              79.2965546,
              32.9300873
            ],
            [
              79.2945894,
              32.9307909
            ],
            [
              79.2929153,
              32.9322466
            ],
            [
              79.2908287,
              32.9336781
            ],
            [
              79.2874805,
              32.9346243
            ],
            [
              79.2855638,
              32.9360801
            ],
            [
              79.2847631,
              32.9385063
            ],
            [
              79.2846418,
              32.9402047
            ],
            [
              79.2852726,
              32.9419758
            ],
            [
              79.2856123,
              32.9430676
            ],
            [
              79.2855395,
              32.946343
            ],
            [
              79.2851028,
              32.9500552
            ],
            [
              79.2838411,
              32.9526512
            ],
            [
              79.2822641,
              32.9540584
            ],
            [
              79.2794254,
              32.9551745
            ],
            [
              79.2761743,
              32.9558296
            ],
            [
              79.2737965,
              32.9574794
            ],
            [
              79.271807,
              32.9597116
            ],
            [
              79.2706182,
              32.9617011
            ],
            [
              79.2692654,
              32.9627956
            ],
            [
              79.2666634,
              32.9627929
            ],
            [
              79.2654018,
              32.9631326
            ],
            [
              79.2647952,
              32.964103
            ],
            [
              79.2643351,
              32.9651973
            ],
            [
              79.2636323,
              32.9659442
            ],
            [
              79.2613742,
              32.9665293
            ],
            [
              79.2606025,
              32.9662689
            ],
            [
              79.2580343,
              32.9667513
            ],
            [
              79.2571863,
              32.9660756
            ],
            [
              79.2566673,
              32.9658985
            ],
            [
              79.2537801,
              32.9648067
            ],
            [
              79.251825,
              32.9647662
            ],
            [
              79.2506624,
              32.9649684
            ],
            [
              79.2486153,
              32.9644629
            ],
            [
              79.2471494,
              32.9637806
            ],
            [
              79.2464418,
              32.9630476
            ],
            [
              79.245355,
              32.9620114
            ],
            [
              79.2442683,
              32.961784
            ],
            [
              79.2436112,
              32.9620367
            ],
            [
              79.2436112,
              32.9628707
            ],
            [
              79.2438134,
              32.9632498
            ],
            [
              79.2441672,
              32.9642355
            ],
            [
              79.2438892,
              32.964842
            ],
            [
              79.2436365,
              32.9657013
            ],
            [
              79.2436365,
              32.9666364
            ],
            [
              79.2416146,
              32.9686836
            ],
            [
              79.2401488,
              32.9707054
            ],
            [
              79.2396433,
              32.9726009
            ],
            [
              79.2390115,
              32.9737635
            ],
            [
              79.2372676,
              32.974825
            ],
            [
              79.2353974,
              32.9750777
            ],
            [
              79.2330217,
              32.9747997
            ],
            [
              79.2308735,
              32.9736371
            ],
            [
              79.2283461,
              32.9717164
            ],
            [
              79.2261869,
              32.9710018
            ],
            [
              79.2249749,
              32.9709456
            ],
            [
              79.2241255,
              32.9702505
            ],
            [
              79.2237324,
              32.9694911
            ],
            [
              79.2237237,
              32.9685264
            ],
            [
              79.2240576,
              32.9674954
            ],
            [
              79.2240203,
              32.9665909
            ],
            [
              79.2232684,
              32.96512
            ],
            [
              79.2226614,
              32.964476
            ],
            [
              79.2218066,
              32.9635957
            ],
            [
              79.2199742,
              32.9622463
            ],
            [
              79.2180557,
              32.9618068
            ],
            [
              79.2170055,
              32.9613217
            ],
            [
              79.2162743,
              32.9611955
            ],
            [
              79.2153275,
              32.9613436
            ],
            [
              79.2146057,
              32.9616952
            ],
            [
              79.2143227,
              32.9621022
            ],
            [
              79.2129268,
              32.9636023
            ],
            [
              79.2111805,
              32.9653211
            ],
            [
              79.2102286,
              32.9660266
            ],
            [
              79.2070981,
              32.9664956
            ],
            [
              79.2039683,
              32.9668251
            ],
            [
              79.2030986,
              32.966946
            ],
            [
              79.2025374,
              32.9671916
            ],
            [
              79.2022649,
              32.9675699
            ],
            [
              79.2018553,
              32.9685312
            ],
            [
              79.2016341,
              32.969556
            ],
            [
              79.2020324,
              32.9711903
            ],
            [
              79.2025205,
              32.9720168
            ],
            [
              79.2027981,
              32.9729047
            ],
            [
              79.2029228,
              32.9746401
            ],
            [
              79.2028408,
              32.9763517
            ],
            [
              79.20226,
              32.9791574
            ],
            [
              79.2014393,
              32.9799295
            ],
            [
              79.2005341,
              32.9805865
            ],
            [
              79.1979764,
              32.9817163
            ],
            [
              79.1948794,
              32.9823674
            ],
            [
              79.193932,
              32.9826334
            ],
            [
              79.1930302,
              32.9830729
            ],
            [
              79.1920896,
              32.9841705
            ],
            [
              79.1909142,
              32.9854651
            ],
            [
              79.1901516,
              32.9863775
            ],
            [
              79.1890465,
              32.9871146
            ],
            [
              79.1880134,
              32.9873026
            ],
            [
              79.1869848,
              32.9873589
            ],
            [
              79.1861102,
              32.987036
            ],
            [
              79.1851972,
              32.9864022
            ],
            [
              79.1832243,
              32.9844218
            ],
            [
              79.181257,
              32.9830939
            ],
            [
              79.1793875,
              32.9828754
            ],
            [
              79.1782113,
              32.9834132
            ],
            [
              79.1763396,
              32.9843505
            ],
            [
              79.1749633,
              32.9857514
            ],
            [
              79.1746442,
              32.9865946
            ],
            [
              79.1747486,
              32.987604
            ],
            [
              79.1748381,
              32.9885638
            ],
            [
              79.1752146,
              32.9893486
            ],
            [
              79.1758055,
              32.9903301
            ],
            [
              79.1763904,
              32.9913568
            ],
            [
              79.1765189,
              32.9923574
            ],
            [
              79.1764089,
              32.993349
            ],
            [
              79.1757107,
              32.9946625
            ],
            [
              79.1739606,
              32.9960203
            ],
            [
              79.1731624,
              32.9963447
            ],
            [
              79.1717942,
              32.9968022
            ],
            [
              79.1706963,
              32.9974592
            ],
            [
              79.1693728,
              32.9988535
            ],
            [
              79.1688695,
              33.0001172
            ],
            [
              79.1687553,
              33.0011725
            ],
            [
              79.1683435,
              33.0023509
            ],
            [
              79.1682219,
              33.0035026
            ],
            [
              79.1683996,
              33.0040994
            ],
            [
              79.1686099,
              33.0049032
            ],
            [
              79.1692306,
              33.0073532
            ],
            [
              79.168937,
              33.0083496
            ],
            [
              79.1685773,
              33.0095598
            ],
            [
              79.1680621,
              33.0105002
            ],
            [
              79.1664055,
              33.0115971
            ],
            [
              79.1642619,
              33.0129804
            ],
            [
              79.1630394,
              33.0133766
            ],
            [
              79.1627613,
              33.0134527
            ],
            [
              79.1623905,
              33.013515
            ],
            [
              79.1617374,
              33.0135576
            ],
            [
              79.1611118,
              33.0134845
            ],
            [
              79.1606604,
              33.0150283
            ],
            [
              79.1603022,
              33.0169104
            ],
            [
              79.159946,
              33.0187821
            ],
            [
              79.1596191,
              33.0204994
            ],
            [
              79.1593261,
              33.022039
            ],
            [
              79.15906,
              33.0234374
            ],
            [
              79.1588561,
              33.0245084
            ],
            [
              79.1586069,
              33.0258177
            ],
            [
              79.1583242,
              33.0273033
            ],
            [
              79.1580902,
              33.0285324
            ],
            [
              79.1578529,
              33.0297792
            ],
            [
              79.1576131,
              33.0310391
            ],
            [
              79.1573302,
              33.0325255
            ],
            [
              79.1570397,
              33.0340515
            ],
            [
              79.1567299,
              33.0356789
            ],
            [
              79.1564523,
              33.0371373
            ],
            [
              79.1561829,
              33.0385522
            ],
            [
              79.1558709,
              33.0401915
            ],
            [
              79.1556048,
              33.0415894
            ],
            [
              79.155364,
              33.0428542
            ],
            [
              79.155064,
              33.0444302
            ],
            [
              79.1547587,
              33.0460335
            ],
            [
              79.1544255,
              33.0477839
            ],
            [
              79.1540246,
              33.0498895
            ],
            [
              79.1536328,
              33.0519473
            ],
            [
              79.1532176,
              33.0541281
            ],
            [
              79.152809,
              33.056274
            ],
            [
              79.152361,
              33.0586269
            ],
            [
              79.1519198,
              33.0609442
            ],
            [
              79.151532,
              33.0629812
            ],
            [
              79.1511479,
              33.0649979
            ],
            [
              79.1507349,
              33.0671671
            ],
            [
              79.150308,
              33.0694087
            ],
            [
              79.1498832,
              33.0716393
            ],
            [
              79.1494592,
              33.0738658
            ],
            [
              79.1485948,
              33.0784047
            ],
            [
              79.1481707,
              33.0806317
            ],
            [
              79.1477501,
              33.0828401
            ],
            [
              79.1473214,
              33.0850909
            ],
            [
              79.1468799,
              33.0874089
            ],
            [
              79.1464539,
              33.0896454
            ],
            [
              79.1460112,
              33.0919693
            ],
            [
              79.1455856,
              33.0942037
            ],
            [
              79.1451614,
              33.096431
            ],
            [
              79.1448002,
              33.0983273
            ],
            [
              79.144439,
              33.1002235
            ],
            [
              79.144066,
              33.1021812
            ],
            [
              79.1437963,
              33.103597
            ],
            [
              79.1433747,
              33.10581
            ],
            [
              79.148992,
              33.115683
            ],
            [
              79.150576,
              33.1219124
            ],
            [
              79.1576088,
              33.1286718
            ],
            [
              79.1583636,
              33.133052
            ],
            [
              79.1595461,
              33.1362535
            ],
            [
              79.1578772,
              33.1413771
            ],
            [
              79.1560958,
              33.1449987
            ],
            [
              79.1554996,
              33.1498376
            ],
            [
              79.1551602,
              33.1526207
            ],
            [
              79.1545103,
              33.1550778
            ],
            [
              79.1533999,
              33.1568315
            ],
            [
              79.153473,
              33.15878
            ],
            [
              79.153454,
              33.159694
            ],
            [
              79.153092,
              33.160722
            ],
            [
              79.153454,
              33.161064
            ],
            [
              79.154444,
              33.162016
            ],
            [
              79.155548,
              33.163082
            ],
            [
              79.157299,
              33.163996
            ],
            [
              79.158213,
              33.164605
            ],
            [
              79.159146,
              33.165309
            ],
            [
              79.159907,
              33.165728
            ],
            [
              79.160859,
              33.166204
            ],
            [
              79.161944,
              33.166889
            ],
            [
              79.162648,
              33.167327
            ],
            [
              79.163181,
              33.167879
            ],
            [
              79.163829,
              33.168641
            ],
            [
              79.164723,
              33.169688
            ],
            [
              79.16518,
              33.171496
            ],
            [
              79.163905,
              33.173476
            ],
            [
              79.162991,
              33.173761
            ],
            [
              79.161354,
              33.174751
            ],
            [
              79.160369,
              33.17546
            ],
            [
              79.159441,
              33.175651
            ],
            [
              79.158655,
              33.175746
            ],
            [
              79.157721,
              33.176395
            ],
            [
              79.157493,
              33.176563
            ],
            [
              79.157083,
              33.176822
            ],
            [
              79.15629,
              33.176823
            ],
            [
              79.155729,
              33.177425
            ],
            [
              79.155331,
              33.177668
            ],
            [
              79.154624,
              33.178197
            ],
            [
              79.15438,
              33.178765
            ],
            [
              79.154079,
              33.179107
            ],
            [
              79.153617,
              33.179863
            ],
            [
              79.152706,
              33.181057
            ],
            [
              79.151971,
              33.181869
            ],
            [
              79.150934,
              33.182561
            ],
            [
              79.1506857,
              33.1826896
            ],
            [
              79.149499,
              33.183304
            ],
            [
              79.148065,
              33.184155
            ],
            [
              79.14732,
              33.184341
            ],
            [
              79.146444,
              33.184766
            ],
            [
              79.144451,
              33.186413
            ],
            [
              79.144265,
              33.188406
            ],
            [
              79.144053,
              33.18915
            ],
            [
              79.143521,
              33.189814
            ],
            [
              79.142831,
              33.190398
            ],
            [
              79.142007,
              33.190903
            ],
            [
              79.14113,
              33.191275
            ],
            [
              79.140147,
              33.191992
            ],
            [
              79.13927,
              33.192736
            ],
            [
              79.137464,
              33.192657
            ],
            [
              79.136826,
              33.192736
            ],
            [
              79.136241,
              33.193002
            ],
            [
              79.135444,
              33.19348
            ],
            [
              79.13385,
              33.194623
            ],
            [
              79.133027,
              33.195925
            ],
            [
              79.132495,
              33.196615
            ],
            [
              79.131406,
              33.198741
            ],
            [
              79.130636,
              33.199697
            ],
            [
              79.129679,
              33.200229
            ],
            [
              79.125029,
              33.201477
            ],
            [
              79.124365,
              33.20262
            ],
            [
              79.123834,
              33.202195
            ],
            [
              79.122904,
              33.201929
            ],
            [
              79.122107,
              33.201796
            ],
            [
              79.1160415,
              33.2012235
            ],
            [
              79.110722,
              33.2007214
            ],
            [
              79.109726,
              33.200308
            ],
            [
              79.10853,
              33.199936
            ],
            [
              79.107388,
              33.19975
            ],
            [
              79.106086,
              33.200946
            ],
            [
              79.105528,
              33.201584
            ],
            [
              79.105076,
              33.20246
            ],
            [
              79.104864,
              33.202992
            ],
            [
              79.103535,
              33.205489
            ],
            [
              79.103482,
              33.206153
            ],
            [
              79.10319,
              33.206977
            ],
            [
              79.100506,
              33.207296
            ],
            [
              79.099444,
              33.207641
            ],
            [
              79.099125,
              33.208146
            ],
            [
              79.097982,
              33.209501
            ],
            [
              79.097664,
              33.210458
            ],
            [
              79.095485,
              33.210617
            ],
            [
              79.094369,
              33.210989
            ],
            [
              79.093492,
              33.211866
            ],
            [
              79.092881,
              33.213194
            ],
            [
              79.092377,
              33.214071
            ],
            [
              79.091951,
              33.21439
            ],
            [
              79.090756,
              33.215001
            ],
            [
              79.089587,
              33.215453
            ],
            [
              79.088498,
              33.215957
            ],
            [
              79.087727,
              33.216382
            ],
            [
              79.086505,
              33.217179
            ],
            [
              79.085867,
              33.218109
            ],
            [
              79.085416,
              33.218933
            ],
            [
              79.084645,
              33.219863
            ],
            [
              79.083662,
              33.220527
            ],
            [
              79.082413,
              33.220766
            ],
            [
              79.08159,
              33.220873
            ],
            [
              79.080819,
              33.220846
            ],
            [
              79.079836,
              33.220926
            ],
            [
              79.078348,
              33.221191
            ],
            [
              79.077897,
              33.221431
            ],
            [
              79.077392,
              33.221856
            ],
            [
              79.076834,
              33.222201
            ],
            [
              79.076143,
              33.222414
            ],
            [
              79.074575,
              33.2226
            ],
            [
              79.073592,
              33.222865
            ],
            [
              79.072848,
              33.223237
            ],
            [
              79.07253,
              33.223662
            ],
            [
              79.071653,
              33.224247
            ],
            [
              79.071387,
              33.224938
            ],
            [
              79.070431,
              33.226957
            ],
            [
              79.069421,
              33.228631
            ],
            [
              79.068757,
              33.229348
            ],
            [
              79.067854,
              33.230756
            ],
            [
              79.066844,
              33.232005
            ],
            [
              79.066578,
              33.232802
            ],
            [
              79.066445,
              33.233652
            ],
            [
              79.066472,
              33.234369
            ],
            [
              79.066632,
              33.235724
            ],
            [
              79.066924,
              33.236707
            ],
            [
              79.067481,
              33.23793
            ],
            [
              79.068199,
              33.238142
            ],
            [
              79.069155,
              33.238222
            ],
            [
              79.070563,
              33.238567
            ],
            [
              79.072078,
              33.239125
            ],
            [
              79.074575,
              33.240321
            ],
            [
              79.077365,
              33.242526
            ],
            [
              79.078959,
              33.244067
            ],
            [
              79.079942,
              33.244917
            ],
            [
              79.079491,
              33.245369
            ],
            [
              79.078853,
              33.245821
            ],
            [
              79.07686,
              33.247069
            ],
            [
              79.075771,
              33.247521
            ],
            [
              79.074894,
              33.248105
            ],
            [
              79.073938,
              33.248956
            ],
            [
              79.072503,
              33.250125
            ],
            [
              79.071573,
              33.251001
            ],
            [
              79.070803,
              33.251905
            ],
            [
              79.069899,
              33.25233
            ],
            [
              79.068863,
              33.252728
            ],
            [
              79.067429,
              33.253446
            ],
            [
              79.064054,
              33.253844
            ],
            [
              79.062965,
              33.254137
            ],
            [
              79.061637,
              33.254774
            ],
            [
              79.060069,
              33.255412
            ],
            [
              79.059086,
              33.25589
            ],
            [
              79.058262,
              33.256448
            ],
            [
              79.057518,
              33.257086
            ],
            [
              79.056801,
              33.258016
            ],
            [
              79.056084,
              33.258547
            ],
            [
              79.055127,
              33.258919
            ],
            [
              79.054038,
              33.260247
            ],
            [
              79.052736,
              33.261629
            ],
            [
              79.052417,
              33.261815
            ],
            [
              79.051009,
              33.261762
            ],
            [
              79.049468,
              33.261629
            ],
            [
              79.048086,
              33.261443
            ],
            [
              79.046439,
              33.261044
            ],
            [
              79.045137,
              33.260779
            ],
            [
              79.044712,
              33.261098
            ],
            [
              79.043942,
              33.262267
            ],
            [
              79.043171,
              33.262984
            ],
            [
              79.042587,
              33.263675
            ],
            [
              79.041471,
              33.265667
            ],
            [
              79.040886,
              33.266385
            ],
            [
              79.039611,
              33.268431
            ],
            [
              79.039133,
              33.269068
            ],
            [
              79.038309,
              33.2696
            ],
            [
              79.036502,
              33.271114
            ],
            [
              79.035201,
              33.272681
            ],
            [
              79.03528,
              33.273558
            ],
            [
              79.035254,
              33.27502
            ],
            [
              79.035147,
              33.275923
            ],
            [
              79.034775,
              33.276507
            ],
            [
              79.034217,
              33.276906
            ],
            [
              79.033978,
              33.277411
            ],
            [
              79.033474,
              33.277942
            ],
            [
              79.033607,
              33.27842
            ],
            [
              79.033926,
              33.279031
            ],
            [
              79.034404,
              33.279563
            ],
            [
              79.034802,
              33.280307
            ],
            [
              79.035201,
              33.280865
            ],
            [
              79.035785,
              33.281529
            ],
            [
              79.036449,
              33.282432
            ],
            [
              79.036928,
              33.283229
            ],
            [
              79.037751,
              33.284186
            ],
            [
              79.038548,
              33.285222
            ],
            [
              79.039292,
              33.286311
            ],
            [
              79.03916,
              33.286736
            ],
            [
              79.038947,
              33.287932
            ],
            [
              79.038947,
              33.288702
            ],
            [
              79.038761,
              33.289925
            ],
            [
              79.038495,
              33.291147
            ],
            [
              79.036795,
              33.291492
            ],
            [
              79.035573,
              33.291838
            ],
            [
              79.034005,
              33.29213
            ],
            [
              79.03358,
              33.292475
            ],
            [
              79.033128,
              33.293033
            ],
            [
              79.032331,
              33.29383
            ],
            [
              79.032198,
              33.294441
            ],
            [
              79.032491,
              33.29492
            ],
            [
              79.032862,
              33.295398
            ],
            [
              79.033793,
              33.297629
            ],
            [
              79.034404,
              33.298294
            ],
            [
              79.034855,
              33.299038
            ],
            [
              79.035015,
              33.300579
            ],
            [
              79.035227,
              33.301296
            ],
            [
              79.03621,
              33.302465
            ],
            [
              79.036768,
              33.303448
            ],
            [
              79.03722,
              33.304484
            ],
            [
              79.037778,
              33.305414
            ],
            [
              79.037459,
              33.306371
            ],
            [
              79.036768,
              33.307566
            ],
            [
              79.036449,
              33.307672
            ],
            [
              79.034324,
              33.307114
            ],
            [
              79.03358,
              33.307088
            ],
            [
              79.03257,
              33.307593
            ],
            [
              79.031587,
              33.307752
            ],
            [
              79.029063,
              33.307832
            ],
            [
              79.028426,
              33.309134
            ],
            [
              79.027947,
              33.309957
            ],
            [
              79.027496,
              33.31094
            ],
            [
              79.027071,
              33.311605
            ],
            [
              79.026141,
              33.312428
            ],
            [
              79.025052,
              33.313863
            ],
            [
              79.025689,
              33.314979
            ],
            [
              79.026114,
              33.315935
            ],
            [
              79.026513,
              33.316998
            ],
            [
              79.026778,
              33.318008
            ],
            [
              79.026885,
              33.320054
            ],
            [
              79.026725,
              33.320346
            ],
            [
              79.02622,
              33.320744
            ],
            [
              79.024546,
              33.32186
            ],
            [
              79.023856,
              33.322099
            ],
            [
              79.023192,
              33.322524
            ],
            [
              79.022448,
              33.323242
            ],
            [
              79.020322,
              33.324783
            ],
            [
              79.018701,
              33.324198
            ],
            [
              79.018117,
              33.323773
            ],
            [
              79.01732,
              33.323428
            ],
            [
              79.016815,
              33.323321
            ],
            [
              79.015965,
              33.323348
            ],
            [
              79.014451,
              33.323056
            ],
            [
              79.013813,
              33.323135
            ],
            [
              79.012989,
              33.323375
            ],
            [
              79.012378,
              33.323454
            ],
            [
              79.011076,
              33.323454
            ],
            [
              79.00996,
              33.32364
            ],
            [
              79.009163,
              33.324012
            ],
            [
              79.007117,
              33.325261
            ],
            [
              79.005151,
              33.327041
            ],
            [
              79.004487,
              33.327254
            ],
            [
              79.003611,
              33.327307
            ],
            [
              79.001963,
              33.327147
            ],
            [
              79.001511,
              33.327041
            ],
            [
              79.000847,
              33.326589
            ],
            [
              79.000077,
              33.326403
            ],
            [
              78.999147,
              33.325952
            ],
            [
              78.997101,
              33.325314
            ],
            [
              78.99564,
              33.324703
            ],
            [
              78.995241,
              33.324889
            ],
            [
              78.99285,
              33.325659
            ],
            [
              78.991681,
              33.325553
            ],
            [
              78.989449,
              33.325713
            ],
            [
              78.986314,
              33.325766
            ],
            [
              78.985251,
              33.325952
            ],
            [
              78.984269,
              33.326217
            ],
            [
              78.981824,
              33.326696
            ],
            [
              78.980814,
              33.327147
            ],
            [
              78.98015,
              33.327626
            ],
            [
              78.97946,
              33.328263
            ],
            [
              78.978902,
              33.328981
            ],
            [
              78.978317,
              33.329512
            ],
            [
              78.977919,
              33.329964
            ],
            [
              78.977547,
              33.330628
            ],
            [
              78.977334,
              33.331186
            ],
            [
              78.977228,
              33.333577
            ],
            [
              78.976962,
              33.334241
            ],
            [
              78.976643,
              33.334454
            ],
            [
              78.975714,
              33.334693
            ],
            [
              78.974385,
              33.334879
            ],
            [
              78.972445,
              33.335357
            ],
            [
              78.971781,
              33.335224
            ],
            [
              78.971383,
              33.335277
            ],
            [
              78.970931,
              33.335596
            ],
            [
              78.969629,
              33.336128
            ],
            [
              78.969231,
              33.336473
            ],
            [
              78.969018,
              33.336818
            ],
            [
              78.968354,
              33.337217
            ],
            [
              78.965856,
              33.338359
            ],
            [
              78.963943,
              33.338705
            ],
            [
              78.963013,
              33.33913
            ],
            [
              78.962535,
              33.339475
            ],
            [
              78.962243,
              33.34006
            ],
            [
              78.960994,
              33.342079
            ],
            [
              78.960729,
              33.342717
            ],
            [
              78.960144,
              33.344789
            ],
            [
              78.959879,
              33.345985
            ],
            [
              78.959692,
              33.347552
            ],
            [
              78.959028,
              33.347871
            ],
            [
              78.957939,
              33.348004
            ],
            [
              78.95762,
              33.34896
            ],
            [
              78.957248,
              33.34981
            ],
            [
              78.956637,
              33.350926
            ],
            [
              78.955282,
              33.352786
            ],
            [
              78.954618,
              33.353583
            ],
            [
              78.954087,
              33.354487
            ],
            [
              78.953608,
              33.355629
            ],
            [
              78.954087,
              33.356081
            ],
            [
              78.954697,
              33.356479
            ],
            [
              78.955123,
              33.356931
            ],
            [
              78.956345,
              33.357728
            ],
            [
              78.95576,
              33.359189
            ],
            [
              78.955255,
              33.359933
            ],
            [
              78.954458,
              33.360704
            ],
            [
              78.95313,
              33.361926
            ],
            [
              78.952466,
              33.362245
            ],
            [
              78.951802,
              33.363015
            ],
            [
              78.950553,
              33.363972
            ],
            [
              78.950447,
              33.364317
            ],
            [
              78.950499,
              33.365247
            ],
            [
              78.950872,
              33.366841
            ],
            [
              78.951509,
              33.367718
            ],
            [
              78.95321,
              33.370375
            ],
            [
              78.95406,
              33.371464
            ],
            [
              78.952944,
              33.372473
            ],
            [
              78.950447,
              33.375316
            ],
            [
              78.949517,
              33.376512
            ],
            [
              78.94864,
              33.377522
            ],
            [
              78.94771,
              33.378292
            ],
            [
              78.946275,
              33.379036
            ],
            [
              78.945213,
              33.379647
            ],
            [
              78.944708,
              33.3797
            ],
            [
              78.942768,
              33.379647
            ],
            [
              78.941227,
              33.379727
            ],
            [
              78.940111,
              33.380019
            ],
            [
              78.939952,
              33.380922
            ],
            [
              78.939766,
              33.383287
            ],
            [
              78.939341,
              33.383845
            ],
            [
              78.938039,
              33.384775
            ],
            [
              78.937375,
              33.385545
            ],
            [
              78.936447,
              33.387175
            ],
            [
              78.9351895,
              33.3871084
            ],
            [
              78.9336629,
              33.3873401
            ],
            [
              78.931301,
              33.3881184
            ],
            [
              78.9290887,
              33.3889177
            ],
            [
              78.927796,
              33.3894279
            ],
            [
              78.9269059,
              33.3899612
            ],
            [
              78.9249887,
              33.3918502
            ],
            [
              78.9243966,
              33.3926678
            ],
            [
              78.9237482,
              33.3938519
            ],
            [
              78.9232941,
              33.3944825
            ],
            [
              78.9228383,
              33.3947236
            ],
            [
              78.9208798,
              33.3950757
            ],
            [
              78.9197796,
              33.395177
            ],
            [
              78.9188707,
              33.3956281
            ],
            [
              78.9178276,
              33.3963329
            ],
            [
              78.9168408,
              33.3968122
            ],
            [
              78.9154875,
              33.3976862
            ],
            [
              78.9144161,
              33.3984474
            ],
            [
              78.9131756,
              33.3990113
            ],
            [
              78.9115686,
              33.3996034
            ],
            [
              78.9095506,
              33.3998399
            ],
            [
              78.9097669,
              33.4007408
            ],
            [
              78.9092015,
              33.4029976
            ],
            [
              78.908312,
              33.4044071
            ],
            [
              78.9074523,
              33.405665
            ],
            [
              78.9062964,
              33.4065672
            ],
            [
              78.9059581,
              33.407272
            ],
            [
              78.9056198,
              33.4076667
            ],
            [
              78.9048304,
              33.4084279
            ],
            [
              78.9029978,
              33.4100068
            ],
            [
              78.9022084,
              33.4104579
            ],
            [
              78.9010242,
              33.4106834
            ],
            [
              78.8979229,
              33.4110217
            ],
            [
              78.8964287,
              33.4112755
            ],
            [
              78.89516,
              33.4116138
            ],
            [
              78.8927635,
              33.4134182
            ],
            [
              78.891523,
              33.4142358
            ],
            [
              78.8903671,
              33.4146587
            ],
            [
              78.8890984,
              33.4147715
            ],
            [
              78.8881145,
              33.4146667
            ],
            [
              78.8867735,
              33.4143594
            ],
            [
              78.8857399,
              33.4142197
            ],
            [
              78.8850135,
              33.4141918
            ],
            [
              78.883505,
              33.4143594
            ],
            [
              78.882164,
              33.4146388
            ],
            [
              78.8803761,
              33.4148623
            ],
            [
              78.8784205,
              33.4148623
            ],
            [
              78.8769215,
              33.4146771
            ],
            [
              78.8746633,
              33.4143624
            ],
            [
              78.8728332,
              33.4142477
            ],
            [
              78.8711291,
              33.4143315
            ],
            [
              78.8700675,
              33.4144991
            ],
            [
              78.8691456,
              33.4148623
            ],
            [
              78.8682369,
              33.4160391
            ],
            [
              78.8681495,
              33.4161209
            ],
            [
              78.8677998,
              33.4164484
            ],
            [
              78.8674795,
              33.4167662
            ],
            [
              78.867338,
              33.4174851
            ],
            [
              78.8666313,
              33.4179073
            ],
            [
              78.8638505,
              33.4177001
            ],
            [
              78.8626589,
              33.4175329
            ],
            [
              78.8615196,
              33.4173774
            ],
            [
              78.8611754,
              33.4172008
            ],
            [
              78.860551,
              33.4172892
            ],
            [
              78.8598429,
              33.4167717
            ],
            [
              78.8582069,
              33.4158712
            ],
            [
              78.856207,
              33.4160763
            ],
            [
              78.8539314,
              33.416619
            ],
            [
              78.8530497,
              33.417349
            ],
            [
              78.8521792,
              33.4179209
            ],
            [
              78.8510363,
              33.4183363
            ],
            [
              78.8502411,
              33.4185956
            ],
            [
              78.8494783,
              33.4187734
            ],
            [
              78.8486123,
              33.4189131
            ],
            [
              78.8477463,
              33.4190527
            ],
            [
              78.8461818,
              33.4194438
            ],
            [
              78.8447571,
              33.4198908
            ],
            [
              78.8445361,
              33.4211471
            ],
            [
              78.8429971,
              33.4225169
            ],
            [
              78.8422987,
              33.4235226
            ],
            [
              78.8413768,
              33.4253384
            ],
            [
              78.8402593,
              33.4256178
            ],
            [
              78.8391139,
              33.4254502
            ],
            [
              78.8380523,
              33.4252267
            ],
            [
              78.8371304,
              33.4255061
            ],
            [
              78.8359291,
              33.4266235
            ],
            [
              78.8350991,
              33.4279517
            ],
            [
              78.8348816,
              33.4291891
            ],
            [
              78.8352075,
              33.4308775
            ],
            [
              78.8353186,
              33.4314211
            ],
            [
              78.8336995,
              33.4328168
            ],
            [
              78.8335087,
              33.433273
            ],
            [
              78.8335445,
              33.4350288
            ],
            [
              78.8336414,
              33.4358789
            ],
            [
              78.8343355,
              33.4369975
            ],
            [
              78.8353108,
              33.4375563
            ],
            [
              78.8393943,
              33.4395164
            ],
            [
              78.8360221,
              33.440985
            ],
            [
              78.8336862,
              33.4417515
            ],
            [
              78.8320014,
              33.4421718
            ],
            [
              78.8310682,
              33.4424914
            ],
            [
              78.8304416,
              33.4429171
            ],
            [
              78.829972,
              33.4440015
            ],
            [
              78.8298686,
              33.4448207
            ],
            [
              78.8264307,
              33.4508444
            ],
            [
              78.8253692,
              33.4522413
            ],
            [
              78.8241679,
              33.4540851
            ],
            [
              78.8233203,
              33.4557796
            ],
            [
              78.8209715,
              33.4563024
            ],
            [
              78.8199507,
              33.4566463
            ],
            [
              78.8186344,
              33.4577806
            ],
            [
              78.8176308,
              33.4589181
            ],
            [
              78.8166979,
              33.4596205
            ],
            [
              78.8165109,
              33.4609261
            ],
            [
              78.8164924,
              33.461884
            ],
            [
              78.8162524,
              33.4628818
            ],
            [
              78.8163048,
              33.4639709
            ],
            [
              78.8158341,
              33.4649352
            ],
            [
              78.8146695,
              33.4662302
            ],
            [
              78.8139808,
              33.4671307
            ],
            [
              78.8134873,
              33.4679769
            ],
            [
              78.8126306,
              33.4690767
            ],
            [
              78.81182,
              33.4704279
            ],
            [
              78.8117579,
              33.471081
            ],
            [
              78.8109339,
              33.4727876
            ],
            [
              78.8103114,
              33.4745625
            ],
            [
              78.8101996,
              33.4754285
            ],
            [
              78.8108143,
              33.4778031
            ],
            [
              78.8115965,
              33.4792
            ],
            [
              78.8124066,
              33.4804571
            ],
            [
              78.814993,
              33.4832804
            ],
            [
              78.8135909,
              33.4837337
            ],
            [
              78.8125508,
              33.4844994
            ],
            [
              78.8111406,
              33.485409
            ],
            [
              78.8099333,
              33.4860817
            ],
            [
              78.8086073,
              33.4868546
            ],
            [
              78.8064282,
              33.4879441
            ],
            [
              78.8051431,
              33.4884749
            ],
            [
              78.8036905,
              33.4892571
            ],
            [
              78.8029641,
              33.4898158
            ],
            [
              78.8010644,
              33.4916596
            ],
            [
              78.799472,
              33.4930006
            ],
            [
              78.7985222,
              33.4940063
            ],
            [
              78.7965946,
              33.4966603
            ],
            [
              78.7956447,
              33.4977218
            ],
            [
              78.795086,
              33.498532
            ],
            [
              78.794192,
              33.4988952
            ],
            [
              78.7931025,
              33.4996215
            ],
            [
              78.7917895,
              33.5009066
            ],
            [
              78.7883813,
              33.5034488
            ],
            [
              78.7857273,
              33.5047898
            ],
            [
              78.784526,
              33.5056837
            ],
            [
              78.7830733,
              33.5071364
            ],
            [
              78.7815089,
              33.509092
            ],
            [
              78.7784359,
              33.5126958
            ],
            [
              78.7767597,
              33.5145396
            ],
            [
              78.7752511,
              33.5159085
            ],
            [
              78.7738543,
              33.517445
            ],
            [
              78.7729324,
              33.5188418
            ],
            [
              78.7724295,
              33.5199313
            ],
            [
              78.7720105,
              33.5213282
            ],
            [
              78.7715076,
              33.522725
            ],
            [
              78.7708829,
              33.524247
            ],
            [
              78.7705295,
              33.5250771
            ],
            [
              78.7701451,
              33.5261838
            ],
            [
              78.7695674,
              33.5268683
            ],
            [
              78.7683041,
              33.5277759
            ],
            [
              78.7679302,
              33.5284344
            ],
            [
              78.7677175,
              33.5288237
            ],
            [
              78.7673457,
              33.5293921
            ],
            [
              78.7666972,
              33.5299465
            ],
            [
              78.7658328,
              33.5302389
            ],
            [
              78.7647703,
              33.5304605
            ],
            [
              78.7626636,
              33.530486
            ],
            [
              78.7608376,
              33.5305251
            ],
            [
              78.7603172,
              33.5306666
            ],
            [
              78.7597594,
              33.5310417
            ],
            [
              78.7595033,
              33.5315932
            ],
            [
              78.7593078,
              33.5322819
            ],
            [
              78.7592352,
              33.5329955
            ],
            [
              78.7592625,
              33.5335954
            ],
            [
              78.759202,
              33.5342975
            ],
            [
              78.7588515,
              33.5349915
            ],
            [
              78.7583328,
              33.5356855
            ],
            [
              78.7575689,
              33.5366595
            ],
            [
              78.7569079,
              33.5376027
            ],
            [
              78.7563012,
              33.5391331
            ],
            [
              78.7560499,
              33.5401348
            ],
            [
              78.7559148,
              33.5411444
            ],
            [
              78.7558542,
              33.5419939
            ],
            [
              78.7557077,
              33.5428613
            ],
            [
              78.7529129,
              33.5459484
            ],
            [
              78.7493682,
              33.5498637
            ],
            [
              78.7454977,
              33.5541386
            ],
            [
              78.7419956,
              33.5580063
            ],
            [
              78.7384935,
              33.5618741
            ],
            [
              78.737046,
              33.5634726
            ],
            [
              78.7366028,
              33.5640827
            ],
            [
              78.7360851,
              33.5647953
            ],
            [
              78.7356176,
              33.5654387
            ],
            [
              78.7351634,
              33.5660638
            ],
            [
              78.7345812,
              33.5668652
            ],
            [
              78.7339375,
              33.5677512
            ],
            [
              78.7330083,
              33.5690301
            ],
            [
              78.7339693,
              33.5698299
            ],
            [
              78.7346669,
              33.5705061
            ],
            [
              78.7353757,
              33.5710289
            ],
            [
              78.7364363,
              33.5720203
            ],
            [
              78.7378962,
              33.5736526
            ],
            [
              78.7393645,
              33.5752943
            ],
            [
              78.7407248,
              33.5762627
            ],
            [
              78.7415318,
              33.577185
            ],
            [
              78.7417393,
              33.5778536
            ],
            [
              78.7400562,
              33.59065
            ],
            [
              78.7400101,
              33.5912265
            ],
            [
              78.7410476,
              33.5997574
            ],
            [
              78.7409785,
              33.600818
            ],
            [
              78.7413013,
              33.6011408
            ],
            [
              78.7455206,
              33.6038845
            ],
            [
              78.7488177,
              33.6059596
            ],
            [
              78.7494242,
              33.6074528
            ],
            [
              78.7502507,
              33.6082814
            ],
            [
              78.7509755,
              33.609057
            ],
            [
              78.7517228,
              33.6098331
            ],
            [
              78.7521819,
              33.610479
            ],
            [
              78.7526536,
              33.6110988
            ],
            [
              78.7530383,
              33.61164
            ],
            [
              78.7532,
              33.6122152
            ],
            [
              78.7534489,
              33.6131379
            ],
            [
              78.7533661,
              33.614695
            ],
            [
              78.7530053,
              33.6160647
            ],
            [
              78.7530893,
              33.616882
            ],
            [
              78.7533032,
              33.6176314
            ],
            [
              78.753673,
              33.6184389
            ],
            [
              78.7542866,
              33.6193005
            ],
            [
              78.7552233,
              33.6202602
            ],
            [
              78.7560764,
              33.6209193
            ],
            [
              78.75668,
              33.6213845
            ],
            [
              78.7573256,
              33.622007
            ],
            [
              78.7580634,
              33.6234365
            ],
            [
              78.7578684,
              33.6235195
            ],
            [
              78.7573948,
              33.6241052
            ],
            [
              78.7555733,
              33.6254655
            ],
            [
              78.7546971,
              33.6259497
            ],
            [
              78.7540285,
              33.6261342
            ],
            [
              78.7526451,
              33.6270103
            ],
            [
              78.7518842,
              33.627287
            ],
            [
              78.7510081,
              33.6278404
            ],
            [
              78.7502703,
              33.6274023
            ],
            [
              78.7488638,
              33.6268489
            ],
            [
              78.7466273,
              33.6261803
            ],
            [
              78.7457281,
              33.6261111
            ],
            [
              78.7426616,
              33.6254886
            ],
            [
              78.7415549,
              33.6253502
            ],
            [
              78.739964,
              33.6253041
            ],
            [
              78.7386728,
              33.6251888
            ],
            [
              78.7370819,
              33.6250044
            ],
            [
              78.7354218,
              33.6247047
            ],
            [
              78.7341998,
              33.6243127
            ],
            [
              78.7325628,
              33.6237132
            ],
            [
              78.7286432,
              33.6229524
            ],
            [
              78.7267986,
              33.6224682
            ],
            [
              78.7256458,
              33.6223529
            ],
            [
              78.7240319,
              33.6223529
            ],
            [
              78.722482,
              33.6226186
            ],
            [
              78.7209423,
              33.6229062
            ],
            [
              78.7191569,
              33.6228042
            ],
            [
              78.7177312,
              33.6227228
            ],
            [
              78.7169069,
              33.6239956
            ],
            [
              78.7154399,
              33.6247835
            ],
            [
              78.7139484,
              33.6259491
            ],
            [
              78.712457,
              33.6271147
            ],
            [
              78.7109121,
              33.6278348
            ],
            [
              78.7077942,
              33.6302352
            ],
            [
              78.7066855,
              33.6309884
            ],
            [
              78.7035905,
              33.6325376
            ],
            [
              78.7011087,
              33.6349167
            ],
            [
              78.6995126,
              33.6359864
            ],
            [
              78.6988619,
              33.6366585
            ],
            [
              78.6978769,
              33.6375886
            ],
            [
              78.6971295,
              33.6383957
            ],
            [
              78.6967807,
              33.6387831
            ],
            [
              78.6965614,
              33.6398723
            ],
            [
              78.6967444,
              33.6406897
            ],
            [
              78.6967267,
              33.6420445
            ],
            [
              78.6967091,
              33.6433993
            ],
            [
              78.6964586,
              33.6444216
            ],
            [
              78.6963383,
              33.6454168
            ],
            [
              78.7033081,
              33.649047
            ],
            [
              78.7059688,
              33.6508868
            ],
            [
              78.7074494,
              33.6528695
            ],
            [
              78.7083721,
              33.6536911
            ],
            [
              78.7093377,
              33.6561202
            ],
            [
              78.7093591,
              33.6576562
            ],
            [
              78.7121701,
              33.6629071
            ],
            [
              78.7136394,
              33.6636544
            ],
            [
              78.7244304,
              33.6651333
            ],
            [
              78.7249856,
              33.6652094
            ],
            [
              78.7431241,
              33.6781377
            ],
            [
              78.7551349,
              33.702452
            ],
            [
              78.7631505,
              33.7195484
            ],
            [
              78.7631884,
              33.7198277
            ],
            [
              78.7635619,
              33.7225873
            ],
            [
              78.763871,
              33.7237965
            ],
            [
              78.7641554,
              33.7242237
            ],
            [
              78.7644826,
              33.7245795
            ],
            [
              78.7649723,
              33.7252294
            ],
            [
              78.7650655,
              33.725739
            ],
            [
              78.7650068,
              33.7262281
            ],
            [
              78.7648989,
              33.7270862
            ],
            [
              78.7650157,
              33.7273808
            ],
            [
              78.7652801,
              33.727491
            ],
            [
              78.7658104,
              33.7276063
            ],
            [
              78.7662716,
              33.727906
            ],
            [
              78.7667327,
              33.7284363
            ],
            [
              78.7674705,
              33.7290358
            ],
            [
              78.7682314,
              33.7297506
            ],
            [
              78.7689461,
              33.7300503
            ],
            [
              78.7696378,
              33.7306959
            ],
            [
              78.7702603,
              33.7311801
            ],
            [
              78.7706984,
              33.7317565
            ],
            [
              78.7713901,
              33.7324712
            ],
            [
              78.7720357,
              33.7336471
            ],
            [
              78.772566,
              33.7342927
            ],
            [
              78.7727966,
              33.7348922
            ],
            [
              78.773373,
              33.73563
            ],
            [
              78.7741339,
              33.7368289
            ],
            [
              78.7746411,
              33.7379126
            ],
            [
              78.7752406,
              33.7378895
            ],
            [
              78.7754481,
              33.7391115
            ],
            [
              78.7754942,
              33.7398032
            ],
            [
              78.7756787,
              33.7403105
            ],
            [
              78.776232,
              33.7431003
            ],
            [
              78.7766009,
              33.7445298
            ],
            [
              78.7765548,
              33.7452215
            ],
            [
              78.7763934,
              33.7460055
            ],
            [
              78.7760706,
              33.7467894
            ],
            [
              78.7751714,
              33.7469969
            ],
            [
              78.7722663,
              33.7481958
            ],
            [
              78.7712979,
              33.74868
            ],
            [
              78.7707445,
              33.7492564
            ],
            [
              78.7700298,
              33.7501787
            ],
            [
              78.7686003,
              33.7517466
            ],
            [
              78.7677241,
              33.7522307
            ],
            [
              78.7678163,
              33.7528994
            ],
            [
              78.7677472,
              33.7537525
            ],
            [
              78.7674244,
              33.753983
            ],
            [
              78.7669863,
              33.7544672
            ],
            [
              78.7666635,
              33.7552281
            ],
            [
              78.766456,
              33.7562887
            ],
            [
              78.7661332,
              33.7570726
            ],
            [
              78.765626,
              33.7577413
            ],
            [
              78.7645193,
              33.7584791
            ],
            [
              78.7633203,
              33.7591708
            ],
            [
              78.7632742,
              33.7609923
            ],
            [
              78.7631589,
              33.7622604
            ],
            [
              78.7628592,
              33.7643816
            ],
            [
              78.7625825,
              33.7648197
            ],
            [
              78.7626286,
              33.7659033
            ],
            [
              78.7624672,
              33.7670331
            ],
            [
              78.7625825,
              33.7676787
            ],
            [
              78.76279,
              33.7684165
            ],
            [
              78.7634817,
              33.7700996
            ],
            [
              78.7639198,
              33.7706991
            ],
            [
              78.7642656,
              33.7715983
            ],
            [
              78.764427,
              33.7723361
            ],
            [
              78.7644962,
              33.7730047
            ],
            [
              78.7643348,
              33.7740654
            ],
            [
              78.7637873,
              33.7749195
            ],
            [
              78.7637584,
              33.7749646
            ],
            [
              78.7630436,
              33.7759099
            ],
            [
              78.761983,
              33.7779619
            ],
            [
              78.761545,
              33.7783539
            ],
            [
              78.7608487,
              33.7788122
            ],
            [
              78.7597235,
              33.7795528
            ],
            [
              78.759124,
              33.780037
            ],
            [
              78.7581787,
              33.780429
            ],
            [
              78.7574409,
              33.7805904
            ],
            [
              78.7563111,
              33.7806595
            ],
            [
              78.7551813,
              33.7823196
            ],
            [
              78.7548355,
              33.7830113
            ],
            [
              78.754651,
              33.7835877
            ],
            [
              78.754213,
              33.7842564
            ],
            [
              78.7547202,
              33.7859164
            ],
            [
              78.7552966,
              33.7871154
            ],
            [
              78.7555041,
              33.7877379
            ],
            [
              78.7557347,
              33.7886832
            ],
            [
              78.756265,
              33.789813
            ],
            [
              78.7565186,
              33.79062
            ],
            [
              78.7567722,
              33.7916806
            ],
            [
              78.7569797,
              33.7941015
            ],
            [
              78.7567722,
              33.7965225
            ],
            [
              78.7570489,
              33.7970297
            ],
            [
              78.7575792,
              33.7983901
            ],
            [
              78.7579251,
              33.7991048
            ],
            [
              78.7586168,
              33.8010646
            ],
            [
              78.758709,
              33.8015719
            ],
            [
              78.7586629,
              33.8021714
            ],
            [
              78.7588243,
              33.8026786
            ],
            [
              78.7589165,
              33.8033703
            ],
            [
              78.7589165,
              33.8041081
            ],
            [
              78.7595851,
              33.8058604
            ],
            [
              78.7596313,
              33.8065291
            ],
            [
              78.7595621,
              33.8071285
            ],
            [
              78.7597004,
              33.8076819
            ],
            [
              78.7600693,
              33.8085119
            ],
            [
              78.7604843,
              33.8092497
            ],
            [
              78.7606457,
              33.8097109
            ],
            [
              78.7607149,
              33.8103103
            ],
            [
              78.7608994,
              33.811002
            ],
            [
              78.7611991,
              33.811786
            ],
            [
              78.7613144,
              33.8125111
            ],
            [
              78.761176,
              33.8146219
            ],
            [
              78.761176,
              33.8157517
            ],
            [
              78.7615219,
              33.8163512
            ],
            [
              78.7618447,
              33.8171581
            ],
            [
              78.76196,
              33.817896
            ],
            [
              78.7619369,
              33.818334
            ],
            [
              78.7616372,
              33.8189566
            ],
            [
              78.7613836,
              33.8196944
            ],
            [
              78.7612683,
              33.8205705
            ],
            [
              78.761153,
              33.8216542
            ],
            [
              78.761153,
              33.8224151
            ],
            [
              78.7612915,
              33.8231215
            ],
            [
              78.7619849,
              33.8242528
            ],
            [
              78.7622404,
              33.8250192
            ],
            [
              78.7622769,
              33.8254936
            ],
            [
              78.7624228,
              33.82626
            ],
            [
              78.7628973,
              33.8273184
            ],
            [
              78.7631162,
              33.8286687
            ],
            [
              78.7633717,
              33.8292161
            ],
            [
              78.7642111,
              33.8304205
            ],
            [
              78.764722,
              33.8316248
            ],
            [
              78.7646954,
              33.8327775
            ],
            [
              78.7653023,
              33.8351986
            ],
            [
              78.7653737,
              33.8358769
            ],
            [
              78.7648025,
              33.8374475
            ],
            [
              78.7640886,
              33.8385897
            ],
            [
              78.7639102,
              33.8391608
            ],
            [
              78.7642314,
              33.8420879
            ],
            [
              78.7640529,
              33.8427661
            ],
            [
              78.7633747,
              33.8433015
            ],
            [
              78.7608761,
              33.8450149
            ],
            [
              78.7603406,
              33.8458002
            ],
            [
              78.7601978,
              33.8466212
            ],
            [
              78.7602692,
              33.8474065
            ],
            [
              78.7598052,
              33.8496196
            ],
            [
              78.7597695,
              33.8504763
            ],
            [
              78.7594839,
              33.8512973
            ],
            [
              78.7587485,
              33.8528678
            ],
            [
              78.7605209,
              33.8547958
            ],
            [
              78.7602831,
              33.8560241
            ],
            [
              78.7601247,
              33.8573712
            ],
            [
              78.7597285,
              33.8585994
            ],
            [
              78.7590945,
              33.8598276
            ],
            [
              78.7583814,
              33.8607389
            ],
            [
              78.7580644,
              33.8614521
            ],
            [
              78.758104,
              33.8627595
            ],
            [
              78.7581833,
              33.8635916
            ],
            [
              78.7572324,
              33.8653349
            ],
            [
              78.7570343,
              33.8660084
            ],
            [
              78.756955,
              33.8677913
            ],
            [
              78.7567173,
              33.8691384
            ],
            [
              78.7560834,
              33.8707232
            ],
            [
              78.7551721,
              33.8721496
            ],
            [
              78.7537458,
              33.873457
            ],
            [
              78.754142,
              33.8753192
            ],
            [
              78.7543401,
              33.8784888
            ],
            [
              78.7539439,
              33.8796378
            ],
            [
              78.7533496,
              33.8805491
            ],
            [
              78.752161,
              33.8816189
            ],
            [
              78.7516063,
              33.8825697
            ],
            [
              78.7512873,
              33.8847988
            ],
            [
              78.7525968,
              33.8859771
            ],
            [
              78.753825,
              33.8868487
            ],
            [
              78.756123,
              33.8878789
            ],
            [
              78.7590945,
              33.8886713
            ],
            [
              78.7608534,
              33.8894399
            ],
            [
              78.7618559,
              33.8920195
            ],
            [
              78.762383,
              33.8948521
            ],
            [
              78.7621849,
              33.8956841
            ],
            [
              78.7616699,
              33.8973482
            ],
            [
              78.7609567,
              33.8989726
            ],
            [
              78.7607593,
              33.9008334
            ],
            [
              78.7608228,
              33.9031797
            ],
            [
              78.7625349,
              33.904448
            ],
            [
              78.7632959,
              33.90467
            ],
            [
              78.7640569,
              33.9048919
            ],
            [
              78.7642471,
              33.9081894
            ],
            [
              78.7639425,
              33.9091893
            ],
            [
              78.76411,
              33.9102019
            ],
            [
              78.7634227,
              33.9123113
            ],
            [
              78.7623447,
              33.9145308
            ],
            [
              78.7603789,
              33.9152284
            ],
            [
              78.7587935,
              33.9154186
            ],
            [
              78.7573984,
              33.915482
            ],
            [
              78.755496,
              33.9150381
            ],
            [
              78.7534033,
              33.9147845
            ],
            [
              78.7494071,
              33.914683
            ],
            [
              78.7483615,
              33.9154872
            ],
            [
              78.7466726,
              33.9172566
            ],
            [
              78.7463911,
              33.9179
            ],
            [
              78.7461499,
              33.9193074
            ],
            [
              78.7454663,
              33.9195487
            ],
            [
              78.7418069,
              33.9204735
            ],
            [
              78.7405201,
              33.9205942
            ],
            [
              78.7391931,
              33.9203931
            ],
            [
              78.7376556,
              33.9201134
            ],
            [
              78.7354739,
              33.9201648
            ],
            [
              78.7326532,
              33.9203435
            ],
            [
              78.730257,
              33.9209354
            ],
            [
              78.7298323,
              33.9212664
            ],
            [
              78.7284398,
              33.9228114
            ],
            [
              78.7281399,
              33.9233065
            ],
            [
              78.7280465,
              33.923819
            ],
            [
              78.7291245,
              33.9259675
            ],
            [
              78.7298726,
              33.9268218
            ],
            [
              78.7307514,
              33.9274014
            ],
            [
              78.7313973,
              33.9277869
            ],
            [
              78.7319147,
              33.9288377
            ],
            [
              78.7322364,
              33.9296822
            ],
            [
              78.7323168,
              33.930406
            ],
            [
              78.7325179,
              33.93117
            ],
            [
              78.7330406,
              33.9322558
            ],
            [
              78.7332015,
              33.9329796
            ],
            [
              78.7332015,
              33.9339045
            ],
            [
              78.7335232,
              33.9348696
            ],
            [
              78.733684,
              33.9361161
            ],
            [
              78.733684,
              33.9375236
            ],
            [
              78.7336036,
              33.9389712
            ],
            [
              78.7346491,
              33.9400972
            ],
            [
              78.7350915,
              33.9405797
            ],
            [
              78.7354534,
              33.9418263
            ],
            [
              78.7356545,
              33.9428718
            ],
            [
              78.7358957,
              33.9439173
            ],
            [
              78.7354534,
              33.9446814
            ],
            [
              78.7348502,
              33.9464105
            ],
            [
              78.7350111,
              33.9467724
            ],
            [
              78.7349306,
              33.9475767
            ],
            [
              78.7351317,
              33.9483809
            ],
            [
              78.7352925,
              33.9497079
            ],
            [
              78.7353328,
              33.9508539
            ],
            [
              78.735373,
              33.952
            ],
            [
              78.7350513,
              33.9530455
            ],
            [
              78.7346089,
              33.9540106
            ],
            [
              78.7338851,
              33.9553376
            ],
            [
              78.7341264,
              33.9560615
            ],
            [
              78.7343677,
              33.9567451
            ],
            [
              78.7353328,
              33.9589567
            ],
            [
              78.7350513,
              33.959962
            ],
            [
              78.7354534,
              33.960324
            ],
            [
              78.7367,
              33.9612086
            ],
            [
              78.7379063,
              33.9624954
            ],
            [
              78.7376249,
              33.9628573
            ],
            [
              78.7373032,
              33.9632595
            ],
            [
              78.7374238,
              33.964506
            ],
            [
              78.7377455,
              33.9654711
            ],
            [
              78.7382683,
              33.9662754
            ],
            [
              78.7388312,
              33.9673611
            ],
            [
              78.7384291,
              33.9680849
            ],
            [
              78.7384693,
              33.9690098
            ],
            [
              78.73859,
              33.9697739
            ],
            [
              78.7388925,
              33.9705505
            ],
            [
              78.7389733,
              33.9707427
            ],
            [
              78.7404799,
              33.9739559
            ],
            [
              78.7418471,
              33.9769719
            ],
            [
              78.741244,
              33.9774544
            ],
            [
              78.740681,
              33.9782184
            ],
            [
              78.7404799,
              33.9791433
            ],
            [
              78.7406006,
              33.9807116
            ],
            [
              78.740681,
              33.9816767
            ],
            [
              78.7407212,
              33.982481
            ],
            [
              78.7410429,
              33.9832048
            ],
            [
              78.7418874,
              33.9841699
            ],
            [
              78.7418471,
              33.9847328
            ],
            [
              78.7410429,
              33.9869043
            ],
            [
              78.7404799,
              33.9882715
            ],
            [
              78.7399572,
              33.9902017
            ],
            [
              78.739354,
              33.9905234
            ],
            [
              78.7397159,
              33.9919309
            ],
            [
              78.739917,
              33.9927753
            ],
            [
              78.7403593,
              33.9935393
            ],
            [
              78.7405201,
              33.9944642
            ],
            [
              78.740681,
              33.9956304
            ],
            [
              78.7408821,
              33.9967161
            ],
            [
              78.7413244,
              33.9983246
            ],
            [
              78.7423297,
              34.0000135
            ],
            [
              78.7407212,
              34.0013003
            ],
            [
              78.739555,
              34.0024263
            ],
            [
              78.7381878,
              34.0036729
            ],
            [
              78.7371825,
              34.0048792
            ],
            [
              78.7364587,
              34.0057237
            ],
            [
              78.7352925,
              34.006166
            ],
            [
              78.7339253,
              34.0065681
            ],
            [
              78.732357,
              34.0072115
            ],
            [
              78.7301856,
              34.0076137
            ],
            [
              78.7287379,
              34.0084581
            ],
            [
              78.7276924,
              34.0099058
            ],
            [
              78.7269284,
              34.0111926
            ],
            [
              78.7268077,
              34.0121577
            ],
            [
              78.7269284,
              34.0134847
            ],
            [
              78.7267273,
              34.0161789
            ],
            [
              78.7259633,
              34.0160985
            ],
            [
              78.7245487,
              34.0157462
            ],
            [
              78.7226095,
              34.0151292
            ],
            [
              78.7203177,
              34.0149529
            ],
            [
              78.7192894,
              34.0150117
            ],
            [
              78.7177909,
              34.0153642
            ],
            [
              78.716263,
              34.0159813
            ],
            [
              78.7148821,
              34.0161869
            ],
            [
              78.7136186,
              34.0167746
            ],
            [
              78.7118851,
              34.0175385
            ],
            [
              78.7103572,
              34.0178911
            ],
            [
              78.7086237,
              34.0179499
            ],
            [
              78.7076835,
              34.0180968
            ],
            [
              78.7063907,
              34.017656
            ],
            [
              78.7052448,
              34.0194483
            ],
            [
              78.7046571,
              34.0203592
            ],
            [
              78.7041577,
              34.02127
            ],
            [
              78.7035112,
              34.022034
            ],
            [
              78.7019246,
              34.0229154
            ],
            [
              78.7021009,
              34.023885
            ],
            [
              78.7021009,
              34.0250603
            ],
            [
              78.7018659,
              34.0265294
            ],
            [
              78.7014839,
              34.027881
            ],
            [
              78.7005731,
              34.0272346
            ],
            [
              78.6992509,
              34.0265294
            ],
            [
              78.6978699,
              34.0259418
            ],
            [
              78.6956663,
              34.0254423
            ],
            [
              78.693874,
              34.0249721
            ],
            [
              78.6923167,
              34.0247077
            ],
            [
              78.6902306,
              34.0241788
            ],
            [
              78.6880563,
              34.0238263
            ],
            [
              78.686029,
              34.0234149
            ],
            [
              78.6841779,
              34.0235912
            ],
            [
              78.6818274,
              34.0240907
            ],
            [
              78.6801526,
              34.0242964
            ],
            [
              78.6771556,
              34.024267
            ],
            [
              78.6757159,
              34.0250897
            ],
            [
              78.6744231,
              34.0257655
            ],
            [
              78.6733066,
              34.0263825
            ],
            [
              78.6717787,
              34.0275284
            ],
            [
              78.6705153,
              34.0286449
            ],
            [
              78.6699277,
              34.0293501
            ],
            [
              78.6696045,
              34.0306429
            ],
            [
              78.6693988,
              34.0313187
            ],
            [
              78.669,
              34.0320079
            ],
            [
              78.668251,
              34.0320792
            ],
            [
              78.6670384,
              34.0317582
            ],
            [
              78.6658257,
              34.0314016
            ],
            [
              78.6646844,
              34.0314016
            ],
            [
              78.6636501,
              34.0311519
            ],
            [
              78.6620809,
              34.0314729
            ],
            [
              78.6607256,
              34.0317226
            ],
            [
              78.6592276,
              34.0317582
            ],
            [
              78.65748,
              34.0315442
            ],
            [
              78.656517,
              34.0318296
            ],
            [
              78.6561247,
              34.0322576
            ],
            [
              78.6561247,
              34.0338625
            ],
            [
              78.6560534,
              34.0352535
            ],
            [
              78.6554114,
              34.0372151
            ],
            [
              78.6547337,
              34.0387844
            ],
            [
              78.6536121,
              34.0409962
            ],
            [
              78.6543845,
              34.0425609
            ],
            [
              78.6562728,
              34.0441255
            ],
            [
              78.655875,
              34.0454182
            ],
            [
              78.6553757,
              34.0479861
            ],
            [
              78.6550904,
              34.0504114
            ],
            [
              78.6536711,
              34.0545646
            ],
            [
              78.65363,
              34.0556402
            ],
            [
              78.6549425,
              34.0566417
            ],
            [
              78.6570882,
              34.0570683
            ],
            [
              78.6609077,
              34.0584905
            ],
            [
              78.6662721,
              34.0585261
            ],
            [
              78.6700057,
              34.0606948
            ],
            [
              78.6695766,
              34.0645345
            ],
            [
              78.6653264,
              34.0693498
            ],
            [
              78.6650768,
              34.0705268
            ],
            [
              78.6645418,
              34.0721317
            ],
            [
              78.6638998,
              34.0725241
            ],
            [
              78.6616529,
              34.0728807
            ],
            [
              78.6596199,
              34.073594
            ],
            [
              78.6574443,
              34.0743787
            ],
            [
              78.6574087,
              34.0754486
            ],
            [
              78.657694,
              34.0763403
            ],
            [
              78.658229,
              34.0774816
            ],
            [
              78.6590849,
              34.0786942
            ],
            [
              78.6599053,
              34.0800139
            ],
            [
              78.6606899,
              34.0814405
            ],
            [
              78.6611892,
              34.0824748
            ],
            [
              78.6612962,
              34.0834378
            ],
            [
              78.6611892,
              34.0845791
            ],
            [
              78.6616172,
              34.085221
            ],
            [
              78.6624375,
              34.0861127
            ],
            [
              78.6634005,
              34.087147
            ],
            [
              78.6647201,
              34.08811
            ],
            [
              78.6662181,
              34.0886449
            ],
            [
              78.6673255,
              34.0897036
            ],
            [
              78.6684114,
              34.0906895
            ],
            [
              78.6696832,
              34.0918755
            ],
            [
              78.6712407,
              34.0912182
            ],
            [
              78.6729553,
              34.0907324
            ],
            [
              78.6752702,
              34.0900608
            ],
            [
              78.6755417,
              34.0885176
            ],
            [
              78.6756131,
              34.0874745
            ],
            [
              78.6769848,
              34.0858027
            ],
            [
              78.6781851,
              34.0843595
            ],
            [
              78.6799284,
              34.0815017
            ],
            [
              78.6811287,
              34.0797156
            ],
            [
              78.6822818,
              34.0795811
            ],
            [
              78.6840417,
              34.0795436
            ],
            [
              78.6847906,
              34.0795811
            ],
            [
              78.6859514,
              34.0802925
            ],
            [
              78.6872995,
              34.0806296
            ],
            [
              78.6881982,
              34.0805172
            ],
            [
              78.6892841,
              34.0811163
            ],
            [
              78.690707,
              34.0817904
            ],
            [
              78.6922423,
              34.0824644
            ],
            [
              78.6940022,
              34.083101
            ],
            [
              78.6955,
              34.0839248
            ],
            [
              78.6950132,
              34.0853477
            ],
            [
              78.6944516,
              34.0862464
            ],
            [
              78.6935903,
              34.0871825
            ],
            [
              78.6923172,
              34.088568
            ],
            [
              78.6927291,
              34.089242
            ],
            [
              78.6932159,
              34.0898786
            ],
            [
              78.6937401,
              34.09059
            ],
            [
              78.6940022,
              34.090927
            ],
            [
              78.6951256,
              34.0919381
            ],
            [
              78.6970727,
              34.0927619
            ],
            [
              78.6985331,
              34.0930989
            ],
            [
              78.7004803,
              34.0938852
            ],
            [
              78.7019406,
              34.0942971
            ],
            [
              78.7031763,
              34.0944469
            ],
            [
              78.7042997,
              34.0944844
            ],
            [
              78.7057975,
              34.0946341
            ],
            [
              78.7077821,
              34.0947465
            ],
            [
              78.7089804,
              34.094035
            ],
            [
              78.7101786,
              34.093024
            ],
            [
              78.7117514,
              34.0924623
            ],
            [
              78.7135862,
              34.091676
            ],
            [
              78.7150466,
              34.090253
            ],
            [
              78.7174306,
              34.0905494
            ],
            [
              78.7186821,
              34.090747
            ],
            [
              78.7200652,
              34.0911751
            ],
            [
              78.7212838,
              34.0913397
            ],
            [
              78.7224364,
              34.0909775
            ],
            [
              78.7248734,
              34.0903188
            ],
            [
              78.7263554,
              34.0899236
            ],
            [
              78.7282326,
              34.0893308
            ],
            [
              78.7301756,
              34.0898578
            ],
            [
              78.7308343,
              34.0902859
            ],
            [
              78.7312624,
              34.090714
            ],
            [
              78.7317894,
              34.0910104
            ],
            [
              78.7325797,
              34.0911092
            ],
            [
              78.7331725,
              34.0910763
            ],
            [
              78.7336336,
              34.0908128
            ],
            [
              78.7339959,
              34.0906811
            ],
            [
              78.7347533,
              34.090747
            ],
            [
              78.7354778,
              34.0909116
            ],
            [
              78.7363012,
              34.0908128
            ],
            [
              78.7369269,
              34.0911751
            ],
            [
              78.737849,
              34.091702
            ],
            [
              78.7389687,
              34.0920643
            ],
            [
              78.7407142,
              34.0922619
            ],
            [
              78.742262,
              34.0923607
            ],
            [
              78.7428268,
              34.092032
            ],
            [
              78.7436134,
              34.0905849
            ],
            [
              78.744259,
              34.0895311
            ],
            [
              78.7448967,
              34.0899566
            ],
            [
              78.7454236,
              34.0908787
            ],
            [
              78.7461481,
              34.0913397
            ],
            [
              78.7469385,
              34.0913068
            ],
            [
              78.7470702,
              34.0916361
            ],
            [
              78.7474654,
              34.0927229
            ],
            [
              78.7477948,
              34.0935792
            ],
            [
              78.7484863,
              34.0944354
            ],
            [
              78.7488486,
              34.0951929
            ],
            [
              78.7494085,
              34.0963456
            ],
            [
              78.7502318,
              34.0973335
            ],
            [
              78.7512856,
              34.0985521
            ],
            [
              78.7518126,
              34.0986509
            ],
            [
              78.753064,
              34.0984862
            ],
            [
              78.7554023,
              34.0983215
            ],
            [
              78.7571477,
              34.0984203
            ],
            [
              78.758465,
              34.0986509
            ],
            [
              78.7592554,
              34.0989143
            ],
            [
              78.7598811,
              34.0994412
            ],
            [
              78.7601775,
              34.1002646
            ],
            [
              78.7607045,
              34.1028992
            ],
            [
              78.7607374,
              34.1037884
            ],
            [
              78.7603093,
              34.104941
            ],
            [
              78.7600787,
              34.1058632
            ],
            [
              78.7605398,
              34.106917
            ],
            [
              78.761923,
              34.1072793
            ],
            [
              78.7635367,
              34.1072793
            ],
            [
              78.7649857,
              34.1067194
            ],
            [
              78.7667312,
              34.1076415
            ],
            [
              78.7678509,
              34.1083331
            ],
            [
              78.7693329,
              34.1086954
            ],
            [
              78.7703209,
              34.1092882
            ],
            [
              78.7713747,
              34.1110336
            ],
            [
              78.7723113,
              34.1124878
            ],
            [
              78.7726262,
              34.1129767
            ],
            [
              78.7743057,
              34.1144587
            ],
            [
              78.7758207,
              34.115743
            ],
            [
              78.7772038,
              34.1169945
            ],
            [
              78.7791469,
              34.1178507
            ],
            [
              78.7803325,
              34.1183447
            ],
            [
              78.7829342,
              34.1191351
            ],
            [
              78.7851736,
              34.120189
            ],
            [
              78.7857048,
              34.1211079
            ],
            [
              78.7859497,
              34.1221966
            ],
            [
              78.7858136,
              34.1246461
            ],
            [
              78.7857592,
              34.1261974
            ],
            [
              78.7860586,
              34.1277215
            ],
            [
              78.7864396,
              34.128538
            ],
            [
              78.7872289,
              34.1292457
            ],
            [
              78.7896239,
              34.1305248
            ],
            [
              78.7902227,
              34.1309603
            ],
            [
              78.7910936,
              34.1322123
            ],
            [
              78.7913114,
              34.133192
            ],
            [
              78.7913386,
              34.1345257
            ],
            [
              78.791774,
              34.1352605
            ],
            [
              78.7930532,
              34.1364036
            ],
            [
              78.7946862,
              34.1378461
            ],
            [
              78.7962648,
              34.136458
            ],
            [
              78.7974623,
              34.1356143
            ],
            [
              78.7983467,
              34.1354779
            ],
            [
              78.8003419,
              34.1356539
            ],
            [
              78.8016329,
              34.1351258
            ],
            [
              78.8035107,
              34.1350084
            ],
            [
              78.8050364,
              34.134539
            ],
            [
              78.8062687,
              34.1337174
            ],
            [
              78.807677,
              34.1325438
            ],
            [
              78.8086746,
              34.1323091
            ],
            [
              78.8102003,
              34.1324265
            ],
            [
              78.8121368,
              34.1326612
            ],
            [
              78.8133104,
              34.1324851
            ],
            [
              78.814308,
              34.1317223
            ],
            [
              78.8160097,
              34.1307247
            ],
            [
              78.8174768,
              34.1296098
            ],
            [
              78.8185917,
              34.1287882
            ],
            [
              78.8198827,
              34.1284361
            ],
            [
              78.8218778,
              34.1281427
            ],
            [
              78.8233449,
              34.127908
            ],
            [
              78.8243425,
              34.1267931
            ],
            [
              78.8261029,
              34.1246806
            ],
            [
              78.8282741,
              34.1253847
            ],
            [
              78.8303279,
              34.1259715
            ],
            [
              78.8316189,
              34.1266757
            ],
            [
              78.8336727,
              34.1274972
            ],
            [
              78.8351985,
              34.1285535
            ],
            [
              78.8350587,
              34.1299888
            ],
            [
              78.8347315,
              34.1334902
            ],
            [
              78.8351896,
              34.1350936
            ],
            [
              78.8362367,
              34.1353554
            ],
            [
              78.8381019,
              34.1364352
            ],
            [
              78.8391818,
              34.1376132
            ],
            [
              78.8398362,
              34.1389876
            ],
            [
              78.8401962,
              34.1402638
            ],
            [
              78.840687,
              34.1412455
            ],
            [
              78.841636,
              34.1422599
            ],
            [
              78.8425849,
              34.142358
            ],
            [
              78.8449737,
              34.142358
            ],
            [
              78.8473952,
              34.1423907
            ],
            [
              78.8497185,
              34.142129
            ],
            [
              78.8519763,
              34.1418345
            ],
            [
              78.8537106,
              34.14154
            ],
            [
              78.8551832,
              34.1422599
            ],
            [
              78.8563939,
              34.1430779
            ],
            [
              78.8581282,
              34.1445504
            ],
            [
              78.8587172,
              34.1453358
            ],
            [
              78.8588481,
              34.1463829
            ],
            [
              78.8583245,
              34.1483136
            ],
            [
              78.8573101,
              34.1497534
            ],
            [
              78.8567538,
              34.1511604
            ],
            [
              78.856852,
              34.1520112
            ],
            [
              78.8574737,
              34.1533201
            ],
            [
              78.8580628,
              34.1550544
            ],
            [
              78.8588808,
              34.1574759
            ],
            [
              78.8594044,
              34.1594066
            ],
            [
              78.8594044,
              34.1607482
            ],
            [
              78.8596334,
              34.1617626
            ],
            [
              78.8608115,
              34.1632678
            ],
            [
              78.8620876,
              34.1656239
            ],
            [
              78.865229,
              34.1653294
            ],
            [
              78.8683704,
              34.1654603
            ],
            [
              78.8717408,
              34.1655584
            ],
            [
              78.8726244,
              34.1651657
            ],
            [
              78.8751113,
              34.1637587
            ],
            [
              78.8760275,
              34.1631697
            ],
            [
              78.8765184,
              34.1613045
            ],
            [
              78.8773364,
              34.1600937
            ],
            [
              78.8788417,
              34.1585558
            ],
            [
              78.8797252,
              34.1578686
            ],
            [
              78.8818194,
              34.1564942
            ],
            [
              78.8816231,
              34.1553817
            ],
            [
              78.8815904,
              34.1542036
            ],
            [
              78.8820812,
              34.1532547
            ],
            [
              78.8835865,
              34.1520439
            ],
            [
              78.8856153,
              34.1508659
            ],
            [
              78.8888221,
              34.148968
            ],
            [
              78.8905237,
              34.1478882
            ],
            [
              78.891898,
              34.1478554
            ],
            [
              78.8935014,
              34.1479209
            ],
            [
              78.8953874,
              34.1484561
            ],
            [
              78.8966292,
              34.1484971
            ],
            [
              78.8978847,
              34.1483879
            ],
            [
              78.8989082,
              34.1479376
            ],
            [
              78.9006414,
              34.1469141
            ],
            [
              78.9014738,
              34.1464501
            ],
            [
              78.902047,
              34.1451946
            ],
            [
              78.90247,
              34.144021
            ],
            [
              78.9034799,
              34.1420286
            ],
            [
              78.904326,
              34.141046
            ],
            [
              78.9058063,
              34.1409294
            ],
            [
              78.9061058,
              34.1410958
            ],
            [
              78.9076035,
              34.141595
            ],
            [
              78.9083025,
              34.1422274
            ],
            [
              78.9088683,
              34.1431926
            ],
            [
              78.9092011,
              34.1441578
            ],
            [
              78.9092344,
              34.1449234
            ],
            [
              78.9090014,
              34.1458886
            ],
            [
              78.9081694,
              34.1476193
            ],
            [
              78.9080362,
              34.1483182
            ],
            [
              78.9082026,
              34.1490172
            ],
            [
              78.9088683,
              34.149816
            ],
            [
              78.9104659,
              34.1508145
            ],
            [
              78.9126959,
              34.1519128
            ],
            [
              78.9143933,
              34.1524787
            ],
            [
              78.9163238,
              34.152279
            ],
            [
              78.9182875,
              34.1523788
            ],
            [
              78.9206173,
              34.1527782
            ],
            [
              78.9229471,
              34.1535104
            ],
            [
              78.9256764,
              34.1544091
            ],
            [
              78.9258428,
              34.1568388
            ],
            [
              78.9255099,
              34.1587359
            ],
            [
              78.9252104,
              34.1601338
            ],
            [
              78.9255432,
              34.1631626
            ],
            [
              78.9257096,
              34.1642609
            ],
            [
              78.9267414,
              34.1654258
            ],
            [
              78.9284056,
              34.1668903
            ],
            [
              78.9279396,
              34.167556
            ],
            [
              78.926808,
              34.1684213
            ],
            [
              78.924811,
              34.1702852
            ],
            [
              78.9238458,
              34.1716831
            ],
            [
              78.9236794,
              34.1725152
            ],
            [
              78.9240455,
              34.173314
            ],
            [
              78.9250773,
              34.174612
            ],
            [
              78.9259759,
              34.1756105
            ],
            [
              78.9264752,
              34.1767754
            ],
            [
              78.926575,
              34.17814
            ],
            [
              78.9269411,
              34.1791053
            ],
            [
              78.9279396,
              34.1805364
            ],
            [
              78.9292377,
              34.1822006
            ],
            [
              78.9299699,
              34.1839313
            ],
            [
              78.9317006,
              34.1856288
            ],
            [
              78.9329987,
              34.1868935
            ],
            [
              78.932799,
              34.1880917
            ],
            [
              78.9328988,
              34.188824
            ],
            [
              78.9330985,
              34.1901886
            ],
            [
              78.9329654,
              34.192585
            ],
            [
              78.9341969,
              34.1930842
            ],
            [
              78.9356281,
              34.193883
            ],
            [
              78.936327,
              34.19588
            ],
            [
              78.9364269,
              34.1970782
            ],
            [
              78.936094,
              34.1987424
            ],
            [
              78.9357612,
              34.2001736
            ],
            [
              78.9364269,
              34.2009391
            ],
            [
              78.9366266,
              34.2015715
            ],
            [
              78.9363603,
              34.2024701
            ],
            [
              78.9356613,
              34.2039013
            ],
            [
              78.9362604,
              34.2050329
            ],
            [
              78.9372589,
              34.2064308
            ],
            [
              78.938324,
              34.2076956
            ],
            [
              78.9381909,
              34.2085277
            ],
            [
              78.9381909,
              34.2096593
            ],
            [
              78.9389897,
              34.211157
            ],
            [
              78.9397885,
              34.213154
            ],
            [
              78.9406538,
              34.2164158
            ],
            [
              78.9410865,
              34.2190785
            ],
            [
              78.9419852,
              34.2208758
            ],
            [
              78.9433831,
              34.2225732
            ],
            [
              78.9437825,
              34.2250029
            ],
            [
              78.946079,
              34.2260679
            ],
            [
              78.9478097,
              34.2263675
            ],
            [
              78.9493408,
              34.2261678
            ],
            [
              78.9505722,
              34.2264008
            ],
            [
              78.9528355,
              34.2277321
            ],
            [
              78.9550988,
              34.2300286
            ],
            [
              78.9566631,
              34.2318259
            ],
            [
              78.9575617,
              34.233357
            ],
            [
              78.9587932,
              34.2349213
            ],
            [
              78.9598915,
              34.2353207
            ],
            [
              78.9616223,
              34.236652
            ],
            [
              78.9612229,
              34.2376172
            ],
            [
              78.9605572,
              34.2385159
            ],
            [
              78.9603242,
              34.2396808
            ],
            [
              78.9601578,
              34.241112
            ],
            [
              78.9597584,
              34.2419773
            ],
            [
              78.9594589,
              34.2426097
            ],
            [
              78.9592259,
              34.2441407
            ],
            [
              78.9607236,
              34.2449395
            ],
            [
              78.962055,
              34.2458049
            ],
            [
              78.9626208,
              34.2466037
            ],
            [
              78.9627872,
              34.2477686
            ],
            [
              78.9634529,
              34.248867
            ],
            [
              78.9636858,
              34.2503314
            ],
            [
              78.9637857,
              34.2516295
            ],
            [
              78.9636858,
              34.2524948
            ],
            [
              78.9631533,
              34.2537929
            ],
            [
              78.9636526,
              34.2545584
            ],
            [
              78.9644514,
              34.25569
            ],
            [
              78.9648175,
              34.256389
            ],
            [
              78.9650172,
              34.257687
            ],
            [
              78.9650172,
              34.2585857
            ],
            [
              78.9638855,
              34.2594178
            ],
            [
              78.9643848,
              34.2608822
            ],
            [
              78.9644514,
              34.2625464
            ],
            [
              78.9647176,
              34.2642771
            ],
            [
              78.9651836,
              34.2653089
            ],
            [
              78.9653167,
              34.2662408
            ],
            [
              78.9648508,
              34.2667734
            ],
            [
              78.9654166,
              34.2675722
            ],
            [
              78.9660157,
              34.2684708
            ],
            [
              78.9669143,
              34.2695359
            ],
            [
              78.96758,
              34.2706009
            ],
            [
              78.9680792,
              34.2716993
            ],
            [
              78.9692109,
              34.2736297
            ],
            [
              78.9695437,
              34.2743619
            ],
            [
              78.9696768,
              34.2763922
            ],
            [
              78.9690777,
              34.2772576
            ],
            [
              78.9692774,
              34.2780897
            ],
            [
              78.969577,
              34.2803529
            ],
            [
              78.9707752,
              34.2807856
            ],
            [
              78.9731716,
              34.281651
            ],
            [
              78.9734711,
              34.2832153
            ],
            [
              78.9738705,
              34.2846132
            ],
            [
              78.9750021,
              34.2861442
            ],
            [
              78.9762003,
              34.2875754
            ],
            [
              78.9775982,
              34.2910036
            ],
            [
              78.9780975,
              34.2909703
            ],
            [
              78.9793955,
              34.2911367
            ],
            [
              78.9799946,
              34.2918689
            ],
            [
              78.9807601,
              34.2930006
            ],
            [
              78.9814924,
              34.2943319
            ],
            [
              78.9822912,
              34.2954635
            ],
            [
              78.9836441,
              34.2966339
            ],
            [
              78.9853436,
              34.2986856
            ],
            [
              78.9849046,
              34.3002577
            ],
            [
              78.9837861,
              34.3016708
            ],
            [
              78.980493,
              34.3052207
            ],
            [
              78.9798925,
              34.306473
            ],
            [
              78.9793114,
              34.3093171
            ],
            [
              78.9793733,
              34.3129624
            ],
            [
              78.979784,
              34.3150679
            ],
            [
              78.9831161,
              34.3146588
            ],
            [
              78.9855623,
              34.3139853
            ],
            [
              78.9911413,
              34.3148006
            ],
            [
              78.9939737,
              34.3149778
            ],
            [
              78.9974498,
              34.3158285
            ],
            [
              79.0007972,
              34.3161475
            ],
            [
              79.0035009,
              34.3168564
            ],
            [
              79.0075779,
              34.3145879
            ],
            [
              79.0135001,
              34.3146588
            ],
            [
              79.0171908,
              34.3163602
            ],
            [
              79.0195083,
              34.3161476
            ],
            [
              79.0238856,
              34.3172109
            ],
            [
              79.0286922,
              34.3167147
            ],
            [
              79.0322971,
              34.318735
            ],
            [
              79.0325975,
              34.3196566
            ],
            [
              79.0347004,
              34.3196211
            ],
            [
              79.0386486,
              34.320649
            ],
            [
              79.0395927,
              34.3222794
            ],
            [
              79.0405798,
              34.3229882
            ],
            [
              79.0428972,
              34.3234135
            ],
            [
              79.0437984,
              34.324335
            ],
            [
              79.0443992,
              34.3249021
            ],
            [
              79.0453655,
              34.3252383
            ],
            [
              79.0449427,
              34.3262331
            ],
            [
              79.0400004,
              34.3315826
            ],
            [
              79.0396356,
              34.3324154
            ],
            [
              79.0391958,
              34.3340633
            ],
            [
              79.0357722,
              34.3352449
            ],
            [
              79.0350437,
              34.3355694
            ],
            [
              79.0330457,
              34.3357569
            ],
            [
              79.0309603,
              34.3360274
            ],
            [
              79.0301874,
              34.3361856
            ],
            [
              79.0293769,
              34.336808
            ],
            [
              79.0253663,
              34.3385815
            ],
            [
              79.0229416,
              34.3392193
            ],
            [
              79.0216167,
              34.3399515
            ],
            [
              79.0209802,
              34.3405874
            ],
            [
              79.0192685,
              34.3411502
            ],
            [
              79.0185427,
              34.3416112
            ],
            [
              79.0176201,
              34.342816
            ],
            [
              79.0172553,
              34.3437373
            ],
            [
              79.0150614,
              34.3440636
            ],
            [
              79.012835,
              34.3438259
            ],
            [
              79.0108609,
              34.3451546
            ],
            [
              79.008522,
              34.3455444
            ],
            [
              79.0081143,
              34.3468908
            ],
            [
              79.0064192,
              34.3480601
            ],
            [
              79.0027174,
              34.3488364
            ],
            [
              79.0021705,
              34.3493711
            ],
            [
              79.0006041,
              34.3517095
            ],
            [
              78.9998317,
              34.3523473
            ],
            [
              78.9978813,
              34.3538599
            ],
            [
              78.9916777,
              34.3537999
            ],
            [
              78.9888453,
              34.3541719
            ],
            [
              78.9867854,
              34.3547742
            ],
            [
              78.9861202,
              34.3560673
            ],
            [
              78.9839315,
              34.3571125
            ],
            [
              78.9819574,
              34.3569708
            ],
            [
              78.9807987,
              34.3579273
            ],
            [
              78.9798116,
              34.3601238
            ],
            [
              78.977108,
              34.3599113
            ],
            [
              78.9718723,
              34.3618243
            ],
            [
              78.9723444,
              34.3629225
            ],
            [
              78.972001,
              34.3637019
            ],
            [
              78.9684391,
              34.3671735
            ],
            [
              78.9651775,
              34.3695469
            ],
            [
              78.9648342,
              34.3708221
            ],
            [
              78.9635896,
              34.3715659
            ],
            [
              78.9640617,
              34.3734787
            ],
            [
              78.9626884,
              34.3757456
            ],
            [
              78.9639329,
              34.3778708
            ],
            [
              78.9635467,
              34.3791105
            ],
            [
              78.9643407,
              34.3835731
            ],
            [
              78.9646411,
              34.3857867
            ],
            [
              78.9652204,
              34.3867075
            ],
            [
              78.9635398,
              34.3873175
            ],
            [
              78.9619253,
              34.3876202
            ],
            [
              78.9609835,
              34.3873175
            ],
            [
              78.9593691,
              34.3871494
            ],
            [
              78.95836,
              34.3873175
            ],
            [
              78.9570146,
              34.3880239
            ],
            [
              78.9560056,
              34.3882593
            ],
            [
              78.954223,
              34.388562
            ],
            [
              78.9523058,
              34.3892011
            ],
            [
              78.950994,
              34.3892683
            ],
            [
              78.9498168,
              34.3894029
            ],
            [
              78.9485723,
              34.3891338
            ],
            [
              78.9471597,
              34.3892683
            ],
            [
              78.9457807,
              34.3884947
            ],
            [
              78.9431572,
              34.387183
            ],
            [
              78.9428881,
              34.3864094
            ],
            [
              78.9428186,
              34.3848304
            ],
            [
              78.94198,
              34.384324
            ],
            [
              78.9399619,
              34.3839877
            ],
            [
              78.9374729,
              34.3834159
            ],
            [
              78.9360266,
              34.3824405
            ],
            [
              78.933437,
              34.3803306
            ],
            [
              78.9316539,
              34.3800164
            ],
            [
              78.9314814,
              34.3780487
            ],
            [
              78.9316214,
              34.3766481
            ],
            [
              78.9318506,
              34.3756921
            ],
            [
              78.9316749,
              34.3752911
            ],
            [
              78.9299714,
              34.3743763
            ],
            [
              78.9292026,
              34.3704412
            ],
            [
              78.9269558,
              34.3669881
            ],
            [
              78.9263713,
              34.3653048
            ],
            [
              78.9253039,
              34.3655372
            ],
            [
              78.9231104,
              34.3658548
            ],
            [
              78.9209451,
              34.3660244
            ],
            [
              78.9205844,
              34.3659268
            ],
            [
              78.9186882,
              34.3653348
            ],
            [
              78.9167811,
              34.3650254
            ],
            [
              78.9145523,
              34.3652464
            ],
            [
              78.912525,
              34.3652894
            ],
            [
              78.9112,
              34.3659713
            ],
            [
              78.9101576,
              34.3661014
            ],
            [
              78.9091863,
              34.3663122
            ],
            [
              78.9064677,
              34.3654502
            ],
            [
              78.9061397,
              34.3613123
            ],
            [
              78.9067839,
              34.3590781
            ],
            [
              78.9061252,
              34.3581435
            ],
            [
              78.9047503,
              34.3563584
            ],
            [
              78.9036784,
              34.3539985
            ],
            [
              78.9008878,
              34.354889
            ],
            [
              78.8922772,
              34.3572795
            ],
            [
              78.89003,
              34.3582973
            ],
            [
              78.8883437,
              34.3588707
            ],
            [
              78.8751794,
              34.369523
            ],
            [
              78.8722127,
              34.3716099
            ],
            [
              78.8702917,
              34.3742402
            ],
            [
              78.8690016,
              34.3766932
            ],
            [
              78.8682653,
              34.3780475
            ],
            [
              78.8682789,
              34.3789158
            ],
            [
              78.8688155,
              34.3796299
            ],
            [
              78.871665,
              34.382245
            ],
            [
              78.8750553,
              34.3872934
            ],
            [
              78.8771367,
              34.3900984
            ],
            [
              78.8789091,
              34.3914389
            ],
            [
              78.8781237,
              34.3925155
            ],
            [
              78.8781131,
              34.3933916
            ],
            [
              78.8778298,
              34.3953938
            ],
            [
              78.8759659,
              34.3966646
            ],
            [
              78.8742471,
              34.3970292
            ],
            [
              78.8734398,
              34.3977844
            ],
            [
              78.8723721,
              34.3986698
            ],
            [
              78.8709138,
              34.3998157
            ],
            [
              78.8699242,
              34.4004667
            ],
            [
              78.8693773,
              34.4028365
            ],
            [
              78.8681013,
              34.4032532
            ],
            [
              78.8659398,
              34.4035657
            ],
            [
              78.8631013,
              34.4044771
            ],
            [
              78.8620076,
              34.4046855
            ],
            [
              78.8614086,
              34.4048677
            ],
            [
              78.8608878,
              34.4055709
            ],
            [
              78.8605492,
              34.4064302
            ],
            [
              78.8597159,
              34.4068469
            ],
            [
              78.8584399,
              34.4078365
            ],
            [
              78.8576846,
              34.408774
            ],
            [
              78.8572159,
              34.4098938
            ],
            [
              78.8565128,
              34.4107011
            ],
            [
              78.8554971,
              34.4114042
            ],
            [
              78.8545336,
              34.4124979
            ],
            [
              78.8535961,
              34.4132271
            ],
            [
              78.8526847,
              34.4138261
            ],
            [
              78.8520857,
              34.4145031
            ],
            [
              78.8511482,
              34.4152844
            ],
            [
              78.8499242,
              34.4158573
            ],
            [
              78.8487263,
              34.4160917
            ],
            [
              78.8479451,
              34.4163261
            ],
            [
              78.8457055,
              34.4179667
            ],
            [
              78.8455647,
              34.4179559
            ],
            [
              78.8450284,
              34.4179146
            ],
            [
              78.8442472,
              34.4177323
            ],
            [
              78.8424243,
              34.4170552
            ],
            [
              78.839768,
              34.4170552
            ],
            [
              78.8385441,
              34.4167948
            ],
            [
              78.8376847,
              34.4166646
            ],
            [
              78.8364607,
              34.4167948
            ],
            [
              78.8357316,
              34.4172636
            ],
            [
              78.8350024,
              34.417524
            ],
            [
              78.8336222,
              34.4177063
            ],
            [
              78.832893,
              34.4178625
            ],
            [
              78.8317993,
              34.4182011
            ],
            [
              78.8301847,
              34.4182531
            ],
            [
              78.8296639,
              34.4186438
            ],
            [
              78.8291691,
              34.4187219
            ],
            [
              78.8271639,
              34.4185917
            ],
            [
              78.8259399,
              34.418149
            ],
            [
              78.8245858,
              34.4179146
            ],
            [
              78.8242212,
              34.4188261
            ],
            [
              78.8240389,
              34.4190083
            ],
            [
              78.8233878,
              34.4192167
            ],
            [
              78.8226326,
              34.4197115
            ],
            [
              78.8220858,
              34.4198938
            ],
            [
              78.8214087,
              34.4198156
            ],
            [
              78.820966,
              34.4197115
            ],
            [
              78.8200545,
              34.4197896
            ],
            [
              78.8194816,
              34.4208573
            ],
            [
              78.8188826,
              34.4213
            ],
            [
              78.8181014,
              34.4214823
            ],
            [
              78.816617,
              34.421925
            ],
            [
              78.8162004,
              34.4224458
            ],
            [
              78.8160181,
              34.423826
            ],
            [
              78.8158358,
              34.4245552
            ],
            [
              78.8154712,
              34.4251281
            ],
            [
              78.8154191,
              34.4257531
            ],
            [
              78.8153149,
              34.4262479
            ],
            [
              78.8147941,
              34.4266906
            ],
            [
              78.8142212,
              34.4270812
            ],
            [
              78.8138045,
              34.4278625
            ],
            [
              78.813492,
              34.4287479
            ],
            [
              78.8132576,
              34.4289562
            ],
            [
              78.8124764,
              34.4295031
            ],
            [
              78.8114087,
              34.4298937
            ],
            [
              78.8104452,
              34.4299979
            ],
            [
              78.8092212,
              34.4299719
            ],
            [
              78.8078931,
              34.4298156
            ],
            [
              78.8077108,
              34.4311698
            ],
            [
              78.8075285,
              34.4317948
            ],
            [
              78.8067212,
              34.433201
            ],
            [
              78.80594,
              34.4355969
            ],
            [
              78.8051327,
              34.4360916
            ],
            [
              78.8041431,
              34.4365604
            ],
            [
              78.8032837,
              34.4367427
            ],
            [
              78.8019816,
              34.4365083
            ],
            [
              78.7988046,
              34.4367427
            ],
            [
              78.7962264,
              34.4368468
            ],
            [
              78.7951327,
              34.4372896
            ],
            [
              78.7942473,
              34.4378364
            ],
            [
              78.7933619,
              34.4384875
            ],
            [
              78.7923462,
              34.4391385
            ],
            [
              78.7913046,
              34.4399979
            ],
            [
              78.7901587,
              34.4404927
            ],
            [
              78.7889608,
              34.4407531
            ],
            [
              78.7867212,
              34.4410395
            ],
            [
              78.7859921,
              34.4412739
            ],
            [
              78.7848723,
              34.4420291
            ],
            [
              78.7829973,
              34.4426541
            ],
            [
              78.7822942,
              34.442576
            ],
            [
              78.7813046,
              34.4422114
            ],
            [
              78.780315,
              34.4415083
            ],
            [
              78.7796379,
              34.4411177
            ],
            [
              78.7784921,
              34.4407791
            ],
            [
              78.7782838,
              34.4397896
            ],
            [
              78.777789,
              34.4389302
            ],
            [
              78.7770598,
              34.4382271
            ],
            [
              78.7764869,
              34.4383833
            ],
            [
              78.7723202,
              34.4392427
            ],
            [
              78.7708619,
              34.4393989
            ],
            [
              78.7690911,
              34.4397114
            ],
            [
              78.7681275,
              34.4396333
            ],
            [
              78.7666692,
              34.439425
            ],
            [
              78.7655234,
              34.4393208
            ],
            [
              78.7649765,
              34.4395552
            ],
            [
              78.764039,
              34.4397896
            ],
            [
              78.7633619,
              34.4402583
            ],
            [
              78.7625807,
              34.4412218
            ],
            [
              78.7620078,
              34.4421073
            ],
            [
              78.7613828,
              34.4433052
            ],
            [
              78.7606796,
              34.443201
            ],
            [
              78.7598203,
              34.4443468
            ],
            [
              78.7589609,
              34.4451541
            ],
            [
              78.7581276,
              34.446352
            ],
            [
              78.757138,
              34.4480708
            ],
            [
              78.7567473,
              34.448175
            ],
            [
              78.7556276,
              34.4481229
            ],
            [
              78.7543515,
              34.4482791
            ],
            [
              78.7532578,
              34.4486437
            ],
            [
              78.7514349,
              34.4498677
            ],
            [
              78.750289,
              34.4502583
            ],
            [
              78.7492474,
              34.4504927
            ],
            [
              78.748388,
              34.4504145
            ],
            [
              78.7473724,
              34.4501802
            ],
            [
              78.745289,
              34.4515343
            ],
            [
              78.7438567,
              34.4522895
            ],
            [
              78.742737,
              34.4527322
            ],
            [
              78.7423463,
              34.4530187
            ],
            [
              78.7420859,
              34.4542166
            ],
            [
              78.7418255,
              34.4545291
            ],
            [
              78.740914,
              34.4549979
            ],
            [
              78.7384661,
              34.4565343
            ],
            [
              78.7386484,
              34.4573156
            ],
            [
              78.7387265,
              34.4593468
            ],
            [
              78.7404713,
              34.4595551
            ],
            [
              78.7416172,
              34.4596333
            ],
            [
              78.7425547,
              34.4596072
            ],
            [
              78.7434401,
              34.4598676
            ],
            [
              78.7444297,
              34.4603364
            ],
            [
              78.7455755,
              34.4610135
            ],
            [
              78.747138,
              34.461378
            ],
            [
              78.7482838,
              34.4612999
            ],
            [
              78.7490651,
              34.461352
            ],
            [
              78.7503672,
              34.4617166
            ],
            [
              78.7517213,
              34.4620291
            ],
            [
              78.7523203,
              34.4624197
            ],
            [
              78.7529192,
              34.4634874
            ],
            [
              78.753414,
              34.4637999
            ],
            [
              78.7545338,
              34.4648676
            ],
            [
              78.7555234,
              34.4653364
            ],
            [
              78.7569557,
              34.4658572
            ],
            [
              78.7571119,
              34.4668989
            ],
            [
              78.7569296,
              34.467628
            ],
            [
              78.7556276,
              34.469503
            ],
            [
              78.7548984,
              34.4708051
            ],
            [
              78.7547161,
              34.4718468
            ],
            [
              78.7548984,
              34.4740864
            ],
            [
              78.7559401,
              34.4755186
            ],
            [
              78.7563046,
              34.4765603
            ],
            [
              78.7568255,
              34.4775759
            ],
            [
              78.7571901,
              34.478852
            ],
            [
              78.7581796,
              34.4790863
            ],
            [
              78.7591432,
              34.4795811
            ],
            [
              78.7622421,
              34.4803103
            ],
            [
              78.7619817,
              34.4812218
            ],
            [
              78.7614088,
              34.4818988
            ],
            [
              78.7604453,
              34.4824978
            ],
            [
              78.7593659,
              34.4828824
            ],
            [
              78.7585806,
              34.483542
            ],
            [
              78.7578268,
              34.4840446
            ],
            [
              78.756696,
              34.4844215
            ],
            [
              78.7529268,
              34.4846099
            ],
            [
              78.7518274,
              34.484924
            ],
            [
              78.7510421,
              34.4856779
            ],
            [
              78.7504767,
              34.4867773
            ],
            [
              78.7496601,
              34.4881279
            ],
            [
              78.7493774,
              34.4886933
            ],
            [
              78.7488748,
              34.4890388
            ],
            [
              78.7479011,
              34.4894471
            ],
            [
              78.7453255,
              34.4900753
            ],
            [
              78.7442261,
              34.4906093
            ],
            [
              78.7433466,
              34.4916144
            ],
            [
              78.7428126,
              34.4919914
            ],
            [
              78.7409908,
              34.4921484
            ],
            [
              78.7396088,
              34.4928709
            ],
            [
              78.7389806,
              34.4931221
            ],
            [
              78.7364677,
              34.4926824
            ],
            [
              78.7359024,
              34.4927138
            ],
            [
              78.7327299,
              34.4943471
            ],
            [
              78.7310024,
              34.4949753
            ],
            [
              78.7296831,
              34.4955093
            ],
            [
              78.728144,
              34.4956664
            ],
            [
              78.7268248,
              34.496326
            ],
            [
              78.7251286,
              34.497551
            ],
            [
              78.7239664,
              34.4980221
            ],
            [
              78.723244,
              34.4986818
            ],
            [
              78.7227414,
              34.49931
            ],
            [
              78.7217049,
              34.4998125
            ],
            [
              78.7204799,
              34.500158
            ],
            [
              78.7179042,
              34.500692
            ],
            [
              78.717276,
              34.5016343
            ],
            [
              78.7164908,
              34.5023254
            ],
            [
              78.7152658,
              34.5031106
            ],
            [
              78.714826,
              34.5039273
            ],
            [
              78.7149517,
              34.504744
            ],
            [
              78.7149203,
              34.5060318
            ],
            [
              78.7147004,
              34.5069427
            ],
            [
              78.7142607,
              34.508042
            ],
            [
              78.7145433,
              34.5087645
            ],
            [
              78.7155799,
              34.5099267
            ],
            [
              78.715203,
              34.5107747
            ],
            [
              78.7143235,
              34.5121254
            ],
            [
              78.7140408,
              34.5126908
            ],
            [
              78.7143235,
              34.5135388
            ],
            [
              78.7148889,
              34.5146696
            ],
            [
              78.7152344,
              34.5158004
            ],
            [
              78.7137895,
              34.516303
            ],
            [
              78.7125645,
              34.516303
            ],
            [
              78.7119677,
              34.5178106
            ],
            [
              78.7105542,
              34.5196324
            ],
            [
              78.71046,
              34.5203235
            ],
            [
              78.7108369,
              34.5208889
            ],
            [
              78.7108997,
              34.5215799
            ],
            [
              78.7104914,
              34.5222395
            ],
            [
              78.7101773,
              34.5229619
            ],
            [
              78.7101145,
              34.5239985
            ],
            [
              78.7101459,
              34.525035
            ],
            [
              78.7097062,
              34.5258831
            ],
            [
              78.7076017,
              34.5258831
            ],
            [
              78.7063453,
              34.5268254
            ],
            [
              78.7054344,
              34.5274222
            ],
            [
              78.7044292,
              34.5277363
            ],
            [
              78.7032356,
              34.5273908
            ],
            [
              78.7018222,
              34.5266684
            ],
            [
              78.7003773,
              34.5264799
            ],
            [
              78.6986811,
              34.5268254
            ],
            [
              78.6977702,
              34.5268882
            ],
            [
              78.6964824,
              34.5266369
            ],
            [
              78.69576,
              34.5266055
            ],
            [
              78.6949433,
              34.5270453
            ],
            [
              78.6940324,
              34.5273908
            ],
            [
              78.6926504,
              34.5275164
            ],
            [
              78.6896978,
              34.5270453
            ],
            [
              78.6884728,
              34.5271395
            ],
            [
              78.6873734,
              34.5267626
            ],
            [
              78.685426,
              34.5268254
            ],
            [
              78.6844209,
              34.5274222
            ],
            [
              78.6834785,
              34.5302491
            ],
            [
              78.6822535,
              34.5307203
            ],
            [
              78.6807144,
              34.5308145
            ],
            [
              78.679992,
              34.5312857
            ],
            [
              78.6782644,
              34.5318511
            ],
            [
              78.676474,
              34.531537
            ],
            [
              78.6749978,
              34.5316626
            ],
            [
              78.6732388,
              34.5311286
            ],
            [
              78.6714484,
              34.5315998
            ],
            [
              78.6702862,
              34.5333588
            ],
            [
              78.6687471,
              34.5337985
            ],
            [
              78.6675813,
              34.5325878
            ],
            [
              78.6668439,
              34.5329418
            ],
            [
              78.6653394,
              34.5335023
            ],
            [
              78.6633334,
              34.5339743
            ],
            [
              78.6620059,
              34.5337973
            ],
            [
              78.660944,
              34.5350068
            ],
            [
              78.6583256,
              34.5374987
            ],
            [
              78.6567845,
              34.5376322
            ],
            [
              78.653988,
              34.5378305
            ],
            [
              78.6529989,
              34.5383209
            ],
            [
              78.6513271,
              34.5394317
            ],
            [
              78.6503183,
              34.5399161
            ],
            [
              78.6488607,
              34.5403891
            ],
            [
              78.6478075,
              34.5403878
            ],
            [
              78.6467036,
              34.5404451
            ],
            [
              78.6453619,
              34.5382348
            ],
            [
              78.64475,
              34.5381434
            ],
            [
              78.6430322,
              34.5387901
            ],
            [
              78.6418569,
              34.5403056
            ],
            [
              78.6386121,
              34.5421125
            ],
            [
              78.637412,
              34.5426268
            ],
            [
              78.6363067,
              34.5427641
            ],
            [
              78.6351956,
              34.542505
            ],
            [
              78.6338701,
              34.5421263
            ],
            [
              78.6326803,
              34.5417578
            ],
            [
              78.6313635,
              34.5412692
            ],
            [
              78.6303032,
              34.5406247
            ],
            [
              78.6297239,
              34.5400128
            ],
            [
              78.6288416,
              34.539642
            ],
            [
              78.6274187,
              34.5394717
            ],
            [
              78.6259795,
              34.5391139
            ],
            [
              78.6253865,
              34.5386875
            ],
            [
              78.6247324,
              34.5380922
            ],
            [
              78.6237903,
              34.538033
            ],
            [
              78.6223478,
              34.5380619
            ],
            [
              78.6208542,
              34.5380747
            ],
            [
              78.6194677,
              34.5379567
            ],
            [
              78.6185827,
              34.5382517
            ],
            [
              78.6171077,
              34.5384582
            ],
            [
              78.6160753,
              34.5388417
            ],
            [
              78.6151018,
              34.5394317
            ],
            [
              78.6143053,
              34.5397857
            ],
            [
              78.6129483,
              34.5397562
            ],
            [
              78.6112963,
              34.5384287
            ],
            [
              78.6072844,
              34.5363638
            ],
            [
              78.6058684,
              34.5358033
            ],
            [
              78.603125,
              34.5343578
            ],
            [
              78.603774,
              34.5322928
            ],
            [
              78.6024465,
              34.5314963
            ],
            [
              78.6009715,
              34.5307294
            ],
            [
              78.5977561,
              34.5294609
            ],
            [
              78.5961926,
              34.5289889
            ],
            [
              78.5943341,
              34.5287234
            ],
            [
              78.5933902,
              34.5286644
            ],
            [
              78.5915317,
              34.5281629
            ],
            [
              78.5920037,
              34.5261274
            ],
            [
              78.5929182,
              34.5237675
            ],
            [
              78.5939801,
              34.5184871
            ],
            [
              78.5931837,
              34.5162451
            ],
            [
              78.5924167,
              34.5154191
            ],
            [
              78.5911777,
              34.5147406
            ],
            [
              78.5900272,
              34.5137672
            ],
            [
              78.5879918,
              34.5110827
            ],
            [
              78.5876968,
              34.5104337
            ],
            [
              78.5876378,
              34.5097552
            ],
            [
              78.5880803,
              34.5085163
            ],
            [
              78.5883752,
              34.5071298
            ],
            [
              78.5848943,
              34.5061858
            ],
            [
              78.5832423,
              34.5056548
            ],
            [
              78.5819149,
              34.5054483
            ],
            [
              78.5812364,
              34.5051238
            ],
            [
              78.5799089,
              34.5043863
            ],
            [
              78.5790239,
              34.5050353
            ],
            [
              78.5782864,
              34.5058908
            ],
            [
              78.5774899,
              34.5066873
            ],
            [
              78.576487,
              34.5071003
            ],
            [
              78.57454,
              34.5073363
            ],
            [
              78.573596,
              34.5075723
            ],
            [
              78.5701151,
              34.5100502
            ],
            [
              78.5691416,
              34.5095782
            ],
            [
              78.5680206,
              34.5091652
            ],
            [
              78.5666636,
              34.5091357
            ],
            [
              78.5651887,
              34.5092832
            ],
            [
              78.5636252,
              34.5095782
            ],
            [
              78.5624452,
              34.5100207
            ],
            [
              78.5604982,
              34.5109352
            ],
            [
              78.5594658,
              34.5117907
            ],
            [
              78.5600557,
              34.5130592
            ],
            [
              78.5607637,
              34.5142982
            ],
            [
              78.5604097,
              34.5152716
            ],
            [
              78.5599673,
              34.5160681
            ],
            [
              78.5593773,
              34.5169531
            ],
            [
              78.5586398,
              34.5178676
            ],
            [
              78.5580203,
              34.5185461
            ],
            [
              78.5570763,
              34.5190181
            ],
            [
              78.5564568,
              34.5195786
            ],
            [
              78.5558668,
              34.521319
            ],
            [
              78.5579023,
              34.522145
            ],
            [
              78.5586103,
              34.5228825
            ],
            [
              78.5601737,
              34.5247705
            ],
            [
              78.5610587,
              34.5270124
            ],
            [
              78.5589643,
              34.5301099
            ],
            [
              78.5584038,
              34.5307884
            ],
            [
              78.5574893,
              34.5316143
            ],
            [
              78.5566338,
              34.5325583
            ],
            [
              78.5564273,
              34.5333548
            ],
            [
              78.5564568,
              34.5340628
            ],
            [
              78.5565748,
              34.5345643
            ],
            [
              78.5572533,
              34.5353018
            ],
            [
              78.5577843,
              34.5361868
            ],
            [
              78.5580498,
              34.5367768
            ],
            [
              78.5587578,
              34.5379567
            ],
            [
              78.5598788,
              34.5389892
            ],
            [
              78.5604982,
              34.5400217
            ],
            [
              78.5600852,
              34.5409657
            ],
            [
              78.5603802,
              34.5419392
            ],
            [
              78.5606162,
              34.5430306
            ],
            [
              78.5607637,
              34.5443876
            ],
            [
              78.5608227,
              34.5455676
            ],
            [
              78.5607637,
              34.5469836
            ],
            [
              78.5603212,
              34.549137
            ],
            [
              78.5602622,
              34.5504055
            ],
            [
              78.5597903,
              34.552146
            ],
            [
              78.5597608,
              34.552972
            ],
            [
              78.5603507,
              34.5551254
            ],
            [
              78.5607637,
              34.5560104
            ],
            [
              78.5597313,
              34.5565414
            ],
            [
              78.5589938,
              34.5567184
            ],
            [
              78.5580793,
              34.5566889
            ],
            [
              78.5561323,
              34.5564824
            ],
            [
              78.5553653,
              34.5590784
            ],
            [
              78.5548638,
              34.5602288
            ],
            [
              78.5541264,
              34.5615268
            ],
            [
              78.5535364,
              34.5622348
            ],
            [
              78.5530644,
              34.5624708
            ],
            [
              78.5517074,
              34.5622643
            ],
            [
              78.5519156,
              34.5632698
            ],
            [
              78.5522279,
              34.5644073
            ],
            [
              78.5523394,
              34.5654555
            ],
            [
              78.5519156,
              34.5715444
            ],
            [
              78.5505401,
              34.5716949
            ],
            [
              78.548713,
              34.5719834
            ],
            [
              78.5460686,
              34.5720796
            ],
            [
              78.5445301,
              34.5715507
            ],
            [
              78.5433281,
              34.5716949
            ],
            [
              78.5405395,
              34.5722719
            ],
            [
              78.5403471,
              34.5727046
            ],
            [
              78.5390971,
              34.5740028
            ],
            [
              78.5381835,
              34.5742912
            ],
            [
              78.5361642,
              34.5745316
            ],
            [
              78.5351545,
              34.5755894
            ],
            [
              78.5337602,
              34.576551
            ],
            [
              78.5317408,
              34.5775126
            ],
            [
              78.5296253,
              34.5760221
            ],
            [
              78.5284714,
              34.5755894
            ],
            [
              78.5261635,
              34.5752048
            ],
            [
              78.5247211,
              34.5751086
            ],
            [
              78.5230864,
              34.5751086
            ],
            [
              78.5206824,
              34.5745797
            ],
            [
              78.5195285,
              34.5740989
            ],
            [
              78.518038,
              34.5731854
            ],
            [
              78.5170284,
              34.5731373
            ],
            [
              78.515586,
              34.5734258
            ],
            [
              78.5134704,
              34.5736181
            ],
            [
              78.512605,
              34.5739066
            ],
            [
              78.5092875,
              34.5760702
            ],
            [
              78.5084701,
              34.5762144
            ],
            [
              78.507172,
              34.5767914
            ],
            [
              78.5055372,
              34.5769837
            ],
            [
              78.5034698,
              34.5778972
            ],
            [
              78.5027005,
              34.5788108
            ],
            [
              78.5022197,
              34.5804455
            ],
            [
              78.5017389,
              34.5815994
            ],
            [
              78.5008735,
              34.5821283
            ],
            [
              78.4996234,
              34.5829937
            ],
            [
              78.4982291,
              34.5841476
            ],
            [
              78.4977002,
              34.5839553
            ],
            [
              78.4965463,
              34.5829937
            ],
            [
              78.4952962,
              34.5815032
            ],
            [
              78.4936134,
              34.5803493
            ],
            [
              78.4918825,
              34.5796281
            ],
            [
              78.4905844,
              34.5796281
            ],
            [
              78.48794,
              34.5793877
            ],
            [
              78.4866899,
              34.5793877
            ],
            [
              78.4853437,
              34.5797724
            ],
            [
              78.4834685,
              34.5801089
            ],
            [
              78.4830358,
              34.5789069
            ],
            [
              78.4825069,
              34.5782819
            ],
            [
              78.4812088,
              34.5775126
            ],
            [
              78.478324,
              34.5753971
            ],
            [
              78.4778432,
              34.5744355
            ],
            [
              78.4786125,
              34.5722238
            ],
            [
              78.4788048,
              34.5709737
            ],
            [
              78.4786125,
              34.5702044
            ],
            [
              78.4771701,
              34.5694833
            ],
            [
              78.4749584,
              34.5681851
            ],
            [
              78.470487,
              34.5676081
            ],
            [
              78.4676502,
              34.5677043
            ],
            [
              78.4653424,
              34.5679447
            ],
            [
              78.4637558,
              34.5683293
            ],
            [
              78.4622653,
              34.5688101
            ],
            [
              78.460294,
              34.5691948
            ],
            [
              78.4592362,
              34.5689063
            ],
            [
              78.4576496,
              34.5677524
            ],
            [
              78.4568803,
              34.5665504
            ],
            [
              78.4563034,
              34.5646272
            ],
            [
              78.4556302,
              34.5639541
            ],
            [
              78.4539955,
              34.5627521
            ],
            [
              78.4527454,
              34.5614058
            ],
            [
              78.4517839,
              34.5596269
            ],
            [
              78.4507742,
              34.5574152
            ],
            [
              78.4505338,
              34.5558766
            ],
            [
              78.4510146,
              34.5536169
            ],
            [
              78.4514954,
              34.5521745
            ],
            [
              78.4479855,
              34.5485204
            ],
            [
              78.4470239,
              34.5471741
            ],
            [
              78.4463508,
              34.5457318
            ],
            [
              78.4460143,
              34.5434239
            ],
            [
              78.4402927,
              34.5420296
            ],
            [
              78.4379849,
              34.5418373
            ],
            [
              78.4354847,
              34.5419334
            ],
            [
              78.4340423,
              34.545876
            ],
            [
              78.4334654,
              34.5473184
            ],
            [
              78.4324683,
              34.549152
            ],
            [
              78.4313018,
              34.5522706
            ],
            [
              78.4302921,
              34.5543381
            ],
            [
              78.4292343,
              34.5561651
            ],
            [
              78.4279362,
              34.5580883
            ],
            [
              78.4263976,
              34.5606846
            ],
            [
              78.4291382,
              34.5653003
            ],
            [
              78.4293305,
              34.5661177
            ],
            [
              78.4292343,
              34.5670312
            ],
            [
              78.4293305,
              34.5677043
            ],
            [
              78.4297151,
              34.5685217
            ],
            [
              78.4305325,
              34.5697237
            ],
            [
              78.4313018,
              34.5707333
            ],
            [
              78.4313979,
              34.574724
            ],
            [
              78.4312537,
              34.5758779
            ],
            [
              78.4309171,
              34.5772722
            ],
            [
              78.4308691,
              34.5780896
            ],
            [
              78.4310614,
              34.5787146
            ],
            [
              78.4308691,
              34.5797243
            ],
            [
              78.4304844,
              34.5811186
            ],
            [
              78.4298113,
              34.5828976
            ],
            [
              78.4295228,
              34.5842919
            ],
            [
              78.4296671,
              34.5853496
            ],
            [
              78.430244,
              34.5878498
            ],
            [
              78.4298113,
              34.5893403
            ],
            [
              78.4292343,
              34.5906384
            ],
            [
              78.4257726,
              34.5915039
            ],
            [
              78.4251476,
              34.5919847
            ],
            [
              78.4227436,
              34.5934751
            ],
            [
              78.4225512,
              34.5939559
            ],
            [
              78.4219262,
              34.5947733
            ],
            [
              78.4209165,
              34.5951099
            ],
            [
              78.4195222,
              34.5951099
            ],
            [
              78.416974,
              34.5948695
            ],
            [
              78.41582,
              34.5948214
            ],
            [
              78.4134641,
              34.5964561
            ],
            [
              78.4122621,
              34.5966003
            ],
            [
              78.4113486,
              34.5962638
            ],
            [
              78.4104351,
              34.5960234
            ],
            [
              78.4095757,
              34.595852
            ],
            [
              78.4093481,
              34.5958066
            ],
            [
              78.3654782,
              34.5351268
            ],
            [
              78.3338982,
              34.4936431
            ],
            [
              78.3162115,
              34.4240451
            ],
            [
              78.3162115,
              34.41654
            ],
            [
              78.3179281,
              34.4073347
            ],
            [
              78.3150099,
              34.3991199
            ],
            [
              78.3071135,
              34.3918958
            ],
            [
              78.2940672,
              34.3843878
            ],
            [
              78.2870291,
              34.3719203
            ],
            [
              78.289089,
              34.353924
            ],
            [
              78.2925223,
              34.3390423
            ],
            [
              78.290634,
              34.3242997
            ],
            [
              78.2787893,
              34.303599
            ],
            [
              78.2756994,
              34.2844534
            ],
            [
              78.277931,
              34.2651616
            ],
            [
              78.2750128,
              34.2478519
            ],
            [
              78.2696913,
              34.2248614
            ],
            [
              78.2662581,
              34.2103827
            ],
            [
              78.2585333,
              34.1822699
            ],
            [
              78.2532118,
              34.1710505
            ],
            [
              78.2408522,
              34.1611081
            ],
            [
              78.2223128,
              34.1561364
            ],
            [
              78.214588,
              34.1427825
            ],
            [
              78.2063482,
              34.1403672
            ],
            [
              78.153991,
              34.1288585
            ],
            [
              77.9926293,
              34.0708629
            ],
            [
              77.9664884,
              34.0281626
            ],
            [
              77.9665157,
              34.0201727
            ],
            [
              77.9664087,
              34.0152815
            ],
            [
              77.9612587,
              34.0129516
            ],
            [
              77.9600142,
              33.9668543
            ],
            [
              77.9583834,
              33.9201265
            ],
            [
              77.9631465,
              33.9172423
            ],
            [
              77.9617738,
              33.9096381
            ],
            [
              77.9607868,
              33.9039749
            ],
            [
              77.9574823,
              33.8982402
            ],
            [
              77.9554867,
              33.8928256
            ],
            [
              77.9535984,
              33.8877491
            ],
            [
              77.9460453,
              33.8863419
            ],
            [
              77.9431271,
              33.8772389
            ],
            [
              77.9399079,
              33.8697569
            ],
            [
              77.9331487,
              33.8644474
            ],
            [
              77.9317542,
              33.8568565
            ],
            [
              77.9247165,
              33.8520093
            ],
            [
              77.9174634,
              33.8473228
            ],
            [
              77.9163051,
              33.8454334
            ],
            [
              77.9151249,
              33.8435444
            ],
            [
              77.913655,
              33.8411295
            ],
            [
              77.9124423,
              33.8401673
            ],
            [
              77.9089048,
              33.8373332
            ],
            [
              77.9003298,
              33.8320841
            ],
            [
              77.8936883,
              33.828769
            ],
            [
              77.8903305,
              33.823987
            ],
            [
              77.8868436,
              33.8189466
            ],
            [
              77.8831958,
              33.8144719
            ],
            [
              77.8818652,
              33.8137323
            ],
            [
              77.8773701,
              33.8111558
            ],
            [
              77.8765651,
              33.8106925
            ],
            [
              77.8703641,
              33.8058962
            ],
            [
              77.8665439,
              33.7992193
            ],
            [
              77.860794,
              33.7964103
            ],
            [
              77.8551076,
              33.7983183
            ],
            [
              77.8532301,
              33.7935483
            ],
            [
              77.8441857,
              33.7944934
            ],
            [
              77.8370403,
              33.7930757
            ],
            [
              77.838478,
              33.7835615
            ],
            [
              77.8308177,
              33.7783002
            ],
            [
              77.8237205,
              33.7721289
            ],
            [
              77.8237152,
              33.7650563
            ],
            [
              77.8198957,
              33.7630851
            ],
            [
              77.8194235,
              33.7569039
            ],
            [
              77.8127715,
              33.7569219
            ],
            [
              77.8118276,
              33.7464534
            ],
            [
              77.8088236,
              33.7428448
            ],
            [
              77.8070637,
              33.7407217
            ],
            [
              77.8080081,
              33.7188338
            ],
            [
              77.8073537,
              33.7133097
            ],
            [
              77.8065692,
              33.7069206
            ],
            [
              77.8013774,
              33.7012432
            ],
            [
              77.7937382,
              33.7007436
            ],
            [
              77.7842195,
              33.702178
            ],
            [
              77.7827914,
              33.698371
            ],
            [
              77.7798986,
              33.6971726
            ],
            [
              77.7770811,
              33.6959913
            ],
            [
              77.7761294,
              33.6855221
            ],
            [
              77.7718464,
              33.6921843
            ],
            [
              77.7666115,
              33.6931361
            ],
            [
              77.7656597,
              33.6693413
            ],
            [
              77.7704143,
              33.6702895
            ],
            [
              77.7689911,
              33.6526847
            ],
            [
              77.7694347,
              33.6522404
            ],
            [
              77.7718463,
              33.6498299
            ],
            [
              77.7718463,
              33.6379323
            ],
            [
              77.7808642,
              33.6374625
            ],
            [
              77.780885,
              33.6312816
            ],
            [
              77.7846998,
              33.6274621
            ],
            [
              77.7851772,
              33.6203106
            ],
            [
              77.7851772,
              33.6157361
            ],
            [
              77.7851665,
              33.6136633
            ],
            [
              77.7851765,
              33.6111263
            ],
            [
              77.7851713,
              33.6084273
            ],
            [
              77.7923095,
              33.6060477
            ],
            [
              77.7975583,
              33.6012697
            ],
            [
              77.7975362,
              33.5937368
            ],
            [
              77.7975583,
              33.5875427
            ],
            [
              77.7975445,
              33.5832942
            ],
            [
              77.8011137,
              33.5821045
            ],
            [
              77.8012383,
              33.5606633
            ],
            [
              77.8012973,
              33.5527552
            ],
            [
              77.8013133,
              33.5449716
            ],
            [
              77.801367,
              33.5401875
            ],
            [
              77.8013885,
              33.5381396
            ],
            [
              77.8014093,
              33.5366199
            ],
            [
              77.8014111,
              33.5333255
            ],
            [
              77.8085495,
              33.5345153
            ],
            [
              77.8094418,
              33.5312435
            ],
            [
              77.811524,
              33.5273767
            ],
            [
              77.8174725,
              33.522618
            ],
            [
              77.820636,
              33.5192685
            ],
            [
              77.8225288,
              33.5172642
            ],
            [
              77.8261875,
              33.517091
            ],
            [
              77.8356159,
              33.5166693
            ],
            [
              77.8368056,
              33.5089361
            ],
            [
              77.8415645,
              33.5086386
            ],
            [
              77.8415645,
              33.5015003
            ],
            [
              77.8454312,
              33.5012028
            ],
            [
              77.8463235,
              33.5065566
            ],
            [
              77.8620922,
              33.5074519
            ],
            [
              77.8635781,
              33.5038645
            ],
            [
              77.8660135,
              33.5010838
            ],
            [
              77.8748175,
              33.500608
            ],
            [
              77.8738657,
              33.4925178
            ],
            [
              77.8874286,
              33.4929937
            ],
            [
              77.8876666,
              33.4877589
            ],
            [
              77.9026572,
              33.4865691
            ],
            [
              77.9021813,
              33.4829999
            ],
            [
              77.9050367,
              33.482762
            ],
            [
              77.9157442,
              33.482762
            ],
            [
              77.9159822,
              33.473958
            ],
            [
              77.9269277,
              33.4741959
            ],
            [
              77.9316866,
              33.4687232
            ],
            [
              77.9404906,
              33.469675
            ],
            [
              77.9401575,
              33.4574128
            ],
            [
              77.9420611,
              33.452178
            ],
            [
              77.9411093,
              33.4241004
            ],
            [
              77.9496753,
              33.4226727
            ],
            [
              77.9482477,
              33.3988781
            ],
            [
              77.9420611,
              33.3964986
            ],
            [
              77.9420611,
              33.3912638
            ],
            [
              77.937778,
              33.3907879
            ],
            [
              77.9374159,
              33.385597
            ],
            [
              77.9368828,
              33.3779577
            ],
            [
              77.9366164,
              33.3741389
            ],
            [
              77.9363474,
              33.3703176
            ],
            [
              77.933495,
              33.363662
            ],
            [
              77.9327818,
              33.3420492
            ],
            [
              77.9335154,
              33.3259195
            ],
            [
              77.9338519,
              33.3184927
            ],
            [
              77.9338519,
              33.309569
            ],
            [
              77.9374211,
              33.3074275
            ],
            [
              77.9376041,
              33.2867728
            ],
            [
              77.9377092,
              33.2748792
            ],
            [
              77.937778,
              33.2670956
            ],
            [
              77.9338519,
              33.2670956
            ],
            [
              77.9331381,
              33.2599572
            ],
            [
              77.9295689,
              33.2567449
            ],
            [
              77.9302827,
              33.2503204
            ],
            [
              77.9206459,
              33.2467512
            ],
            [
              77.9192182,
              33.2278345
            ],
            [
              77.9259997,
              33.2285483
            ],
            [
              77.9277843,
              33.2246222
            ],
            [
              77.9259997,
              33.2153423
            ],
            [
              77.9299258,
              33.2156992
            ],
            [
              77.9299258,
              33.2107024
            ],
            [
              77.933495,
              33.2099885
            ],
            [
              77.9336314,
              33.2051117
            ],
            [
              77.9338571,
              33.1974986
            ],
            [
              77.9399195,
              33.1971394
            ],
            [
              77.9395626,
              33.1928564
            ],
            [
              77.9463441,
              33.1928564
            ],
            [
              77.9463441,
              33.1842904
            ],
            [
              77.9491995,
              33.1839334
            ],
            [
              77.9491995,
              33.1764381
            ],
            [
              77.9531256,
              33.1764381
            ],
            [
              77.9527686,
              33.1343217
            ],
            [
              77.9616916,
              33.1350355
            ],
            [
              77.9613347,
              33.1303956
            ],
            [
              77.9670454,
              33.1303956
            ],
            [
              77.9674023,
              33.128254
            ],
            [
              77.9665398,
              33.1133887
            ],
            [
              77.9953907,
              33.1136858
            ],
            [
              77.9968779,
              33.1044654
            ],
            [
              78.0034214,
              33.1044654
            ],
            [
              78.0046112,
              33.097327
            ],
            [
              78.0096675,
              33.0967321
            ],
            [
              78.0091088,
              33.0737069
            ],
            [
              78.0090726,
              33.0720452
            ],
            [
              78.0126418,
              33.0711529
            ],
            [
              78.0138316,
              33.0678812
            ],
            [
              78.0135341,
              33.0628248
            ],
            [
              78.0159136,
              33.0613376
            ],
            [
              78.0168059,
              33.057471
            ],
            [
              78.0224571,
              33.057471
            ],
            [
              78.0245391,
              33.0553889
            ],
            [
              78.0281035,
              33.0544984
            ],
            [
              78.0316776,
              33.0539018
            ],
            [
              78.0331647,
              33.0491429
            ],
            [
              78.0355441,
              33.0497378
            ],
            [
              78.0435748,
              33.0494403
            ],
            [
              78.0443217,
              33.0474986
            ],
            [
              78.0450687,
              33.045557
            ],
            [
              78.0468466,
              33.0411122
            ],
            [
              78.0486315,
              33.0357585
            ],
            [
              78.0545798,
              33.0351636
            ],
            [
              78.0537983,
              33.032233
            ],
            [
              78.0533901,
              33.0307021
            ],
            [
              78.0611233,
              33.0304047
            ],
            [
              78.0608259,
              33.0232663
            ],
            [
              78.0632054,
              33.0217791
            ],
            [
              78.0632054,
              33.0170202
            ],
            [
              78.0718309,
              33.0173176
            ],
            [
              78.074484,
              33.0136532
            ],
            [
              78.0741271,
              33.0090133
            ],
            [
              78.0766255,
              33.0040164
            ],
            [
              78.0866193,
              33.0022318
            ],
            [
              78.0866193,
              32.9975919
            ],
            [
              78.0948284,
              32.9983057
            ],
            [
              78.0937577,
              32.9911673
            ],
            [
              78.099795,
              32.9869048
            ],
            [
              78.1029626,
              32.9844442
            ],
            [
              78.1062698,
              32.9818842
            ],
            [
              78.1133883,
              32.9718894
            ],
            [
              78.1248096,
              32.9740352
            ],
            [
              78.1376587,
              32.970466
            ],
            [
              78.1440833,
              32.9626138
            ],
            [
              78.1433695,
              32.9569022
            ],
            [
              78.1526492,
              32.9554753
            ],
            [
              78.154077,
              32.9461955
            ],
            [
              78.1597877,
              32.9419125
            ],
            [
              78.1745404,
              32.93525
            ],
            [
              78.1859618,
              32.9314429
            ],
            [
              78.1959555,
              32.9233531
            ],
            [
              78.2059492,
              32.9152625
            ],
            [
              78.2249848,
              32.9009855
            ],
            [
              78.2373581,
              32.8848054
            ],
            [
              78.2430688,
              32.8743358
            ],
            [
              78.2402135,
              32.8572037
            ],
            [
              78.2430688,
              32.8267466
            ],
            [
              78.2525867,
              32.8191323
            ],
            [
              78.2525867,
              32.802952
            ],
            [
              78.2573456,
              32.802952
            ],
            [
              78.2649599,
              32.7934341
            ],
            [
              78.2746495,
              32.7784164
            ],
            [
              78.2839956,
              32.7639288
            ],
            [
              78.3106455,
              32.7477485
            ],
            [
              78.3123793,
              32.743562
            ],
            [
              78.3150589,
              32.7449675
            ],
            [
              78.3203519,
              32.7470161
            ],
            [
              78.3232541,
              32.7489475
            ],
            [
              78.3427408,
              32.7538052
            ],
            [
              78.3562633,
              32.7572374
            ],
            [
              78.3583822,
              32.7561725
            ],
            [
              78.3597214,
              32.755035
            ],
            [
              78.3611554,
              32.7542919
            ],
            [
              78.362857,
              32.753477
            ],
            [
              78.3643719,
              32.7531075
            ],
            [
              78.36571,
              32.7530162
            ],
            [
              78.3673068,
              32.7534965
            ],
            [
              78.3687489,
              32.7541179
            ],
            [
              78.3707863,
              32.7547075
            ],
            [
              78.3730086,
              32.754776
            ],
            [
              78.3737657,
              32.7546857
            ],
            [
              78.3744004,
              32.7541315
            ],
            [
              78.3759071,
              32.7540479
            ],
            [
              78.3779433,
              32.7543044
            ],
            [
              78.3799619,
              32.7547877
            ],
            [
              78.3827165,
              32.7549265
            ],
            [
              78.3856966,
              32.7556906
            ],
            [
              78.387539,
              32.7551357
            ],
            [
              78.3869264,
              32.7534488
            ],
            [
              78.3846501,
              32.7471141
            ],
            [
              78.3847924,
              32.7454179
            ],
            [
              78.3855825,
              32.7435886
            ],
            [
              78.3874137,
              32.7415312
            ],
            [
              78.3877117,
              32.7399695
            ],
            [
              78.3876959,
              32.7381416
            ],
            [
              78.3857374,
              32.735995
            ],
            [
              78.3847447,
              32.7335132
            ],
            [
              78.3843017,
              32.7310004
            ],
            [
              78.384278,
              32.7289752
            ],
            [
              78.3845554,
              32.7259737
            ],
            [
              78.3853204,
              32.7207923
            ],
            [
              78.3861732,
              32.7182719
            ],
            [
              78.3866553,
              32.71556
            ],
            [
              78.3864039,
              32.7135962
            ],
            [
              78.3780797,
              32.6707304
            ],
            [
              78.3781046,
              32.6654558
            ],
            [
              78.377907,
              32.6616539
            ],
            [
              78.3781063,
              32.6588715
            ],
            [
              78.3787144,
              32.65693
            ],
            [
              78.3808595,
              32.6544748
            ],
            [
              78.3825138,
              32.6523665
            ],
            [
              78.3840915,
              32.6507169
            ],
            [
              78.3848392,
              32.6487879
            ],
            [
              78.3859571,
              32.6467724
            ],
            [
              78.386172,
              32.6450133
            ],
            [
              78.3872649,
              32.6426325
            ],
            [
              78.388,
              32.6397885
            ],
            [
              78.3892529,
              32.6376671
            ],
            [
              78.3899785,
              32.6354334
            ],
            [
              78.3909197,
              32.6335841
            ],
            [
              78.3927121,
              32.6318333
            ],
            [
              78.3942354,
              32.6312962
            ],
            [
              78.3964206,
              32.630306
            ],
            [
              78.3981311,
              32.6295621
            ],
            [
              78.3997178,
              32.6286112
            ],
            [
              78.4013581,
              32.6286541
            ],
            [
              78.4043745,
              32.6283669
            ],
            [
              78.405684,
              32.6277879
            ],
            [
              78.4087413,
              32.626647
            ],
            [
              78.4092844,
              32.6239905
            ],
            [
              78.4083261,
              32.6227206
            ],
            [
              78.405943,
              32.6209574
            ],
            [
              78.4034692,
              32.6195593
            ],
            [
              78.4022003,
              32.6180173
            ],
            [
              78.4001711,
              32.6173027
            ],
            [
              78.3973649,
              32.6172165
            ],
            [
              78.3954591,
              32.6167014
            ],
            [
              78.3928992,
              32.6156357
            ],
            [
              78.3909599,
              32.6148893
            ],
            [
              78.3900668,
              32.6139859
            ],
            [
              78.3901159,
              32.6117967
            ],
            [
              78.3894155,
              32.6106354
            ],
            [
              78.3886206,
              32.6099986
            ],
            [
              78.3875465,
              32.6095767
            ],
            [
              78.3849658,
              32.6091426
            ],
            [
              78.3824566,
              32.6082869
            ],
            [
              78.3806924,
              32.606231
            ],
            [
              78.3791396,
              32.6045576
            ],
            [
              78.3787478,
              32.6024388
            ],
            [
              78.3791768,
              32.6005908
            ],
            [
              78.3788534,
              32.5988794
            ],
            [
              78.3780126,
              32.5980445
            ],
            [
              78.3763406,
              32.5976218
            ],
            [
              78.3739127,
              32.5972138
            ],
            [
              78.3718008,
              32.5961534
            ],
            [
              78.3700476,
              32.5953024
            ],
            [
              78.3687348,
              32.594581
            ],
            [
              78.3670062,
              32.5940728
            ],
            [
              78.3656857,
              32.5938155
            ],
            [
              78.3643402,
              32.5921906
            ],
            [
              78.3631065,
              32.5902462
            ],
            [
              78.3610815,
              32.5901206
            ],
            [
              78.3584433,
              32.5902861
            ],
            [
              78.3553698,
              32.5902609
            ],
            [
              78.3522835,
              32.5900878
            ],
            [
              78.3495848,
              32.5897956
            ],
            [
              78.3485456,
              32.5884783
            ],
            [
              78.3483845,
              32.5861221
            ],
            [
              78.3482127,
              32.5851495
            ],
            [
              78.3472026,
              32.5843207
            ],
            [
              78.3452248,
              32.5829409
            ],
            [
              78.3437019,
              32.5812497
            ],
            [
              78.3430313,
              32.5795111
            ],
            [
              78.3421522,
              32.5786421
            ],
            [
              78.3406045,
              32.5787875
            ],
            [
              78.339069,
              32.5790143
            ],
            [
              78.3372146,
              32.5786736
            ],
            [
              78.3353952,
              32.5784683
            ],
            [
              78.3315735,
              32.5777053
            ],
            [
              78.3302712,
              32.5768807
            ],
            [
              78.3284079,
              32.575807
            ],
            [
              78.3259424,
              32.5745394
            ],
            [
              78.3237233,
              32.5733874
            ],
            [
              78.3217725,
              32.5725836
            ],
            [
              78.3196012,
              32.5717512
            ],
            [
              78.3177934,
              32.5702312
            ],
            [
              78.3159396,
              32.568994
            ],
            [
              78.3135568,
              32.5678259
            ],
            [
              78.3118158,
              32.5669892
            ],
            [
              78.3117567,
              32.5636419
            ],
            [
              78.3118852,
              32.5608048
            ],
            [
              78.3118291,
              32.557929
            ],
            [
              78.3116889,
              32.5549252
            ],
            [
              78.311949,
              32.5527525
            ],
            [
              78.313126,
              32.5511391
            ],
            [
              78.3144044,
              32.549759
            ],
            [
              78.3133173,
              32.5471711
            ],
            [
              78.3126975,
              32.5454296
            ],
            [
              78.3099651,
              32.5446535
            ],
            [
              78.3085034,
              32.5434202
            ],
            [
              78.3076273,
              32.5412601
            ],
            [
              78.3068022,
              32.5385969
            ],
            [
              78.3067672,
              32.5364852
            ],
            [
              78.3070279,
              32.534472
            ],
            [
              78.3069333,
              32.5318498
            ],
            [
              78.3070188,
              32.5285623
            ],
            [
              78.3076363,
              32.5261734
            ],
            [
              78.3074536,
              32.5250343
            ],
            [
              78.3056231,
              32.5232263
            ],
            [
              78.3041944,
              32.520739
            ],
            [
              78.3034385,
              32.5182144
            ],
            [
              78.3042506,
              32.5156135
            ],
            [
              78.3053278,
              32.5134082
            ],
            [
              78.3060341,
              32.5119894
            ],
            [
              78.3050332,
              32.5104095
            ],
            [
              78.302592,
              32.5078272
            ],
            [
              78.3014646,
              32.5054483
            ],
            [
              78.3003958,
              32.5041265
            ],
            [
              78.2978533,
              32.503037
            ],
            [
              78.2953514,
              32.5017353
            ],
            [
              78.2913724,
              32.499147
            ],
            [
              78.2915704,
              32.4959508
            ],
            [
              78.2917624,
              32.4928599
            ],
            [
              78.2919309,
              32.4899385
            ],
            [
              78.2905683,
              32.4866374
            ],
            [
              78.2891018,
              32.4849741
            ],
            [
              78.286038,
              32.4828042
            ],
            [
              78.2863919,
              32.4814506
            ],
            [
              78.2878344,
              32.4800754
            ],
            [
              78.28939,
              32.4783351
            ],
            [
              78.2901524,
              32.4767009
            ],
            [
              78.2901603,
              32.4748589
            ],
            [
              78.2885272,
              32.4731336
            ],
            [
              78.285618,
              32.4719184
            ],
            [
              78.284866,
              32.4712009
            ],
            [
              78.2844246,
              32.4703524
            ],
            [
              78.2842475,
              32.4691781
            ],
            [
              78.2846111,
              32.4679769
            ],
            [
              78.2857337,
              32.4666704
            ],
            [
              78.2865876,
              32.4654185
            ],
            [
              78.2870728,
              32.4641731
            ],
            [
              78.2874361,
              32.4629535
            ],
            [
              78.2901142,
              32.4634485
            ],
            [
              78.2916602,
              32.4634607
            ],
            [
              78.2936628,
              32.4627349
            ],
            [
              78.2953881,
              32.4625687
            ],
            [
              78.2974985,
              32.462045
            ],
            [
              78.2983684,
              32.4614994
            ],
            [
              78.2982546,
              32.4592685
            ],
            [
              78.2983932,
              32.457798
            ],
            [
              78.2988839,
              32.4565539
            ],
            [
              78.3000612,
              32.4552853
            ],
            [
              78.3014834,
              32.4536517
            ],
            [
              78.3037105,
              32.4536227
            ],
            [
              78.3054078,
              32.4526706
            ],
            [
              78.3071517,
              32.4508691
            ],
            [
              78.3090784,
              32.4486552
            ],
            [
              78.3102082,
              32.4469918
            ],
            [
              78.3130148,
              32.446047
            ],
            [
              78.3159842,
              32.44484
            ],
            [
              78.31931,
              32.4436969
            ],
            [
              78.3202929,
              32.4437164
            ],
            [
              78.3215886,
              32.4443529
            ],
            [
              78.3232976,
              32.4444023
            ],
            [
              78.3252214,
              32.4441624
            ],
            [
              78.3277273,
              32.4436431
            ],
            [
              78.3293609,
              32.4437052
            ],
            [
              78.330581,
              32.444494
            ],
            [
              78.3317894,
              32.4460608
            ],
            [
              78.3326292,
              32.4477014
            ],
            [
              78.3333578,
              32.4490855
            ],
            [
              78.3339596,
              32.4503433
            ],
            [
              78.3330541,
              32.4511253
            ],
            [
              78.3318126,
              32.4518879
            ],
            [
              78.3303111,
              32.45261
            ],
            [
              78.328972,
              32.4530572
            ],
            [
              78.3275522,
              32.4544599
            ],
            [
              78.3267958,
              32.4564998
            ],
            [
              78.3261093,
              32.458341
            ],
            [
              78.3256615,
              32.460569
            ],
            [
              78.3261871,
              32.4623079
            ],
            [
              78.3280686,
              32.4645319
            ],
            [
              78.3310886,
              32.4642857
            ],
            [
              78.3338509,
              32.4642238
            ],
            [
              78.3365746,
              32.4635245
            ],
            [
              78.3395281,
              32.462793
            ],
            [
              78.3425834,
              32.4628339
            ],
            [
              78.3454386,
              32.4635252
            ],
            [
              78.3477835,
              32.4639388
            ],
            [
              78.3489374,
              32.4650832
            ],
            [
              78.3500047,
              32.4670114
            ],
            [
              78.3521471,
              32.4695578
            ],
            [
              78.3514691,
              32.4707411
            ],
            [
              78.3500396,
              32.4719227
            ],
            [
              78.3487636,
              32.4729859
            ],
            [
              78.3483567,
              32.4743182
            ],
            [
              78.34857,
              32.4761988
            ],
            [
              78.3494092,
              32.4779832
            ],
            [
              78.3509716,
              32.4782231
            ],
            [
              78.3528837,
              32.4786202
            ],
            [
              78.3549751,
              32.4793271
            ],
            [
              78.3573321,
              32.4796131
            ],
            [
              78.3592189,
              32.4806152
            ],
            [
              78.3619791,
              32.4819942
            ],
            [
              78.3637013,
              32.4827997
            ],
            [
              78.3653212,
              32.4839988
            ],
            [
              78.3658533,
              32.4847454
            ],
            [
              78.3665445,
              32.4862724
            ],
            [
              78.3658998,
              32.4880173
            ],
            [
              78.3653719,
              32.4895222
            ],
            [
              78.3667864,
              32.491323
            ],
            [
              78.3679644,
              32.4934988
            ],
            [
              78.368151,
              32.4947742
            ],
            [
              78.3672578,
              32.4956772
            ],
            [
              78.3660301,
              32.4970259
            ],
            [
              78.3655122,
              32.4985408
            ],
            [
              78.3654518,
              32.4998054
            ],
            [
              78.3656708,
              32.5005478
            ],
            [
              78.36714,
              32.5013144
            ],
            [
              78.3694746,
              32.5029015
            ],
            [
              78.3712996,
              32.5042832
            ],
            [
              78.3729089,
              32.5051757
            ],
            [
              78.3749905,
              32.5054276
            ],
            [
              78.3760263,
              32.5058833
            ],
            [
              78.3776719,
              32.5080933
            ],
            [
              78.3796544,
              32.509638
            ],
            [
              78.3820347,
              32.5103955
            ],
            [
              78.3833114,
              32.5112166
            ],
            [
              78.384274,
              32.5126751
            ],
            [
              78.3858209,
              32.5136371
            ],
            [
              78.387594,
              32.5143595
            ],
            [
              78.3897534,
              32.5144777
            ],
            [
              78.3911226,
              32.5145542
            ],
            [
              78.3929474,
              32.5154359
            ],
            [
              78.3940137,
              32.5159696
            ],
            [
              78.3954969,
              32.5176379
            ],
            [
              78.3957734,
              32.5188447
            ],
            [
              78.3974525,
              32.52052
            ],
            [
              78.3980461,
              32.5224701
            ],
            [
              78.3980856,
              32.5254596
            ],
            [
              78.3974649,
              32.5274343
            ],
            [
              78.3974537,
              32.5274499
            ],
            [
              78.3960088,
              32.5294512
            ],
            [
              78.3951193,
              32.5306832
            ],
            [
              78.395139,
              32.531123
            ],
            [
              78.395049,
              32.531676
            ],
            [
              78.394688,
              32.53241
            ],
            [
              78.3942445,
              32.5330645
            ],
            [
              78.3940069,
              32.5341626
            ],
            [
              78.3934368,
              32.5352427
            ],
            [
              78.3931203,
              32.5362388
            ],
            [
              78.3927907,
              32.5369389
            ],
            [
              78.3923198,
              32.5380324
            ],
            [
              78.3929418,
              32.5395644
            ],
            [
              78.3935079,
              32.540113
            ],
            [
              78.3943297,
              32.5406262
            ],
            [
              78.3957045,
              32.5412894
            ],
            [
              78.3969921,
              32.5415693
            ],
            [
              78.3975583,
              32.5419369
            ],
            [
              78.3987384,
              32.5425941
            ],
            [
              78.3999434,
              32.5434718
            ],
            [
              78.4005559,
              32.5437942
            ],
            [
              78.4010745,
              32.5441632
            ],
            [
              78.4016247,
              32.5445753
            ],
            [
              78.402263,
              32.545051
            ],
            [
              78.40322,
              32.5455427
            ],
            [
              78.4049387,
              32.5458657
            ],
            [
              78.4061822,
              32.5464752
            ],
            [
              78.4067167,
              32.5481288
            ],
            [
              78.4069682,
              32.5497647
            ],
            [
              78.4069987,
              32.5513276
            ],
            [
              78.4069169,
              32.5528174
            ],
            [
              78.4072771,
              32.5538628
            ],
            [
              78.4085256,
              32.5554605
            ],
            [
              78.4092387,
              32.556206
            ],
            [
              78.4100613,
              32.5571216
            ],
            [
              78.410809,
              32.557902
            ],
            [
              78.411795,
              32.558527
            ],
            [
              78.412353,
              32.559053
            ],
            [
              78.4129431,
              32.5599075
            ],
            [
              78.4132215,
              32.5609341
            ],
            [
              78.4134668,
              32.5624019
            ],
            [
              78.413767,
              32.563818
            ],
            [
              78.414654,
              32.566086
            ],
            [
              78.415147,
              32.566744
            ],
            [
              78.416068,
              32.567467
            ],
            [
              78.41712,
              32.567894
            ],
            [
              78.418106,
              32.56819
            ],
            [
              78.420012,
              32.56934
            ],
            [
              78.420998,
              32.569636
            ],
            [
              78.421688,
              32.569702
            ],
            [
              78.422674,
              32.569636
            ],
            [
              78.423134,
              32.569537
            ],
            [
              78.424186,
              32.569669
            ],
            [
              78.425928,
              32.5698
            ],
            [
              78.429018,
              32.569866
            ],
            [
              78.42997,
              32.569965
            ],
            [
              78.430825,
              32.570195
            ],
            [
              78.431745,
              32.57049
            ],
            [
              78.432337,
              32.571213
            ],
            [
              78.432929,
              32.571706
            ],
            [
              78.433652,
              32.5722
            ],
            [
              78.434178,
              32.572397
            ],
            [
              78.436413,
              32.572495
            ],
            [
              78.437103,
              32.572594
            ],
            [
              78.438319,
              32.57312
            ],
            [
              78.439568,
              32.573218
            ],
            [
              78.442394,
              32.573186
            ],
            [
              78.442854,
              32.573218
            ],
            [
              78.443676,
              32.573416
            ],
            [
              78.445977,
              32.573514
            ],
            [
              78.44739,
              32.57381
            ],
            [
              78.448245,
              32.573876
            ],
            [
              78.448672,
              32.573974
            ],
            [
              78.45071,
              32.575683
            ],
            [
              78.4514,
              32.575946
            ],
            [
              78.451762,
              32.576308
            ],
            [
              78.451959,
              32.5769
            ],
            [
              78.452189,
              32.577327
            ],
            [
              78.452583,
              32.577853
            ],
            [
              78.452912,
              32.578642
            ],
            [
              78.453175,
              32.579463
            ],
            [
              78.453372,
              32.580712
            ],
            [
              78.453635,
              32.581304
            ],
            [
              78.453766,
              32.581337
            ],
            [
              78.455936,
              32.580679
            ],
            [
              78.457396,
              32.580416
            ],
            [
              78.45802,
              32.58022
            ],
            [
              78.458492,
              32.58014
            ],
            [
              78.460239,
              32.580051
            ],
            [
              78.461513,
              32.57989
            ],
            [
              78.462814,
              32.579864
            ],
            [
              78.463358,
              32.579792
            ],
            [
              78.463866,
              32.579659
            ],
            [
              78.464445,
              32.579659
            ],
            [
              78.464793,
              32.579792
            ],
            [
              78.465354,
              32.580184
            ],
            [
              78.466593,
              32.581289
            ],
            [
              78.468215,
              32.580719
            ],
            [
              78.470487,
              32.57932
            ],
            [
              78.47141,
              32.578988
            ],
            [
              78.472243,
              32.578429
            ],
            [
              78.473205,
              32.577876
            ],
            [
              78.474693,
              32.576495
            ],
            [
              78.476075,
              32.576317
            ],
            [
              78.478241,
              32.576256
            ],
            [
              78.479127,
              32.576293
            ],
            [
              78.479829,
              32.576477
            ],
            [
              78.480936,
              32.57692
            ],
            [
              78.482856,
              32.577474
            ],
            [
              78.483595,
              32.578323
            ],
            [
              78.484444,
              32.579726
            ],
            [
              78.485145,
              32.580428
            ],
            [
              78.485958,
              32.580908
            ],
            [
              78.487029,
              32.581129
            ],
            [
              78.488062,
              32.581462
            ],
            [
              78.48869,
              32.581794
            ],
            [
              78.489576,
              32.583086
            ],
            [
              78.490167,
              32.583714
            ],
            [
              78.491053,
              32.584157
            ],
            [
              78.491791,
              32.5846
            ],
            [
              78.492345,
              32.585228
            ],
            [
              78.49253,
              32.585191
            ],
            [
              78.493822,
              32.584563
            ],
            [
              78.494782,
              32.584194
            ],
            [
              78.497847,
              32.583123
            ],
            [
              78.499988,
              32.583234
            ],
            [
              78.500948,
              32.583603
            ],
            [
              78.501465,
              32.583936
            ],
            [
              78.502093,
              32.584526
            ],
            [
              78.50224,
              32.585191
            ],
            [
              78.502757,
              32.585856
            ],
            [
              78.503385,
              32.586409
            ],
            [
              78.505268,
              32.588957
            ],
            [
              78.5057386,
              32.5901099
            ],
            [
              78.5060865,
              32.5915363
            ],
            [
              78.5068022,
              32.5926923
            ],
            [
              78.5085153,
              32.5945884
            ],
            [
              78.5097169,
              32.5960347
            ],
            [
              78.510801,
              32.5972396
            ],
            [
              78.5121388,
              32.5990662
            ],
            [
              78.5128498,
              32.5999394
            ],
            [
              78.5136148,
              32.6008042
            ],
            [
              78.514647,
              32.6006846
            ],
            [
              78.5158237,
              32.6010397
            ],
            [
              78.5164815,
              32.6009252
            ],
            [
              78.5169765,
              32.6020839
            ],
            [
              78.5171952,
              32.6022089
            ],
            [
              78.5174674,
              32.6039109
            ],
            [
              78.5178933,
              32.6051379
            ],
            [
              78.5181021,
              32.6060259
            ],
            [
              78.5175417,
              32.6066103
            ],
            [
              78.5174689,
              32.6088856
            ],
            [
              78.5161699,
              32.6097121
            ],
            [
              78.5157294,
              32.6107893
            ],
            [
              78.5150787,
              32.6109191
            ],
            [
              78.5153212,
              32.6130171
            ],
            [
              78.5157655,
              32.6136363
            ],
            [
              78.5160876,
              32.6145806
            ],
            [
              78.5168212,
              32.6144283
            ],
            [
              78.5173922,
              32.6142952
            ],
            [
              78.5181713,
              32.6141288
            ],
            [
              78.518933,
              32.6149421
            ],
            [
              78.5198601,
              32.6149191
            ],
            [
              78.520196,
              32.6144979
            ],
            [
              78.5215706,
              32.6145173
            ],
            [
              78.5230386,
              32.6139162
            ],
            [
              78.5232002,
              32.615269
            ],
            [
              78.5238495,
              32.6172396
            ],
            [
              78.52513,
              32.6202087
            ],
            [
              78.5259438,
              32.6196556
            ],
            [
              78.5267997,
              32.6190544
            ],
            [
              78.5263324,
              32.6151848
            ],
            [
              78.5265827,
              32.6133877
            ],
            [
              78.5272757,
              32.6125893
            ],
            [
              78.5274517,
              32.6116797
            ],
            [
              78.5285009,
              32.6118686
            ],
            [
              78.5284735,
              32.612604
            ],
            [
              78.5301661,
              32.6128388
            ],
            [
              78.531653,
              32.6132263
            ],
            [
              78.5328922,
              32.6132488
            ],
            [
              78.5340919,
              32.613066
            ],
            [
              78.5355504,
              32.6126099
            ],
            [
              78.5384792,
              32.6122526
            ],
            [
              78.540027,
              32.6121492
            ],
            [
              78.5414067,
              32.6120943
            ],
            [
              78.5430488,
              32.6141645
            ],
            [
              78.544687,
              32.614044
            ],
            [
              78.545969,
              32.613551
            ],
            [
              78.5463654,
              32.6148817
            ],
            [
              78.546448,
              32.615934
            ],
            [
              78.5463266,
              32.6171376
            ],
            [
              78.5463776,
              32.6177987
            ],
            [
              78.5495362,
              32.6174728
            ],
            [
              78.5533721,
              32.6170481
            ],
            [
              78.5552663,
              32.616886
            ],
            [
              78.556158,
              32.6170653
            ],
            [
              78.556681,
              32.6187384
            ],
            [
              78.5573041,
              32.6203159
            ],
            [
              78.5580601,
              32.6218939
            ],
            [
              78.5583847,
              32.6226412
            ],
            [
              78.5600759,
              32.6222393
            ],
            [
              78.5609487,
              32.6219032
            ],
            [
              78.5612626,
              32.621675
            ],
            [
              78.5614892,
              32.6209479
            ],
            [
              78.5623526,
              32.6192075
            ],
            [
              78.562696,
              32.6167133
            ],
            [
              78.5634255,
              32.6158458
            ],
            [
              78.5657804,
              32.6156094
            ],
            [
              78.5692832,
              32.6157424
            ],
            [
              78.5705471,
              32.6238745
            ],
            [
              78.5731132,
              32.6244722
            ],
            [
              78.5764507,
              32.6240103
            ],
            [
              78.5792296,
              32.6222912
            ],
            [
              78.5800809,
              32.620351
            ],
            [
              78.5812351,
              32.6184046
            ],
            [
              78.5818967,
              32.6170093
            ],
            [
              78.5832993,
              32.6160982
            ],
            [
              78.5940858,
              32.6080995
            ],
            [
              78.5947116,
              32.6072118
            ],
            [
              78.5957948,
              32.6057805
            ],
            [
              78.5960296,
              32.6048001
            ],
            [
              78.5954529,
              32.6039672
            ],
            [
              78.5953432,
              32.6030292
            ],
            [
              78.5958532,
              32.6018604
            ],
            [
              78.5970455,
              32.600781
            ],
            [
              78.5982079,
              32.6002921
            ],
            [
              78.5994432,
              32.6002029
            ],
            [
              78.6005182,
              32.6003366
            ],
            [
              78.6016975,
              32.6004549
            ],
            [
              78.6027495,
              32.6005605
            ],
            [
              78.6044779,
              32.6006761
            ],
            [
              78.6058194,
              32.600607
            ],
            [
              78.6101697,
              32.601444
            ],
            [
              78.6108135,
              32.6017315
            ],
            [
              78.612227,
              32.6023724
            ],
            [
              78.6132852,
              32.6028697
            ],
            [
              78.614801,
              32.6033827
            ],
            [
              78.6160515,
              32.6036272
            ],
            [
              78.6172753,
              32.6036464
            ],
            [
              78.618774,
              32.6036698
            ],
            [
              78.6200039,
              32.6034493
            ],
            [
              78.6212338,
              32.6032287
            ],
            [
              78.6223611,
              32.6031087
            ],
            [
              78.6238993,
              32.6033733
            ],
            [
              78.6256949,
              32.6035171
            ],
            [
              78.627353,
              32.6036079
            ],
            [
              78.6290111,
              32.6037941
            ],
            [
              78.630722,
              32.604405
            ],
            [
              78.6324328,
              32.6051113
            ],
            [
              78.6339271,
              32.6058531
            ],
            [
              78.6352521,
              32.6067582
            ],
            [
              78.6380381,
              32.6080905
            ],
            [
              78.6395299,
              32.6087993
            ],
            [
              78.6404934,
              32.6091536
            ],
            [
              78.6410247,
              32.6097173
            ],
            [
              78.6410813,
              32.6113371
            ],
            [
              78.6409234,
              32.6134952
            ],
            [
              78.640588,
              32.6152019
            ],
            [
              78.6400117,
              32.6167605
            ],
            [
              78.6393467,
              32.6183605
            ],
            [
              78.638894,
              32.619832
            ],
            [
              78.638421,
              32.6211716
            ],
            [
              78.6375428,
              32.622643
            ],
            [
              78.636656,
              32.623741
            ],
            [
              78.636309,
              32.625254
            ],
            [
              78.6358502,
              32.6272064
            ],
            [
              78.6357132,
              32.6290685
            ],
            [
              78.6354336,
              32.6306284
            ],
            [
              78.6351781,
              32.6310713
            ],
            [
              78.6343673,
              32.6317712
            ],
            [
              78.6331055,
              32.6329871
            ],
            [
              78.6324479,
              32.6340328
            ],
            [
              78.6314612,
              32.6346988
            ],
            [
              78.631045,
              32.6356322
            ],
            [
              78.6311793,
              32.638188
            ],
            [
              78.6314211,
              32.6396049
            ],
            [
              78.6321544,
              32.6416877
            ],
            [
              78.6329124,
              32.6431011
            ],
            [
              78.6332126,
              32.6444357
            ],
            [
              78.6341099,
              32.6453678
            ],
            [
              78.636597,
              32.6446663
            ],
            [
              78.6384061,
              32.6445606
            ],
            [
              78.6398917,
              32.6446938
            ],
            [
              78.6423876,
              32.6449681
            ],
            [
              78.6428806,
              32.6453582
            ],
            [
              78.6433155,
              32.6456353
            ],
            [
              78.6434581,
              32.6460906
            ],
            [
              78.6437273,
              32.6464337
            ],
            [
              78.6438711,
              32.6470128
            ],
            [
              78.6448099,
              32.6481398
            ],
            [
              78.64601,
              32.6490984
            ],
            [
              78.6471532,
              32.6498999
            ],
            [
              78.6481956,
              32.6504833
            ],
            [
              78.6489733,
              32.651464
            ],
            [
              78.6495997,
              32.6515802
            ],
            [
              78.6508215,
              32.6513784
            ],
            [
              78.6519127,
              32.6515291
            ],
            [
              78.6532973,
              32.6523099
            ],
            [
              78.6548094,
              32.6529072
            ],
            [
              78.6561399,
              32.6533143
            ],
            [
              78.657621,
              32.653754
            ],
            [
              78.659088,
              32.6540675
            ],
            [
              78.6600838,
              32.6543549
            ],
            [
              78.6614792,
              32.6547955
            ],
            [
              78.6628181,
              32.6552945
            ],
            [
              78.6643254,
              32.6558418
            ],
            [
              78.6656316,
              32.6563212
            ],
            [
              78.6669032,
              32.6566933
            ],
            [
              78.6683539,
              32.6568556
            ],
            [
              78.6695967,
              32.6569915
            ],
            [
              78.6712776,
              32.6572351
            ],
            [
              78.6741561,
              32.6579219
            ],
            [
              78.6783393,
              32.658624
            ],
            [
              78.6821629,
              32.659304
            ],
            [
              78.6851306,
              32.660171
            ],
            [
              78.6869673,
              32.6612355
            ],
            [
              78.6884332,
              32.6623622
            ],
            [
              78.6898719,
              32.6632624
            ],
            [
              78.6923048,
              32.663527
            ],
            [
              78.6937757,
              32.6639496
            ],
            [
              78.695255,
              32.664278
            ],
            [
              78.695868,
              32.664655
            ],
            [
              78.696197,
              32.664983
            ],
            [
              78.696821,
              32.665411
            ],
            [
              78.698004,
              32.665904
            ],
            [
              78.698859,
              32.666167
            ],
            [
              78.699943,
              32.666594
            ],
            [
              78.701192,
              32.666988
            ],
            [
              78.702014,
              32.667087
            ],
            [
              78.703624,
              32.667876
            ],
            [
              78.705005,
              32.668171
            ],
            [
              78.705991,
              32.668171
            ],
            [
              78.7070187,
              32.6679799
            ],
            [
              78.7079916,
              32.6680369
            ],
            [
              78.7087292,
              32.6681992
            ],
            [
              78.709583,
              32.6681297
            ],
            [
              78.7104797,
              32.6681214
            ],
            [
              78.711513,
              32.66873
            ],
            [
              78.713288,
              32.670209
            ],
            [
              78.714536,
              32.67113
            ],
            [
              78.715983,
              32.67205
            ],
            [
              78.716772,
              32.672214
            ],
            [
              78.717593,
              32.672181
            ],
            [
              78.718415,
              32.672444
            ],
            [
              78.719467,
              32.673036
            ],
            [
              78.720485,
              32.673397
            ],
            [
              78.722425,
              32.673923
            ],
            [
              78.723049,
              32.674252
            ],
            [
              78.723739,
              32.675106
            ],
            [
              78.724561,
              32.675928
            ],
            [
              78.7252102,
              32.6767324
            ],
            [
              78.725251,
              32.676783
            ],
            [
              78.726862,
              32.678558
            ],
            [
              78.727618,
              32.679576
            ],
            [
              78.729261,
              32.682403
            ],
            [
              78.729853,
              32.683192
            ],
            [
              78.73051,
              32.683783
            ],
            [
              78.731135,
              32.684441
            ],
            [
              78.731529,
              32.685164
            ],
            [
              78.732318,
              32.685986
            ],
            [
              78.733139,
              32.68661
            ],
            [
              78.734027,
              32.687136
            ],
            [
              78.73452,
              32.687662
            ],
            [
              78.735013,
              32.688779
            ],
            [
              78.735375,
              32.69016
            ],
            [
              78.73636,
              32.693216
            ],
            [
              78.736821,
              32.693972
            ],
            [
              78.737248,
              32.6944
            ],
            [
              78.737905,
              32.694926
            ],
            [
              78.7387609,
              32.695432
            ],
            [
              78.7394997,
              32.6957352
            ],
            [
              78.7398186,
              32.6954387
            ],
            [
              78.740173,
              32.69509
            ],
            [
              78.740633,
              32.694597
            ],
            [
              78.741915,
              32.693677
            ],
            [
              78.742145,
              32.693348
            ],
            [
              78.742737,
              32.692822
            ],
            [
              78.744742,
              32.692329
            ],
            [
              78.745497,
              32.692066
            ],
            [
              78.746385,
              32.691705
            ],
            [
              78.747305,
              32.691146
            ],
            [
              78.748127,
              32.690751
            ],
            [
              78.74862,
              32.689634
            ],
            [
              78.749245,
              32.688779
            ],
            [
              78.749573,
              32.687892
            ],
            [
              78.749869,
              32.686577
            ],
            [
              78.74908,
              32.685164
            ],
            [
              78.748259,
              32.683422
            ],
            [
              78.746319,
              32.681384
            ],
            [
              78.745958,
              32.680694
            ],
            [
              78.745859,
              32.678623
            ],
            [
              78.745366,
              32.677604
            ],
            [
              78.744643,
              32.676355
            ],
            [
              78.744939,
              32.674975
            ],
            [
              78.744906,
              32.674515
            ],
            [
              78.743887,
              32.672313
            ],
            [
              78.743591,
              32.671491
            ],
            [
              78.743624,
              32.670867
            ],
            [
              78.744084,
              32.669322
            ],
            [
              78.74415,
              32.668862
            ],
            [
              78.74415,
              32.667843
            ],
            [
              78.743821,
              32.666955
            ],
            [
              78.743263,
              32.666167
            ],
            [
              78.741291,
              32.664293
            ],
            [
              78.740666,
              32.663471
            ],
            [
              78.740502,
              32.662847
            ],
            [
              78.740502,
              32.662222
            ],
            [
              78.7406,
              32.661598
            ],
            [
              78.740896,
              32.66048
            ],
            [
              78.741455,
              32.659593
            ],
            [
              78.741718,
              32.658541
            ],
            [
              78.741816,
              32.657095
            ],
            [
              78.742145,
              32.655287
            ],
            [
              78.743328,
              32.654926
            ],
            [
              78.744577,
              32.653447
            ],
            [
              78.746648,
              32.651442
            ],
            [
              78.747043,
              32.650817
            ],
            [
              78.747108,
              32.650094
            ],
            [
              78.74747,
              32.649601
            ],
            [
              78.748324,
              32.649043
            ],
            [
              78.749573,
              32.647925
            ],
            [
              78.750099,
              32.647531
            ],
            [
              78.750329,
              32.647071
            ],
            [
              78.750789,
              32.646906
            ],
            [
              78.751447,
              32.646479
            ],
            [
              78.751776,
              32.64615
            ],
            [
              78.751874,
              32.64569
            ],
            [
              78.751874,
              32.644671
            ],
            [
              78.751776,
              32.643488
            ],
            [
              78.751512,
              32.642666
            ],
            [
              78.751315,
              32.641352
            ],
            [
              78.751711,
              32.640886
            ],
            [
              78.75216,
              32.64053
            ],
            [
              78.753124,
              32.640298
            ],
            [
              78.754187,
              32.6396
            ],
            [
              78.754818,
              32.639069
            ],
            [
              78.756147,
              32.638338
            ],
            [
              78.759103,
              32.636943
            ],
            [
              78.759701,
              32.63661
            ],
            [
              78.7601,
              32.636245
            ],
            [
              78.760399,
              32.636212
            ],
            [
              78.760897,
              32.636079
            ],
            [
              78.760997,
              32.635747
            ],
            [
              78.762226,
              32.635381
            ],
            [
              78.762658,
              32.634883
            ],
            [
              78.765016,
              32.634418
            ],
            [
              78.765681,
              32.634185
            ],
            [
              78.766079,
              32.633986
            ],
            [
              78.766345,
              32.633521
            ],
            [
              78.766578,
              32.633255
            ],
            [
              78.767441,
              32.632358
            ],
            [
              78.768206,
              32.631694
            ],
            [
              78.768206,
              32.631495
            ],
            [
              78.768471,
              32.631229
            ],
            [
              78.768969,
              32.630996
            ],
            [
              78.770033,
              32.630631
            ],
            [
              78.770465,
              32.630432
            ],
            [
              78.770431,
              32.630133
            ],
            [
              78.770498,
              32.629867
            ],
            [
              78.770697,
              32.629535
            ],
            [
              78.77073,
              32.628937
            ],
            [
              78.771228,
              32.628173
            ],
            [
              78.771129,
              32.627608
            ],
            [
              78.771129,
              32.627276
            ],
            [
              78.771328,
              32.626877
            ],
            [
              78.77166,
              32.626412
            ],
            [
              78.771694,
              32.625847
            ],
            [
              78.77186,
              32.625116
            ],
            [
              78.772225,
              32.624319
            ],
            [
              78.772424,
              32.623555
            ],
            [
              78.772524,
              32.622791
            ],
            [
              78.772923,
              32.622326
            ],
            [
              78.773388,
              32.621562
            ],
            [
              78.773687,
              32.620565
            ],
            [
              78.773687,
              32.620001
            ],
            [
              78.773919,
              32.619104
            ],
            [
              78.774717,
              32.618971
            ],
            [
              78.775613,
              32.618672
            ],
            [
              78.776444,
              32.61824
            ],
            [
              78.777407,
              32.617908
            ],
            [
              78.77857,
              32.617609
            ],
            [
              78.779533,
              32.617044
            ],
            [
              78.78136,
              32.616313
            ],
            [
              78.781062,
              32.614885
            ],
            [
              78.780762,
              32.61432
            ],
            [
              78.78043,
              32.61329
            ],
            [
              78.780098,
              32.611828
            ],
            [
              78.780049,
              32.6115731
            ],
            [
              78.7796,
              32.609237
            ],
            [
              78.777806,
              32.608374
            ],
            [
              78.777839,
              32.607842
            ],
            [
              78.777673,
              32.60668
            ],
            [
              78.777673,
              32.605849
            ],
            [
              78.777939,
              32.605052
            ],
            [
              78.778404,
              32.604155
            ],
            [
              78.777972,
              32.601663
            ],
            [
              78.778039,
              32.600833
            ],
            [
              78.778371,
              32.599936
            ],
            [
              78.778371,
              32.599371
            ],
            [
              78.778005,
              32.598773
            ],
            [
              78.77754,
              32.59688
            ],
            [
              78.777507,
              32.595916
            ],
            [
              78.777208,
              32.594953
            ],
            [
              78.777141,
              32.592594
            ],
            [
              78.776411,
              32.592295
            ],
            [
              78.775846,
              32.591996
            ],
            [
              78.775015,
              32.591332
            ],
            [
              78.774982,
              32.590933
            ],
            [
              78.77475,
              32.58997
            ],
            [
              78.774285,
              32.589073
            ],
            [
              78.774551,
              32.587711
            ],
            [
              78.77465,
              32.586781
            ],
            [
              78.774584,
              32.585917
            ],
            [
              78.774384,
              32.585419
            ],
            [
              78.774085,
              32.585054
            ],
            [
              78.772491,
              32.583858
            ],
            [
              78.771893,
              32.58326
            ],
            [
              78.771228,
              32.582529
            ],
            [
              78.77073,
              32.581765
            ],
            [
              78.770298,
              32.581266
            ],
            [
              78.768537,
              32.580768
            ],
            [
              78.767342,
              32.580237
            ],
            [
              78.766312,
              32.579871
            ],
            [
              78.764585,
              32.579107
            ],
            [
              78.763854,
              32.578974
            ],
            [
              78.76299,
              32.579074
            ],
            [
              78.761927,
              32.579439
            ],
            [
              78.761296,
              32.57728
            ],
            [
              78.7601,
              32.571865
            ],
            [
              78.759768,
              32.571101
            ],
            [
              78.757475,
              32.567181
            ],
            [
              78.757874,
              32.56645
            ],
            [
              78.758107,
              32.565587
            ],
            [
              78.758373,
              32.563959
            ],
            [
              78.758937,
              32.563361
            ],
            [
              78.759602,
              32.562763
            ],
            [
              78.760067,
              32.561899
            ],
            [
              78.760332,
              32.561135
            ],
            [
              78.760698,
              32.560537
            ],
            [
              78.761263,
              32.559773
            ],
            [
              78.761528,
              32.558976
            ],
            [
              78.761495,
              32.558112
            ],
            [
              78.76113,
              32.557614
            ],
            [
              78.760034,
              32.557282
            ],
            [
              78.759967,
              32.55685
            ],
            [
              78.760233,
              32.556019
            ],
            [
              78.760665,
              32.555521
            ],
            [
              78.761296,
              32.555056
            ],
            [
              78.762159,
              32.553163
            ],
            [
              78.762492,
              32.551336
            ],
            [
              78.763289,
              32.549608
            ],
            [
              78.763721,
              32.548313
            ],
            [
              78.763987,
              32.547681
            ],
            [
              78.765714,
              32.546718
            ],
            [
              78.767209,
              32.545157
            ],
            [
              78.768073,
              32.543994
            ],
            [
              78.771029,
              32.538878
            ],
            [
              78.7698,
              32.538313
            ],
            [
              78.767973,
              32.537284
            ],
            [
              78.767342,
              32.536752
            ],
            [
              78.767674,
              32.535756
            ],
            [
              78.768338,
              32.534593
            ],
            [
              78.768338,
              32.533962
            ],
            [
              78.768139,
              32.5326
            ],
            [
              78.768139,
              32.531537
            ],
            [
              78.768405,
              32.530573
            ],
            [
              78.768737,
              32.530009
            ],
            [
              78.770165,
              32.528547
            ],
            [
              78.770465,
              32.527982
            ],
            [
              78.770564,
              32.527351
            ],
            [
              78.770431,
              32.526288
            ],
            [
              78.770132,
              32.524826
            ],
            [
              78.770796,
              32.524195
            ],
            [
              78.771494,
              32.523431
            ],
            [
              78.772557,
              32.522434
            ],
            [
              78.773687,
              32.521571
            ],
            [
              78.776577,
              32.519212
            ],
            [
              78.778005,
              32.51795
            ],
            [
              78.780829,
              32.515658
            ],
            [
              78.78043,
              32.514761
            ],
            [
              78.779998,
              32.514096
            ],
            [
              78.779201,
              32.513465
            ],
            [
              78.778935,
              32.513067
            ],
            [
              78.778703,
              32.512435
            ],
            [
              78.778371,
              32.511771
            ],
            [
              78.777939,
              32.511273
            ],
            [
              78.778637,
              32.509811
            ],
            [
              78.779168,
              32.508216
            ],
            [
              78.779367,
              32.507419
            ],
            [
              78.779434,
              32.505924
            ],
            [
              78.780032,
              32.504164
            ],
            [
              78.780065,
              32.503267
            ],
            [
              78.779866,
              32.502303
            ],
            [
              78.779367,
              32.500775
            ],
            [
              78.778935,
              32.499945
            ],
            [
              78.778504,
              32.49928
            ],
            [
              78.777607,
              32.497354
            ],
            [
              78.777939,
              32.497121
            ],
            [
              78.778603,
              32.496457
            ],
            [
              78.778803,
              32.495792
            ],
            [
              78.778603,
              32.494596
            ],
            [
              78.778637,
              32.4936
            ],
            [
              78.778902,
              32.492603
            ],
            [
              78.7794,
              32.491441
            ],
            [
              78.779766,
              32.490377
            ],
            [
              78.780065,
              32.489082
            ],
            [
              78.780164,
              32.487687
            ],
            [
              78.781792,
              32.485727
            ],
            [
              78.781693,
              32.484797
            ],
            [
              78.781327,
              32.483667
            ],
            [
              78.781294,
              32.481674
            ],
            [
              78.780962,
              32.480943
            ],
            [
              78.78053,
              32.480478
            ],
            [
              78.779799,
              32.479814
            ],
            [
              78.779367,
              32.479016
            ],
            [
              78.781095,
              32.478584
            ],
            [
              78.783719,
              32.478385
            ],
            [
              78.787141,
              32.477654
            ],
            [
              78.788038,
              32.477322
            ],
            [
              78.789898,
              32.476824
            ],
            [
              78.792356,
              32.476359
            ],
            [
              78.793154,
              32.47586
            ],
            [
              78.794648,
              32.475728
            ],
            [
              78.795014,
              32.475495
            ],
            [
              78.795711,
              32.47493
            ],
            [
              78.79621,
              32.474133
            ],
            [
              78.796342,
              32.473303
            ],
            [
              78.79621,
              32.472306
            ],
            [
              78.796342,
              32.471575
            ],
            [
              78.797273,
              32.470678
            ],
            [
              78.797904,
              32.469914
            ],
            [
              78.798369,
              32.468785
            ],
            [
              78.798435,
              32.46729
            ],
            [
              78.798303,
              32.465994
            ],
            [
              78.797838,
              32.4644
            ],
            [
              78.798502,
              32.463868
            ],
            [
              78.799897,
              32.462174
            ],
            [
              78.80086,
              32.461177
            ],
            [
              78.801657,
              32.460015
            ],
            [
              78.802222,
              32.458719
            ],
            [
              78.802322,
              32.457291
            ],
            [
              78.802289,
              32.455497
            ],
            [
              78.802721,
              32.454999
            ],
            [
              78.803651,
              32.45347
            ],
            [
              78.803983,
              32.452673
            ],
            [
              78.805345,
              32.450879
            ],
            [
              78.805843,
              32.449783
            ],
            [
              78.806275,
              32.448089
            ],
            [
              78.806475,
              32.446494
            ],
            [
              78.806441,
              32.444734
            ],
            [
              78.806475,
              32.443538
            ],
            [
              78.806707,
              32.441511
            ],
            [
              78.807239,
              32.441345
            ],
            [
              78.807637,
              32.441046
            ],
            [
              78.807969,
              32.440216
            ],
            [
              78.808434,
              32.439618
            ],
            [
              78.8087,
              32.438256
            ],
            [
              78.809963,
              32.436861
            ],
            [
              78.811557,
              32.435565
            ],
            [
              78.812222,
              32.434834
            ],
            [
              78.813118,
              32.433971
            ],
            [
              78.81375,
              32.433672
            ],
            [
              78.814779,
              32.433339
            ],
            [
              78.815344,
              32.43304
            ],
            [
              78.815975,
              32.432442
            ],
            [
              78.816872,
              32.431745
            ],
            [
              78.818102,
              32.431778
            ],
            [
              78.819031,
              32.431712
            ],
            [
              78.819995,
              32.431213
            ],
            [
              78.820759,
              32.430748
            ],
            [
              78.821689,
              32.430117
            ],
            [
              78.822453,
              32.429486
            ],
            [
              78.824081,
              32.428722
            ],
            [
              78.825376,
              32.428423
            ],
            [
              78.827071,
              32.42829
            ],
            [
              78.829629,
              32.428257
            ],
            [
              78.830891,
              32.428024
            ],
            [
              78.8321875,
              32.4278918
            ],
            [
              78.832519,
              32.426529
            ],
            [
              78.833449,
              32.42447
            ],
            [
              78.833715,
              32.423739
            ],
            [
              78.833748,
              32.423074
            ],
            [
              78.833615,
              32.422211
            ],
            [
              78.833216,
              32.421181
            ],
            [
              78.83305,
              32.420616
            ],
            [
              78.83295,
              32.419919
            ],
            [
              78.83305,
              32.418457
            ],
            [
              78.833382,
              32.41756
            ],
            [
              78.83398,
              32.417028
            ],
            [
              78.835176,
              32.4155
            ],
            [
              78.835774,
              32.415135
            ],
            [
              78.836405,
              32.414869
            ],
            [
              78.836871,
              32.414603
            ],
            [
              78.837967,
              32.413208
            ],
            [
              78.838598,
              32.41271
            ],
            [
              78.840126,
              32.411979
            ],
            [
              78.841255,
              32.411348
            ],
            [
              78.843581,
              32.410551
            ],
            [
              78.846371,
              32.412378
            ],
            [
              78.847534,
              32.412909
            ],
            [
              78.848697,
              32.413308
            ],
            [
              78.849361,
              32.413308
            ],
            [
              78.849992,
              32.413175
            ],
            [
              78.851686,
              32.41271
            ],
            [
              78.851952,
              32.413109
            ],
            [
              78.852351,
              32.412976
            ],
            [
              78.853082,
              32.413474
            ],
            [
              78.853779,
              32.414039
            ],
            [
              78.854543,
              32.414437
            ],
            [
              78.855507,
              32.414404
            ],
            [
              78.85637,
              32.414637
            ],
            [
              78.857035,
              32.414471
            ],
            [
              78.859725,
              32.413341
            ],
            [
              78.860855,
              32.413109
            ],
            [
              78.8632536,
              32.4133386
            ],
            [
              78.863978,
              32.413408
            ],
            [
              78.866868,
              32.413441
            ],
            [
              78.868629,
              32.413507
            ],
            [
              78.869027,
              32.413308
            ],
            [
              78.869691,
              32.412677
            ],
            [
              78.871784,
              32.410019
            ],
            [
              78.872083,
              32.409089
            ],
            [
              78.872615,
              32.408325
            ],
            [
              78.873744,
              32.406431
            ],
            [
              78.874309,
              32.405269
            ],
            [
              78.875007,
              32.404305
            ],
            [
              78.875671,
              32.403674
            ],
            [
              78.876302,
              32.402445
            ],
            [
              78.876668,
              32.40188
            ],
            [
              78.877299,
              32.401548
            ],
            [
              78.878362,
              32.400884
            ],
            [
              78.879857,
              32.399854
            ],
            [
              78.880455,
              32.399356
            ],
            [
              78.880787,
              32.398957
            ],
            [
              78.881617,
              32.398625
            ],
            [
              78.881983,
              32.398193
            ],
            [
              78.882813,
              32.39816
            ],
            [
              78.88464,
              32.398326
            ],
            [
              78.885571,
              32.398359
            ],
            [
              78.886733,
              32.398658
            ],
            [
              78.891118,
              32.400186
            ],
            [
              78.892347,
              32.400518
            ],
            [
              78.893012,
              32.399954
            ],
            [
              78.89444,
              32.398492
            ],
            [
              78.894972,
              32.397761
            ],
            [
              78.895171,
              32.39703
            ],
            [
              78.895304,
              32.395868
            ],
            [
              78.895503,
              32.394904
            ],
            [
              78.896035,
              32.394805
            ],
            [
              78.897629,
              32.394838
            ],
            [
              78.900121,
              32.394638
            ],
            [
              78.901848,
              32.394672
            ],
            [
              78.90218,
              32.394605
            ],
            [
              78.902712,
              32.393841
            ],
            [
              78.903243,
              32.392944
            ],
            [
              78.903808,
              32.392147
            ],
            [
              78.904373,
              32.390818
            ],
            [
              78.904938,
              32.39032
            ],
            [
              78.905502,
              32.389323
            ],
            [
              78.905203,
              32.388925
            ],
            [
              78.904373,
              32.388127
            ],
            [
              78.902811,
              32.386965
            ],
            [
              78.902147,
              32.386367
            ],
            [
              78.902313,
              32.383277
            ],
            [
              78.90228,
              32.382048
            ],
            [
              78.901981,
              32.380985
            ],
            [
              78.905835,
              32.37856
            ],
            [
              78.906466,
              32.376235
            ],
            [
              78.9062,
              32.375271
            ],
            [
              78.907529,
              32.372514
            ],
            [
              78.910983,
              32.371119
            ],
            [
              78.911781,
              32.370355
            ],
            [
              78.912644,
              32.369126
            ],
            [
              78.913143,
              32.368229
            ],
            [
              78.913907,
              32.367897
            ],
            [
              78.915203,
              32.367531
            ],
            [
              78.916764,
              32.367265
            ],
            [
              78.917295,
              32.366601
            ],
            [
              78.917827,
              32.366601
            ],
            [
              78.919986,
              32.366236
            ],
            [
              78.921248,
              32.36587
            ],
            [
              78.923142,
              32.365073
            ],
            [
              78.925667,
              32.363811
            ],
            [
              78.92663,
              32.363611
            ],
            [
              78.92859,
              32.363545
            ],
            [
              78.92962,
              32.363346
            ],
            [
              78.930417,
              32.36215
            ],
            [
              78.931247,
              32.360788
            ],
            [
              78.93231,
              32.359592
            ],
            [
              78.936264,
              32.359492
            ],
            [
              78.93736,
              32.359127
            ],
            [
              78.93849,
              32.358396
            ],
            [
              78.93932,
              32.357599
            ],
            [
              78.939486,
              32.356768
            ],
            [
              78.939619,
              32.354808
            ],
            [
              78.940749,
              32.354542
            ],
            [
              78.941911,
              32.354144
            ],
            [
              78.943871,
              32.353147
            ],
            [
              78.945798,
              32.352084
            ],
            [
              78.945964,
              32.351386
            ],
            [
              78.946196,
              32.350722
            ],
            [
              78.947359,
              32.350024
            ],
            [
              78.950681,
              32.349227
            ],
            [
              78.952143,
              32.348729
            ],
            [
              78.952807,
              32.348297
            ],
            [
              78.953405,
              32.347599
            ],
            [
              78.95593,
              32.34544
            ],
            [
              78.955996,
              32.344543
            ],
            [
              78.956262,
              32.344012
            ],
            [
              78.956694,
              32.343314
            ],
            [
              78.957524,
              32.34245
            ],
            [
              78.958488,
              32.341852
            ],
            [
              78.960414,
              32.341288
            ],
            [
              78.961776,
              32.339394
            ],
            [
              78.962939,
              32.338497
            ],
            [
              78.964534,
              32.3378
            ],
            [
              78.966926,
              32.336305
            ],
            [
              78.968287,
              32.33574
            ],
            [
              78.970181,
              32.336504
            ],
            [
              78.971809,
              32.337368
            ],
            [
              78.972307,
              32.337733
            ],
            [
              78.973137,
              32.338763
            ],
            [
              78.974832,
              32.34162
            ],
            [
              78.975828,
              32.342816
            ],
            [
              78.976227,
              32.34348
            ],
            [
              78.976493,
              32.34441
            ],
            [
              78.976759,
              32.345042
            ],
            [
              78.97729,
              32.345639
            ],
            [
              78.977788,
              32.346636
            ],
            [
              78.978386,
              32.347566
            ],
            [
              78.979482,
              32.350257
            ],
            [
              78.980579,
              32.352184
            ],
            [
              78.981276,
              32.354277
            ],
            [
              78.981941,
              32.355838
            ],
            [
              78.982605,
              32.3571
            ],
            [
              78.985661,
              32.362283
            ],
            [
              78.986824,
              32.364575
            ],
            [
              78.987522,
              32.367232
            ],
            [
              78.989415,
              32.369956
            ],
            [
              78.990179,
              32.37082
            ],
            [
              78.99101,
              32.371351
            ],
            [
              78.993634,
              32.372581
            ],
            [
              78.995195,
              32.373179
            ],
            [
              78.997587,
              32.374175
            ],
            [
              78.999547,
              32.374906
            ],
            [
              79.000809,
              32.375504
            ],
            [
              79.002736,
              32.376268
            ],
            [
              79.005128,
              32.377298
            ],
            [
              79.008816,
              32.379058
            ],
            [
              79.012004,
              32.38042
            ],
            [
              79.013599,
              32.381218
            ],
            [
              79.01619,
              32.381782
            ],
            [
              79.018349,
              32.382181
            ],
            [
              79.02031,
              32.382945
            ],
            [
              79.022801,
              32.383311
            ],
            [
              79.0257901,
              32.3818958
            ],
            [
              79.029678,
              32.380055
            ],
            [
              79.031106,
              32.380819
            ],
            [
              79.032767,
              32.381517
            ],
            [
              79.034959,
              32.382546
            ],
            [
              79.036521,
              32.383144
            ],
            [
              79.037418,
              32.383211
            ],
            [
              79.03961,
              32.382845
            ],
            [
              79.042882,
              32.382388
            ],
            [
              79.046802,
              32.383219
            ],
            [
              79.054542,
              32.385776
            ],
            [
              79.056569,
              32.386607
            ],
            [
              79.057864,
              32.387039
            ],
            [
              79.05916,
              32.387172
            ],
            [
              79.060389,
              32.387138
            ],
            [
              79.061917,
              32.386839
            ],
            [
              79.063512,
              32.386241
            ],
            [
              79.0668,
              32.385112
            ],
            [
              79.068827,
              32.38458
            ],
            [
              79.070986,
              32.384082
            ],
            [
              79.072115,
              32.38375
            ],
            [
              79.072713,
              32.383385
            ],
            [
              79.074275,
              32.382089
            ],
            [
              79.075803,
              32.381192
            ],
            [
              79.076633,
              32.380827
            ],
            [
              79.078128,
              32.380362
            ],
            [
              79.079723,
              32.379963
            ],
            [
              79.08135,
              32.379498
            ],
            [
              79.083244,
              32.376608
            ],
            [
              79.083709,
              32.376342
            ],
            [
              79.084573,
              32.375445
            ],
            [
              79.085703,
              32.374781
            ],
            [
              79.086068,
              32.374282
            ],
            [
              79.086832,
              32.372389
            ],
            [
              79.087264,
              32.372289
            ],
            [
              79.087895,
              32.372256
            ],
            [
              79.08826,
              32.372322
            ],
            [
              79.089822,
              32.372322
            ],
            [
              79.090752,
              32.372389
            ],
            [
              79.091881,
              32.371592
            ],
            [
              79.092811,
              32.371127
            ],
            [
              79.093941,
              32.370828
            ],
            [
              79.096133,
              32.370628
            ],
            [
              79.097363,
              32.370296
            ],
            [
              79.097661,
              32.370063
            ],
            [
              79.098924,
              32.369997
            ],
            [
              79.100153,
              32.370628
            ],
            [
              79.102877,
              32.372588
            ],
            [
              79.10384,
              32.373552
            ],
            [
              79.104438,
              32.374316
            ],
            [
              79.104671,
              32.375013
            ],
            [
              79.104571,
              32.376807
            ],
            [
              79.104272,
              32.377172
            ],
            [
              79.103043,
              32.378069
            ],
            [
              79.1015686,
              32.386607
            ],
            [
              79.102744,
              32.387637
            ],
            [
              79.104438,
              32.389431
            ],
            [
              79.104505,
              32.390826
            ],
            [
              79.104172,
              32.391125
            ],
            [
              79.103408,
              32.391557
            ],
            [
              79.102545,
              32.392155
            ],
            [
              79.101415,
              32.393218
            ],
            [
              79.100419,
              32.394281
            ],
            [
              79.10012,
              32.394945
            ],
            [
              79.100319,
              32.397071
            ],
            [
              79.102877,
              32.398533
            ],
            [
              79.103741,
              32.399097
            ],
            [
              79.10394,
              32.399529
            ],
            [
              79.10384,
              32.400592
            ],
            [
              79.103874,
              32.401057
            ],
            [
              79.104538,
              32.40232
            ],
            [
              79.105036,
              32.403549
            ],
            [
              79.105435,
              32.404346
            ],
            [
              79.105933,
              32.405077
            ],
            [
              79.105933,
              32.40531
            ],
            [
              79.105435,
              32.407236
            ],
            [
              79.105435,
              32.407469
            ],
            [
              79.107029,
              32.408598
            ],
            [
              79.107528,
              32.409163
            ],
            [
              79.10786,
              32.409429
            ],
            [
              79.109155,
              32.409894
            ],
            [
              79.111481,
              32.41089
            ],
            [
              79.112643,
              32.411289
            ],
            [
              79.113009,
              32.411688
            ],
            [
              79.113075,
              32.41192
            ],
            [
              79.113009,
              32.412319
            ],
            [
              79.112145,
              32.414146
            ],
            [
              79.112112,
              32.414412
            ],
            [
              79.112511,
              32.415309
            ],
            [
              79.113275,
              32.416405
            ],
            [
              79.114338,
              32.418298
            ],
            [
              79.1145305,
              32.418453
            ],
            [
              79.114869,
              32.418398
            ],
            [
              79.115268,
              32.418298
            ],
            [
              79.115932,
              32.418033
            ],
            [
              79.116862,
              32.417833
            ],
            [
              79.118025,
              32.417833
            ],
            [
              79.121214,
              32.418265
            ],
            [
              79.122609,
              32.418597
            ],
            [
              79.123971,
              32.41883
            ],
            [
              79.125134,
              32.419096
            ],
            [
              79.1254,
              32.41976
            ],
            [
              79.12643,
              32.421654
            ],
            [
              79.126131,
              32.422451
            ],
            [
              79.125998,
              32.423248
            ],
            [
              79.125267,
              32.424278
            ],
            [
              79.124702,
              32.425407
            ],
            [
              79.124138,
              32.426769
            ],
            [
              79.123805,
              32.427866
            ],
            [
              79.122842,
              32.429294
            ],
            [
              79.122676,
              32.430025
            ],
            [
              79.122642,
              32.43162
            ],
            [
              79.122277,
              32.432948
            ],
            [
              79.122211,
              32.433712
            ],
            [
              79.122211,
              32.434809
            ],
            [
              79.12045,
              32.435772
            ],
            [
              79.119055,
              32.436337
            ],
            [
              79.117959,
              32.437134
            ],
            [
              79.117261,
              32.437931
            ],
            [
              79.117394,
              32.438928
            ],
            [
              79.117793,
              32.440921
            ],
            [
              79.117925,
              32.442117
            ],
            [
              79.118158,
              32.442516
            ],
            [
              79.119852,
              32.444542
            ],
            [
              79.120583,
              32.445904
            ],
            [
              79.121081,
              32.447033
            ],
            [
              79.121115,
              32.447665
            ],
            [
              79.120184,
              32.448495
            ],
            [
              79.119454,
              32.449359
            ],
            [
              79.119154,
              32.450223
            ],
            [
              79.118955,
              32.45205
            ],
            [
              79.118789,
              32.452515
            ],
            [
              79.118291,
              32.45298
            ],
            [
              79.117859,
              32.453545
            ],
            [
              79.117527,
              32.454475
            ],
            [
              79.118058,
              32.45484
            ],
            [
              79.119553,
              32.455704
            ],
            [
              79.120085,
              32.457298
            ],
            [
              79.119553,
              32.45886
            ],
            [
              79.120151,
              32.459225
            ],
            [
              79.122709,
              32.459856
            ],
            [
              79.124038,
              32.460089
            ],
            [
              79.1253,
              32.460654
            ],
            [
              79.126795,
              32.461119
            ],
            [
              79.127725,
              32.461351
            ],
            [
              79.127958,
              32.464872
            ],
            [
              79.12819,
              32.466268
            ],
            [
              79.128556,
              32.466799
            ],
            [
              79.129685,
              32.467331
            ],
            [
              79.130449,
              32.468062
            ],
            [
              79.131412,
              32.468693
            ],
            [
              79.132044,
              32.469457
            ],
            [
              79.132177,
              32.470254
            ],
            [
              79.132144,
              32.470985
            ],
            [
              79.131678,
              32.471849
            ],
            [
              79.130781,
              32.473111
            ],
            [
              79.129585,
              32.474971
            ],
            [
              79.129253,
              32.476599
            ],
            [
              79.12932,
              32.477297
            ],
            [
              79.129519,
              32.477994
            ],
            [
              79.129984,
              32.478924
            ],
            [
              79.130781,
              32.480054
            ],
            [
              79.131546,
              32.480951
            ],
            [
              79.133971,
              32.480253
            ],
            [
              79.135034,
              32.480153
            ],
            [
              79.13706,
              32.480253
            ],
            [
              79.138189,
              32.48022
            ],
            [
              79.138821,
              32.480087
            ],
            [
              79.139751,
              32.479755
            ],
            [
              79.141843,
              32.478891
            ],
            [
              79.146129,
              32.477297
            ],
            [
              79.148056,
              32.476865
            ],
            [
              79.1491378,
              32.4768748
            ],
            [
              79.150115,
              32.478492
            ],
            [
              79.15058,
              32.479456
            ],
            [
              79.150713,
              32.480519
            ],
            [
              79.150713,
              32.48228
            ],
            [
              79.150547,
              32.483044
            ],
            [
              79.150381,
              32.484339
            ],
            [
              79.150481,
              32.485336
            ],
            [
              79.150846,
              32.486465
            ],
            [
              79.15078,
              32.486963
            ],
            [
              79.150813,
              32.488159
            ],
            [
              79.152241,
              32.489023
            ],
            [
              79.153205,
              32.489787
            ],
            [
              79.154633,
              32.491647
            ],
            [
              79.155563,
              32.494538
            ],
            [
              79.156859,
              32.494936
            ],
            [
              79.15842,
              32.495866
            ],
            [
              79.15955,
              32.496796
            ],
            [
              79.162705,
              32.494737
            ],
            [
              79.1643,
              32.494239
            ],
            [
              79.16543,
              32.494338
            ],
            [
              79.167124,
              32.494837
            ],
            [
              79.168918,
              32.495235
            ],
            [
              79.171143,
              32.495501
            ],
            [
              79.174133,
              32.496464
            ],
            [
              79.17689,
              32.496664
            ],
            [
              79.177621,
              32.496929
            ],
            [
              79.178352,
              32.496996
            ],
            [
              79.179647,
              32.496929
            ],
            [
              79.180777,
              32.497129
            ],
            [
              79.182272,
              32.497262
            ],
            [
              79.1838836,
              32.49778
            ],
            [
              79.183501,
              32.498923
            ],
            [
              79.182039,
              32.501514
            ],
            [
              79.181608,
              32.502411
            ],
            [
              79.181242,
              32.503341
            ],
            [
              79.181973,
              32.503573
            ],
            [
              79.182969,
              32.504537
            ],
            [
              79.183169,
              32.505068
            ],
            [
              79.183269,
              32.505566
            ],
            [
              79.183124,
              32.507095
            ],
            [
              79.183113,
              32.508157
            ],
            [
              79.182674,
              32.509115
            ],
            [
              79.182605,
              32.510211
            ],
            [
              79.182709,
              32.510799
            ],
            [
              79.183401,
              32.512046
            ],
            [
              79.183782,
              32.512519
            ],
            [
              79.184059,
              32.51268
            ],
            [
              79.185155,
              32.513084
            ],
            [
              79.187521,
              32.514423
            ],
            [
              79.188029,
              32.514896
            ],
            [
              79.188248,
              32.515415
            ],
            [
              79.188294,
              32.515877
            ],
            [
              79.189852,
              32.515692
            ],
            [
              79.19456,
              32.514538
            ],
            [
              79.196683,
              32.5138
            ],
            [
              79.20048,
              32.514365
            ],
            [
              79.20093,
              32.5132
            ],
            [
              79.202385,
              32.511691
            ],
            [
              79.202917,
              32.511392
            ],
            [
              79.203308,
              32.51092
            ],
            [
              79.204504,
              32.510322
            ],
            [
              79.207128,
              32.509924
            ],
            [
              79.208756,
              32.510422
            ],
            [
              79.210517,
              32.511086
            ],
            [
              79.211115,
              32.511418
            ],
            [
              79.215134,
              32.510488
            ],
            [
              79.216695,
              32.50989
            ],
            [
              79.217725,
              32.509625
            ],
            [
              79.219851,
              32.509525
            ],
            [
              79.220914,
              32.509591
            ],
            [
              79.221612,
              32.509791
            ],
            [
              79.221712,
              32.51009
            ],
            [
              79.221213,
              32.513046
            ],
            [
              79.220881,
              32.514109
            ],
            [
              79.220781,
              32.515006
            ],
            [
              79.220815,
              32.516933
            ],
            [
              79.220748,
              32.520122
            ],
            [
              79.220582,
              32.521418
            ],
            [
              79.220715,
              32.522447
            ],
            [
              79.221546,
              32.523311
            ],
            [
              79.22211,
              32.524075
            ],
            [
              79.2234282,
              32.5247725
            ],
            [
              79.224502,
              32.523743
            ],
            [
              79.227293,
              32.521916
            ],
            [
              79.23181,
              32.519391
            ],
            [
              79.233671,
              32.518793
            ],
            [
              79.235365,
              32.518395
            ],
            [
              79.237225,
              32.518195
            ],
            [
              79.238521,
              32.518328
            ],
            [
              79.239384,
              32.517863
            ],
            [
              79.240481,
              32.517464
            ],
            [
              79.241743,
              32.517232
            ],
            [
              79.242939,
              32.517199
            ],
            [
              79.244434,
              32.517365
            ],
            [
              79.245298,
              32.517265
            ],
            [
              79.247357,
              32.516667
            ],
            [
              79.248154,
              32.5167
            ],
            [
              79.248321,
              32.5169
            ],
            [
              79.248819,
              32.518029
            ],
            [
              79.249583,
              32.519026
            ],
            [
              79.250048,
              32.519325
            ],
            [
              79.250513,
              32.519757
            ],
            [
              79.251344,
              32.520687
            ],
            [
              79.252573,
              32.521418
            ],
            [
              79.25224,
              32.522414
            ],
            [
              79.251676,
              32.523178
            ],
            [
              79.251211,
              32.523976
            ],
            [
              79.251011,
              32.524507
            ],
            [
              79.251178,
              32.524939
            ],
            [
              79.251211,
              32.52547
            ],
            [
              79.251078,
              32.526334
            ],
            [
              79.251111,
              32.526766
            ],
            [
              79.25151,
              32.527264
            ],
            [
              79.252008,
              32.527763
            ],
            [
              79.252705,
              32.528161
            ],
            [
              79.253636,
              32.52846
            ],
            [
              79.253536,
              32.529191
            ],
            [
              79.253735,
              32.531317
            ],
            [
              79.2543,
              32.533343
            ],
            [
              79.254832,
              32.534174
            ],
            [
              79.255695,
              32.535071
            ],
            [
              79.255994,
              32.535503
            ],
            [
              79.256193,
              32.5362
            ],
            [
              79.256958,
              32.536865
            ],
            [
              79.2578357,
              32.5375686
            ],
            [
              79.258253,
              32.537463
            ],
            [
              79.258585,
              32.53723
            ],
            [
              79.25905,
              32.536732
            ],
            [
              79.259482,
              32.5364
            ],
            [
              79.261143,
              32.536034
            ],
            [
              79.262206,
              32.536067
            ],
            [
              79.264698,
              32.536765
            ],
            [
              79.265462,
              32.53713
            ],
            [
              79.265894,
              32.537596
            ],
            [
              79.266917,
              32.538123
            ],
            [
              79.267449,
              32.538588
            ],
            [
              79.268047,
              32.539984
            ],
            [
              79.268213,
              32.541179
            ],
            [
              79.268578,
              32.542043
            ],
            [
              79.268844,
              32.544003
            ],
            [
              79.269209,
              32.545133
            ],
            [
              79.269475,
              32.545564
            ],
            [
              79.270937,
              32.546461
            ],
            [
              79.272099,
              32.547757
            ],
            [
              79.272764,
              32.548754
            ],
            [
              79.273594,
              32.550315
            ],
            [
              79.2751215,
              32.5533149
            ],
            [
              79.2760549,
              32.5559977
            ],
            [
              79.2805386,
              32.552662
            ],
            [
              79.2825247,
              32.5513253
            ],
            [
              79.2834622,
              32.550024
            ],
            [
              79.2829088,
              32.5489123
            ],
            [
              79.2824455,
              32.5473016
            ],
            [
              79.2827463,
              32.5461895
            ],
            [
              79.2861954,
              32.5440635
            ],
            [
              79.2892611,
              32.5428217
            ],
            [
              79.2923507,
              32.53942
            ],
            [
              79.293563,
              32.5394697
            ],
            [
              79.2946687,
              32.5406079
            ],
            [
              79.2986359,
              32.5427816
            ],
            [
              79.2994743,
              32.5456586
            ],
            [
              79.3034091,
              32.5482249
            ],
            [
              79.304551,
              32.5500564
            ],
            [
              79.3081771,
              32.551164
            ],
            [
              79.3083217,
              32.5572451
            ],
            [
              79.3107495,
              32.5596519
            ],
            [
              79.3147573,
              32.5586281
            ],
            [
              79.318921,
              32.5584352
            ],
            [
              79.3220959,
              32.5590286
            ],
            [
              79.3242932,
              32.5600193
            ],
            [
              79.3249975,
              32.5611613
            ],
            [
              79.3263715,
              32.563711
            ],
            [
              79.3311208,
              32.5653288
            ],
            [
              79.3327631,
              32.5628482
            ],
            [
              79.3335644,
              32.5583368
            ],
            [
              79.3359429,
              32.5570759
            ],
            [
              79.3399125,
              32.5541691
            ],
            [
              79.3394233,
              32.5523682
            ],
            [
              79.3374296,
              32.5510415
            ],
            [
              79.3344966,
              32.5497648
            ],
            [
              79.3335211,
              32.5459897
            ],
            [
              79.3338032,
              32.5426919
            ],
            [
              79.3358059,
              32.5396818
            ],
            [
              79.3391999,
              32.5376868
            ],
            [
              79.343332,
              32.5341392
            ],
            [
              79.3470104,
              32.5320891
            ],
            [
              79.3496351,
              32.5292777
            ],
            [
              79.3522626,
              32.5275372
            ],
            [
              79.3566236,
              32.52574
            ],
            [
              79.3589742,
              32.5288916
            ],
            [
              79.3615385,
              32.5319381
            ],
            [
              79.3668851,
              32.532417
            ],
            [
              79.3692068,
              32.5311714
            ],
            [
              79.3725014,
              32.5297767
            ],
            [
              79.3759788,
              32.5293181
            ],
            [
              79.3782332,
              32.5277694
            ],
            [
              79.3826995,
              32.5269405
            ],
            [
              79.3866264,
              32.5254602
            ],
            [
              79.390248,
              32.5250916
            ],
            [
              79.3923494,
              32.5244666
            ],
            [
              79.3944796,
              32.5242664
            ],
            [
              79.3973864,
              32.5257625
            ],
            [
              79.3995384,
              32.5258165
            ],
            [
              79.401611,
              32.5244485
            ],
            [
              79.4031936,
              32.5231767
            ],
            [
              79.403853,
              32.5208203
            ],
            [
              79.40536,
              32.5195479
            ],
            [
              79.4078261,
              32.5188403
            ],
            [
              79.4101069,
              32.5190682
            ],
            [
              79.4134929,
              32.520205
            ],
            [
              79.4131164,
              32.5214707
            ],
            [
              79.4132225,
              32.5234539
            ],
            [
              79.415812,
              32.5250164
            ],
            [
              79.4179724,
              32.5270191
            ],
            [
              79.4183272,
              32.5298122
            ],
            [
              79.4182689,
              32.530919
            ],
            [
              79.4177855,
              32.5335297
            ],
            [
              79.4165612,
              32.534122
            ],
            [
              79.4152868,
              32.5358423
            ],
            [
              79.4145901,
              32.5364396
            ],
            [
              79.4135942,
              32.5380911
            ],
            [
              79.4138235,
              32.538938
            ],
            [
              79.4137479,
              32.5405566
            ],
            [
              79.4147871,
              32.5422215
            ]
          ]
        ]
      },
      "id": "relation/9393690"
    },
    {
      "type": "Feature",
      "properties": {
        "@id": "relation/9424049",
        "boundary": "protected_area",
        "leisure": "nature_reserve",
        "name": "Askot Musk Deer Wildlife Sanctuary",
        "name:hi": "अस्कोट कस्तूरी मृग वन्यजीव अभयारण्य",
        "protect_class": "4",
        "type": "boundary",
        "wikidata": "Q4807241"
      },
      "geometry": {
        "type": "MultiPolygon",
        "coordinates": [
          [
            [
              [
                80.4002881,
                29.8463765
              ],
              [
                80.4013395,
                29.8451667
              ],
              [
                80.401876,
                29.8445153
              ],
              [
                80.4034853,
                29.8435661
              ],
              [
                80.4052233,
                29.8431566
              ],
              [
                80.4062104,
                29.8436405
              ],
              [
                80.4083347,
                29.8461159
              ],
              [
                80.4105878,
                29.8474001
              ],
              [
                80.41121,
                29.8480887
              ],
              [
                80.4118752,
                29.849559
              ],
              [
                80.4121113,
                29.8513084
              ],
              [
                80.4135275,
                29.855291
              ],
              [
                80.4139352,
                29.8592735
              ],
              [
                80.4145789,
                29.861339
              ],
              [
                80.4191065,
                29.8622323
              ],
              [
                80.4206514,
                29.8611344
              ],
              [
                80.4228186,
                29.8584174
              ],
              [
                80.422883,
                29.8565006
              ],
              [
                80.420587,
                29.8528903
              ],
              [
                80.4202652,
                29.8521087
              ],
              [
                80.4202008,
                29.8510665
              ],
              [
                80.4208231,
                29.8497451
              ],
              [
                80.4222822,
                29.8462462
              ],
              [
                80.4221964,
                29.84405
              ],
              [
                80.4240632,
                29.8416118
              ],
              [
                80.4255223,
                29.8405322
              ],
              [
                80.4280758,
                29.8404392
              ],
              [
                80.4291916,
                29.8392107
              ],
              [
                80.43123,
                29.8374983
              ],
              [
                80.4336118,
                29.8360279
              ],
              [
                80.4353928,
                29.8343713
              ],
              [
                80.4365086,
                29.8375914
              ],
              [
                80.4380321,
                29.8415373
              ],
              [
                80.438075,
                29.8468604
              ],
              [
                80.4393625,
                29.8482562
              ],
              [
                80.4418087,
                29.8487401
              ],
              [
                80.4433751,
                29.8496893
              ],
              [
                80.447216,
                29.8522389
              ],
              [
                80.4481602,
                29.8528717
              ],
              [
                80.4518938,
                29.8537464
              ],
              [
                80.4533744,
                29.8533928
              ],
              [
                80.4535031,
                29.8506384
              ],
              [
                80.4571509,
                29.8499684
              ],
              [
                80.4599833,
                29.8487215
              ],
              [
                80.4635238,
                29.8502662
              ],
              [
                80.4642963,
                29.8506198
              ],
              [
                80.4651546,
                29.8513828
              ],
              [
                80.4676437,
                29.8564262
              ],
              [
                80.4692316,
                29.8598131
              ],
              [
                80.4703259,
                29.860483
              ],
              [
                80.473566,
                29.8628463
              ],
              [
                80.4764199,
                29.8666796
              ],
              [
                80.477128,
                29.8690428
              ],
              [
                80.476613,
                29.8724293
              ],
              [
                80.4758405,
                29.8746249
              ],
              [
                80.4739523,
                29.877639
              ],
              [
                80.4747247,
                29.8816578
              ],
              [
                80.4797458,
                29.8902902
              ],
              [
                80.4807329,
                29.8943084
              ],
              [
                80.4838657,
                29.8986985
              ],
              [
                80.4901743,
                29.9043533
              ],
              [
                80.4939508,
                29.9061018
              ],
              [
                80.4979419,
                29.9077759
              ],
              [
                80.4996585,
                29.9149181
              ],
              [
                80.5091429,
                29.9259837
              ],
              [
                80.5116105,
                29.9271553
              ],
              [
                80.5137348,
                29.930391
              ],
              [
                80.5130052,
                29.9315253
              ],
              [
                80.5127048,
                29.934575
              ],
              [
                80.5129623,
                29.9351328
              ],
              [
                80.5134558,
                29.9356535
              ],
              [
                80.5148506,
                29.9363601
              ],
              [
                80.5168462,
                29.9365832
              ],
              [
                80.5172968,
                29.9369737
              ],
              [
                80.517683,
                29.9377175
              ],
              [
                80.5194211,
                29.9391307
              ],
              [
                80.5209231,
                29.9398931
              ],
              [
                80.5251503,
                29.9408971
              ],
              [
                80.5299353,
                29.9412318
              ],
              [
                80.53442,
                29.9416781
              ],
              [
                80.5425095,
                29.9429982
              ],
              [
                80.552938,
                29.9440395
              ],
              [
                80.5598259,
                29.9457686
              ],
              [
                80.5631304,
                29.9460289
              ],
              [
                80.5702543,
                29.945341
              ],
              [
                80.5722713,
                29.9495058
              ],
              [
                80.5700826,
                29.9549346
              ],
              [
                80.5691814,
                29.9614413
              ],
              [
                80.5663919,
                29.9639324
              ],
              [
                80.561285,
                29.9654939
              ],
              [
                80.5587959,
                29.9666464
              ],
              [
                80.5542039,
                29.969063
              ],
              [
                80.5534315,
                29.9695091
              ],
              [
                80.5517578,
                29.9747881
              ],
              [
                80.5509853,
                29.9778365
              ],
              [
                80.5503845,
                29.9806245
              ],
              [
                80.5516076,
                29.9838352
              ],
              [
                80.5514144,
                29.9873526
              ],
              [
                80.5493545,
                29.9899544
              ],
              [
                80.5505132,
                29.9904005
              ],
              [
                80.5516076,
                29.9913483
              ],
              [
                80.5520582,
                29.9928536
              ],
              [
                80.5505132,
                29.994935
              ],
              [
                80.5505347,
                29.9974067
              ],
              [
                80.5511999,
                29.9996366
              ],
              [
                80.5540752,
                30.0027028
              ],
              [
                80.5568862,
                30.0065307
              ],
              [
                80.5613279,
                30.0103956
              ],
              [
                80.5632591,
                30.012551
              ],
              [
                80.5674219,
                30.0170474
              ],
              [
                80.571413,
                30.0229555
              ],
              [
                80.5742883,
                30.0252221
              ],
              [
                80.5782365,
                30.0236244
              ],
              [
                80.5770778,
                30.0193512
              ],
              [
                80.5771207,
                30.0174933
              ],
              [
                80.5774211,
                30.0153009
              ],
              [
                80.5785369,
                30.013703
              ],
              [
                80.5807685,
                30.0117706
              ],
              [
                80.5814552,
                30.0094666
              ],
              [
                80.5783224,
                30.0080915
              ],
              [
                80.579009,
                30.007274
              ],
              [
                80.5807685,
                30.006605
              ],
              [
                80.5842876,
                30.0045982
              ],
              [
                80.5873775,
                30.0027771
              ],
              [
                80.5908107,
                30.0011047
              ],
              [
                80.5950594,
                30.0001384
              ],
              [
                80.6064319,
                29.9983544
              ],
              [
                80.6143283,
                29.9986146
              ],
              [
                80.6205725,
                29.9986285
              ],
              [
                80.6196069,
                30.0026285
              ],
              [
                80.6213235,
                30.0087233
              ],
              [
                80.6245851,
                30.0115848
              ],
              [
                80.6272459,
                30.0122537
              ],
              [
                80.6305933,
                30.0134057
              ],
              [
                80.633254,
                30.0151151
              ],
              [
                80.6360864,
                30.0160441
              ],
              [
                80.639348,
                30.0162299
              ],
              [
                80.6410217,
                30.0159326
              ],
              [
                80.6422233,
                30.0143347
              ],
              [
                80.6418371,
                30.0109902
              ],
              [
                80.6424808,
                30.0091693
              ],
              [
                80.6432533,
                30.0036691
              ],
              [
                80.6407642,
                30.0031116
              ],
              [
                80.6389617,
                30.0025913
              ],
              [
                80.6374597,
                30.0005844
              ],
              [
                80.6377601,
                29.9990235
              ],
              [
                80.6456565,
                29.9980571
              ],
              [
                80.6614494,
                30.0067908
              ],
              [
                80.6642389,
                30.0082774
              ],
              [
                80.6663847,
                30.0106929
              ],
              [
                80.6729507,
                30.0117706
              ],
              [
                80.6758689,
                30.0113618
              ],
              [
                80.677371,
                30.0060847
              ],
              [
                80.6779718,
                30.0051185
              ],
              [
                80.6805896,
                30.0056016
              ],
              [
                80.6858682,
                30.0081659
              ],
              [
                80.6907177,
                30.0060476
              ],
              [
                80.6932497,
                30.0067165
              ],
              [
                80.7003307,
                30.0075713
              ],
              [
                80.7125401,
                30.0033903
              ],
              [
                80.7132697,
                30.0048212
              ],
              [
                80.7145357,
                30.0064378
              ],
              [
                80.7153725,
                30.0083331
              ],
              [
                80.7182264,
                30.0081844
              ],
              [
                80.7196212,
                30.0066979
              ],
              [
                80.7205653,
                30.0050627
              ],
              [
                80.7209515,
                30.0027585
              ],
              [
                80.7224536,
                30.0029072
              ],
              [
                80.7282471,
                30.0032974
              ],
              [
                80.7313585,
                30.0029258
              ],
              [
                80.7355642,
                30.0021825
              ],
              [
                80.7378816,
                30.0024426
              ],
              [
                80.745542,
                30.0055644
              ],
              [
                80.7475376,
                30.0080544
              ],
              [
                80.7489645,
                30.0098474
              ],
              [
                80.7502091,
                30.0120214
              ],
              [
                80.7519257,
                30.0156446
              ],
              [
                80.7531595,
                30.0186823
              ],
              [
                80.7546615,
                30.02172
              ],
              [
                80.7558739,
                30.0230763
              ],
              [
                80.7571185,
                30.0239495
              ],
              [
                80.7573652,
                30.0273864
              ],
              [
                80.7565606,
                30.0284082
              ],
              [
                80.7547903,
                30.030944
              ],
              [
                80.7550049,
                30.0323558
              ],
              [
                80.7553911,
                30.0339163
              ],
              [
                80.7555306,
                30.0352909
              ],
              [
                80.7554018,
                30.0365355
              ],
              [
                80.7552838,
                30.0383188
              ],
              [
                80.7551551,
                30.0392197
              ],
              [
                80.7556593,
                30.0400649
              ],
              [
                80.7570219,
                30.0412909
              ],
              [
                80.758127,
                30.0423032
              ],
              [
                80.7586312,
                30.0435106
              ],
              [
                80.7578802,
                30.0447272
              ],
              [
                80.7585668,
                30.0456281
              ],
              [
                80.7591569,
                30.0467332
              ],
              [
                80.7602513,
                30.0487671
              ],
              [
                80.7608628,
                30.0497701
              ],
              [
                80.7638132,
                30.0512931
              ],
              [
                80.7662701,
                30.0523982
              ],
              [
                80.7693386,
                30.0535404
              ],
              [
                80.7721817,
                30.0543576
              ],
              [
                80.7756042,
                30.0547755
              ],
              [
                80.777235,
                30.0556763
              ],
              [
                80.7794881,
                30.0573478
              ],
              [
                80.7804751,
                30.0592143
              ],
              [
                80.7822025,
                30.06109
              ],
              [
                80.7836294,
                30.0628543
              ],
              [
                80.7844019,
                30.0645164
              ],
              [
                80.7861829,
                30.0671905
              ],
              [
                80.7878244,
                30.0686297
              ],
              [
                80.7885647,
                30.0702639
              ],
              [
                80.7885003,
                30.071573
              ],
              [
                80.7891333,
                30.07304
              ],
              [
                80.7896805,
                30.0738013
              ],
              [
                80.7912362,
                30.0736481
              ],
              [
                80.792191,
                30.0746973
              ],
              [
                80.7935482,
                30.0762246
              ],
              [
                80.7942617,
                30.0775058
              ],
              [
                80.7953131,
                30.078476
              ],
              [
                80.796445,
                30.0795436
              ],
              [
                80.7965523,
                30.0800311
              ],
              [
                80.7969707,
                30.0804256
              ],
              [
                80.7974803,
                30.0805742
              ],
              [
                80.7981402,
                30.0806577
              ],
              [
                80.7990092,
                30.0810801
              ],
              [
                80.7992828,
                30.0818368
              ],
              [
                80.8004683,
                30.0837399
              ],
              [
                80.8008814,
                30.0848911
              ],
              [
                80.8012837,
                30.0856059
              ],
              [
                80.8020294,
                30.0863811
              ],
              [
                80.8032417,
                30.0876111
              ],
              [
                80.8045667,
                30.088869
              ],
              [
                80.8048618,
                30.0894538
              ],
              [
                80.8054948,
                30.0899876
              ],
              [
                80.8061653,
                30.0901593
              ],
              [
                80.8078819,
                30.0905492
              ],
              [
                80.8086115,
                30.0907674
              ],
              [
                80.809266,
                30.0911294
              ],
              [
                80.810827,
                30.0923222
              ],
              [
                80.8112186,
                30.0926425
              ],
              [
                80.8121467,
                30.0928003
              ],
              [
                80.8131391,
                30.0929372
              ],
              [
                80.8135521,
                30.093044
              ],
              [
                80.8137801,
                30.0933201
              ],
              [
                80.8139116,
                30.0940117
              ],
              [
                80.8137774,
                30.094875
              ],
              [
                80.8143461,
                30.0958775
              ],
              [
                80.8146334,
                30.0960277
              ],
              [
                80.8154853,
                30.0964732
              ],
              [
                80.8158106,
                30.0966433
              ],
              [
                80.8167118,
                30.0971863
              ],
              [
                80.8178115,
                30.0970842
              ],
              [
                80.8182192,
                30.0969914
              ],
              [
                80.8201932,
                30.1065982
              ],
              [
                80.8190774,
                30.1100879
              ],
              [
                80.8180904,
                30.1117585
              ],
              [
                80.8171033,
                30.1164731
              ],
              [
                80.8170175,
                30.1189232
              ],
              [
                80.8183908,
                30.1246025
              ],
              [
                80.8194637,
                30.1296877
              ],
              [
                80.8226394,
                30.1350695
              ],
              [
                80.8245277,
                30.1402655
              ],
              [
                80.8260297,
                30.1454612
              ],
              [
                80.8218241,
                30.1458138
              ],
              [
                80.820601,
                30.1464075
              ],
              [
                80.8189273,
                30.1472982
              ],
              [
                80.8173823,
                30.1479105
              ],
              [
                80.8156013,
                30.1480775
              ],
              [
                80.8144212,
                30.1478177
              ],
              [
                80.8121037,
                30.147558
              ],
              [
                80.8055484,
                30.1489032
              ],
              [
                80.7921695,
                30.1567053
              ],
              [
                80.786848,
                30.1579298
              ],
              [
                80.7776212,
                30.1603788
              ],
              [
                80.7738876,
                30.1565568
              ],
              [
                80.7688236,
                30.1535511
              ],
              [
                80.7651329,
                30.1522152
              ],
              [
                80.7612705,
                30.1522152
              ],
              [
                80.7520008,
                30.1554065
              ],
              [
                80.7460355,
                30.1558518
              ],
              [
                80.7401561,
                30.1562971
              ],
              [
                80.7369804,
                30.1557776
              ],
              [
                80.7329893,
                30.1549612
              ],
              [
                80.7294273,
                30.1540706
              ],
              [
                80.7268524,
                30.1499145
              ],
              [
                80.72402,
                30.1465374
              ],
              [
                80.7215309,
                30.1426778
              ],
              [
                80.7205438,
                30.1400057
              ],
              [
                80.720458,
                30.1380387
              ],
              [
                80.7207155,
                30.1360345
              ],
              [
                80.7207155,
                30.1341417
              ],
              [
                80.7172823,
                30.1309868
              ],
              [
                80.7140636,
                30.1297619
              ],
              [
                80.7109308,
                30.1285742
              ],
              [
                80.7077121,
                30.1266441
              ],
              [
                80.7053947,
                30.1246768
              ],
              [
                80.7039356,
                30.1241942
              ],
              [
                80.7014036,
                30.1239715
              ],
              [
                80.689516,
                30.1209648
              ],
              [
                80.6858682,
                30.1206678
              ],
              [
                80.6779288,
                30.1177353
              ],
              [
                80.6688308,
                30.1144686
              ],
              [
                80.6523513,
                30.1066725
              ],
              [
                80.6423521,
                30.0981703
              ],
              [
                80.6353998,
                30.0909298
              ],
              [
                80.6296491,
                30.0838746
              ],
              [
                80.6284904,
                30.0811266
              ],
              [
                80.6271171,
                30.0734764
              ],
              [
                80.6244564,
                30.0695397
              ],
              [
                80.6206369,
                30.0662713
              ],
              [
                80.6164741,
                30.06304
              ],
              [
                80.6137834,
                30.0618866
              ],
              [
                80.6114959,
                30.0607743
              ],
              [
                80.6091356,
                30.0605515
              ],
              [
                80.606389,
                30.0611086
              ],
              [
                80.6031274,
                30.0639314
              ],
              [
                80.6007671,
                30.0648228
              ],
              [
                80.5983638,
                30.0654542
              ],
              [
                80.5918407,
                30.0648971
              ],
              [
                80.5858326,
                30.0620372
              ],
              [
                80.5826139,
                30.0631143
              ],
              [
                80.5777216,
                30.0637829
              ],
              [
                80.5740121,
                30.06382
              ],
              [
                80.5694389,
                30.06382
              ],
              [
                80.5676364,
                30.06512
              ],
              [
                80.5642461,
                30.0671627
              ],
              [
                80.5613065,
                30.0690011
              ],
              [
                80.5618429,
                30.0708767
              ],
              [
                80.5630016,
                30.0730307
              ],
              [
                80.564096,
                30.0747948
              ],
              [
                80.5648255,
                30.0765402
              ],
              [
                80.5666709,
                30.0789541
              ],
              [
                80.5672288,
                30.0807924
              ],
              [
                80.5672717,
                30.0825191
              ],
              [
                80.5676579,
                30.0840788
              ],
              [
                80.5691385,
                30.0865853
              ],
              [
                80.5707264,
                30.0892217
              ],
              [
                80.5726576,
                30.0921923
              ],
              [
                80.5739879,
                30.0941231
              ],
              [
                80.5744815,
                30.096388
              ],
              [
                80.5754685,
                30.098523
              ],
              [
                80.5748462,
                30.1096425
              ],
              [
                80.5707263,
                30.1154337
              ],
              [
                80.5654906,
                30.1213732
              ],
              [
                80.5599975,
                30.1261987
              ],
              [
                80.5568217,
                30.1280546
              ],
              [
                80.554161,
                30.1325828
              ],
              [
                80.5524444,
                30.1336963
              ],
              [
                80.5425738,
                30.1411934
              ],
              [
                80.5388831,
                30.1453499
              ],
              [
                80.5346774,
                30.1465375
              ],
              [
                80.5304717,
                30.1452757
              ],
              [
                80.5275535,
                30.1429748
              ],
              [
                80.5254077,
                30.1409707
              ],
              [
                80.5167818,
                30.1381129
              ],
              [
                80.5106449,
                30.1364057
              ],
              [
                80.5079412,
                30.1360716
              ],
              [
                80.5044221,
                30.1358861
              ],
              [
                80.5003881,
                30.1368139
              ],
              [
                80.4962682,
                30.1383356
              ],
              [
                80.4904747,
                30.1408964
              ],
              [
                80.4812479,
                30.1458323
              ],
              [
                80.4791879,
                30.1455354
              ],
              [
                80.4760766,
                30.1418985
              ],
              [
                80.4725575,
                30.1367954
              ],
              [
                80.4704118,
                30.1335478
              ],
              [
                80.4697466,
                30.1325642
              ],
              [
                80.4703474,
                30.1316178
              ],
              [
                80.4724073,
                30.1285371
              ],
              [
                80.4745531,
                30.1264956
              ],
              [
                80.4757976,
                30.1235632
              ],
              [
                80.4764413,
                30.1218186
              ],
              [
                80.4784154,
                30.1203709
              ],
              [
                80.4799175,
                30.1202224
              ],
              [
                80.4851532,
                30.1194429
              ],
              [
                80.486226,
                30.1170671
              ],
              [
                80.4868358,
                30.1145497
              ],
              [
                80.4878976,
                30.1129614
              ],
              [
                80.4898309,
                30.1089742
              ],
              [
                80.4885864,
                30.1057814
              ],
              [
                80.4874277,
                30.1016974
              ],
              [
                80.4875564,
                30.0988757
              ],
              [
                80.4867839,
                30.0954969
              ],
              [
                80.4895305,
                30.0926007
              ],
              [
                80.4898738,
                30.09041
              ],
              [
                80.488286,
                30.0881078
              ],
              [
                80.4861402,
                30.0852114
              ],
              [
                80.4823207,
                30.0813123
              ],
              [
                80.4816341,
                30.074702
              ],
              [
                80.4755401,
                30.0693911
              ],
              [
                80.4733085,
                30.0669399
              ],
              [
                80.472579,
                30.0656028
              ],
              [
                80.4724073,
                30.0632257
              ],
              [
                80.4732656,
                30.0617029
              ],
              [
                80.4736518,
                30.05992
              ],
              [
                80.4742956,
                30.0583971
              ],
              [
                80.4749393,
                30.0569114
              ],
              [
                80.4772138,
                30.0518596
              ],
              [
                80.4776001,
                30.0485907
              ],
              [
                80.4783082,
                30.0460832
              ],
              [
                80.4765057,
                30.0440771
              ],
              [
                80.4761624,
                30.0425726
              ],
              [
                80.4762482,
                30.0413095
              ],
              [
                80.4779863,
                30.0388761
              ],
              [
                80.4805183,
                30.0363684
              ],
              [
                80.4809904,
                30.0327274
              ],
              [
                80.4793596,
                30.0292349
              ],
              [
                80.4779005,
                30.0277115
              ],
              [
                80.4769992,
                30.0268941
              ],
              [
                80.4741668,
                30.0252964
              ],
              [
                80.472536,
                30.0240702
              ],
              [
                80.4718923,
                30.0227697
              ],
              [
                80.4716777,
                30.0214692
              ],
              [
                80.472064,
                30.0201687
              ],
              [
                80.472579,
                30.0181993
              ],
              [
                80.4721498,
                30.0141489
              ],
              [
                80.4729223,
                30.0108415
              ],
              [
                80.4711628,
                30.0092807
              ],
              [
                80.4730939,
                30.0060476
              ],
              [
                80.4753685,
                30.0027771
              ],
              [
                80.4761838,
                30.0002499
              ],
              [
                80.4764413,
                29.9974624
              ],
              [
                80.475111,
                29.9951952
              ],
              [
                80.4733944,
                29.9937085
              ],
              [
                80.4715919,
                29.9902147
              ],
              [
                80.4708194,
                29.987873
              ],
              [
                80.4703044,
                29.9860144
              ],
              [
                80.4691886,
                29.9842302
              ],
              [
                80.4675579,
                29.9836726
              ],
              [
                80.465455,
                29.9830779
              ],
              [
                80.4633951,
                29.9820742
              ],
              [
                80.4609918,
                29.980736
              ],
              [
                80.4591465,
                29.9789517
              ],
              [
                80.4566145,
                29.9748997
              ],
              [
                80.4536962,
                29.9730409
              ],
              [
                80.4515075,
                29.9729665
              ],
              [
                80.4470872,
                29.9725204
              ],
              [
                80.4451561,
                29.971368
              ],
              [
                80.4439973,
                29.9701039
              ],
              [
                80.4402637,
                29.9673528
              ],
              [
                80.4381179,
                29.9654567
              ],
              [
                80.4370451,
                29.9642298
              ],
              [
                80.4351139,
                29.9601028
              ],
              [
                80.4331827,
                29.9587271
              ],
              [
                80.4280757,
                29.9570168
              ],
              [
                80.4256296,
                29.9581322
              ],
              [
                80.4212093,
                29.9593592
              ],
              [
                80.4183769,
                29.9602144
              ],
              [
                80.4161453,
                29.9604003
              ],
              [
                80.4138279,
                29.9592105
              ],
              [
                80.4116392,
                29.9579092
              ],
              [
                80.409193,
                29.9566078
              ],
              [
                80.4070472,
                29.9542653
              ],
              [
                80.4047727,
                29.9526292
              ],
              [
                80.4029703,
                29.9513278
              ],
              [
                80.4009103,
                29.9498776
              ],
              [
                80.3975629,
                29.9476093
              ],
              [
                80.3951597,
                29.9457872
              ],
              [
                80.3930997,
                29.9446345
              ],
              [
                80.3912973,
                29.9439651
              ],
              [
                80.388422,
                29.9429982
              ],
              [
                80.3844523,
                29.9409715
              ],
              [
                80.3809869,
                29.9389075
              ],
              [
                80.3736806,
                29.9419384
              ],
              [
                80.371964,
                29.943054
              ],
              [
                80.3692603,
                29.9462892
              ],
              [
                80.367372,
                29.9481113
              ],
              [
                80.366857,
                29.9490409
              ],
              [
                80.3655481,
                29.9500449
              ],
              [
                80.3639173,
                29.9512534
              ],
              [
                80.3623724,
                29.9523875
              ],
              [
                80.3602266,
                29.9529081
              ],
              [
                80.3593254,
                29.9533171
              ],
              [
                80.356493,
                29.9546185
              ],
              [
                80.3540468,
                29.9557898
              ],
              [
                80.3507209,
                29.9567565
              ],
              [
                80.3489613,
                29.957779
              ],
              [
                80.3481245,
                29.9583739
              ],
              [
                80.3470087,
                29.9597682
              ],
              [
                80.3463864,
                29.9640253
              ],
              [
                80.3454852,
                29.9660701
              ],
              [
                80.3418588,
                29.9698437
              ],
              [
                80.3340053,
                29.9730781
              ],
              [
                80.3284263,
                29.9727435
              ],
              [
                80.3239631,
                29.9729294
              ],
              [
                80.3180408,
                29.9717769
              ],
              [
                80.3143072,
                29.9703642
              ],
              [
                80.3137922,
                29.9674643
              ],
              [
                80.3135776,
                29.9650106
              ],
              [
                80.3115392,
                29.9637836
              ],
              [
                80.3104019,
                29.9617945
              ],
              [
                80.308299,
                29.959824
              ],
              [
                80.3069901,
                29.958504
              ],
              [
                80.3057456,
                29.9573328
              ],
              [
                80.3056168,
                29.9563289
              ],
              [
                80.3057027,
                29.9531312
              ],
              [
                80.3058743,
                29.9511791
              ],
              [
                80.3085136,
                29.9494314
              ],
              [
                80.3136205,
                29.9500635
              ],
              [
                80.3180408,
                29.9497661
              ],
              [
                80.323019,
                29.9487621
              ],
              [
                80.3256368,
                29.9473119
              ],
              [
                80.3275251,
                29.9460847
              ],
              [
                80.3332758,
                29.9434817
              ],
              [
                80.3380394,
                29.9402464
              ],
              [
                80.3438329,
                29.9379779
              ],
              [
                80.3484249,
                29.9356721
              ],
              [
                80.3507423,
                29.9332919
              ],
              [
                80.351901,
                29.9319531
              ],
              [
                80.3529739,
                29.929424
              ],
              [
                80.353446,
                29.9258907
              ],
              [
                80.353446,
                29.9231755
              ],
              [
                80.3537464,
                29.9191585
              ],
              [
                80.3507423,
                29.91927
              ],
              [
                80.3480601,
                29.9181169
              ],
              [
                80.3467726,
                29.9175776
              ],
              [
                80.3454208,
                29.9171684
              ],
              [
                80.3444123,
                29.9168894
              ],
              [
                80.3434467,
                29.9167965
              ],
              [
                80.3418803,
                29.9168708
              ],
              [
                80.340389,
                29.9182099
              ],
              [
                80.337975,
                29.920079
              ],
              [
                80.3364193,
                29.9211949
              ],
              [
                80.3349602,
                29.921976
              ],
              [
                80.3338015,
                29.9230453
              ],
              [
                80.3320312,
                29.9241705
              ],
              [
                80.3293598,
                29.9248864
              ],
              [
                80.3271711,
                29.9250352
              ],
              [
                80.3252613,
                29.9250538
              ],
              [
                80.3241348,
                29.9248771
              ],
              [
                80.3217422,
                29.9252956
              ],
              [
                80.3199291,
                29.9255187
              ],
              [
                80.3200578,
                29.9293496
              ],
              [
                80.3134489,
                29.9318601
              ],
              [
                80.3055739,
                29.9291079
              ],
              [
                80.3069043,
                29.9257233
              ],
              [
                80.3094792,
                29.9225804
              ],
              [
                80.3158092,
                29.9214924
              ],
              [
                80.3209054,
                29.9205626
              ],
              [
                80.3242206,
                29.9217063
              ],
              [
                80.3268385,
                29.9210368
              ],
              [
                80.3284049,
                29.9202371
              ],
              [
                80.3284478,
                29.9189353
              ],
              [
                80.3291988,
                29.9182657
              ],
              [
                80.3299498,
                29.9180611
              ],
              [
                80.3331041,
                29.9157177
              ],
              [
                80.335443,
                29.9138393
              ],
              [
                80.3374386,
                29.9119979
              ],
              [
                80.3393698,
                29.910417
              ],
              [
                80.3432107,
                29.9084082
              ],
              [
                80.3468585,
                29.9062692
              ],
              [
                80.3489613,
                29.9049857
              ],
              [
                80.3550124,
                29.901805
              ],
              [
                80.3566003,
                29.9006145
              ],
              [
                80.3590679,
                29.8978242
              ],
              [
                80.3591752,
                29.8937503
              ],
              [
                80.3600764,
                29.8927644
              ],
              [
                80.3607845,
                29.89189
              ],
              [
                80.3611493,
                29.8911087
              ],
              [
                80.3610205,
                29.8900855
              ],
              [
                80.3609562,
                29.88936
              ],
              [
                80.3614497,
                29.8888019
              ],
              [
                80.3617072,
                29.8880763
              ],
              [
                80.3609562,
                29.886495
              ],
              [
                80.3587675,
                29.8859182
              ],
              [
                80.3598833,
                29.884802
              ],
              [
                80.360012,
                29.8828113
              ],
              [
                80.361557,
                29.8814531
              ],
              [
                80.362544,
                29.8807833
              ],
              [
                80.3668785,
                29.87816
              ],
              [
                80.3658271,
                29.8765599
              ],
              [
                80.363574,
                29.8752761
              ],
              [
                80.3623724,
                29.8746062
              ],
              [
                80.3606772,
                29.8741969
              ],
              [
                80.3617286,
                29.8715734
              ],
              [
                80.3617286,
                29.8702709
              ],
              [
                80.3615355,
                29.8697313
              ],
              [
                80.3603768,
                29.8688939
              ],
              [
                80.3590464,
                29.8688381
              ],
              [
                80.3581881,
                29.8692661
              ],
              [
                80.3564071,
                29.8702895
              ],
              [
                80.3537035,
                29.8720944
              ],
              [
                80.352695,
                29.8732294
              ],
              [
                80.3525233,
                29.8736201
              ],
              [
                80.3535104,
                29.8749039
              ],
              [
                80.3549266,
                29.8755552
              ],
              [
                80.355742,
                29.8763366
              ],
              [
                80.3557849,
                29.8770995
              ],
              [
                80.3554201,
                29.8778995
              ],
              [
                80.354712,
                29.8788298
              ],
              [
                80.354712,
                29.8808392
              ],
              [
                80.3529954,
                29.8822531
              ],
              [
                80.3514504,
                29.882309
              ],
              [
                80.3488326,
                29.8812671
              ],
              [
                80.3435219,
                29.8809787
              ],
              [
                80.342642,
                29.8825415
              ],
              [
                80.3439725,
                29.8856206
              ],
              [
                80.3440475,
                29.8866996
              ],
              [
                80.3427171,
                29.8878159
              ],
              [
                80.3413439,
                29.8881507
              ],
              [
                80.3380394,
                29.8882251
              ],
              [
                80.3366661,
                29.8891181
              ],
              [
                80.3360653,
                29.8918342
              ],
              [
                80.3362798,
                29.8946804
              ],
              [
                80.3355717,
                29.8967453
              ],
              [
                80.333941,
                29.9004099
              ],
              [
                80.3315162,
                29.902921
              ],
              [
                80.3294134,
                29.9048555
              ],
              [
                80.3279543,
                29.9070318
              ],
              [
                80.3267741,
                29.9083896
              ],
              [
                80.3251004,
                29.9090034
              ],
              [
                80.3227186,
                29.9088732
              ],
              [
                80.3212166,
                29.9086128
              ],
              [
                80.3204226,
                29.908185
              ],
              [
                80.3181696,
                29.9065296
              ],
              [
                80.3175258,
                29.9052647
              ],
              [
                80.3184271,
                29.9039813
              ],
              [
                80.3184056,
                29.901991
              ],
              [
                80.3184914,
                29.9008563
              ],
              [
                80.3191781,
                29.89961
              ],
              [
                80.3198862,
                29.8987915
              ],
              [
                80.3209162,
                29.8959268
              ],
              [
                80.3225255,
                29.8926899
              ],
              [
                80.3234482,
                29.890904
              ],
              [
                80.3244781,
                29.8900483
              ],
              [
                80.3256798,
                29.8900483
              ],
              [
                80.3281259,
                29.8880577
              ],
              [
                80.3308296,
                29.8861973
              ],
              [
                80.3340912,
                29.8846718
              ],
              [
                80.3350782,
                29.8821043
              ],
              [
                80.3350782,
                29.8799275
              ],
              [
                80.3340697,
                29.8794252
              ],
              [
                80.335443,
                29.8784205
              ],
              [
                80.3352713,
                29.8773972
              ],
              [
                80.3353143,
                29.8767273
              ],
              [
                80.3356576,
                29.8755179
              ],
              [
                80.3361511,
                29.874569
              ],
              [
                80.3363228,
                29.8735271
              ],
              [
                80.3371382,
                29.8728944
              ],
              [
                80.3388119,
                29.8729875
              ],
              [
                80.3418374,
                29.8726153
              ],
              [
                80.342288,
                29.871257
              ],
              [
                80.3428244,
                29.869601
              ],
              [
                80.3448844,
                29.8700848
              ],
              [
                80.3467083,
                29.8693963
              ],
              [
                80.3472447,
                29.8686706
              ],
              [
                80.346837,
                29.8674053
              ],
              [
                80.3488111,
                29.8646886
              ],
              [
                80.3505492,
                29.8615996
              ],
              [
                80.3508711,
                29.8600923
              ],
              [
                80.3511929,
                29.8593107
              ],
              [
                80.3515148,
                29.8584733
              ],
              [
                80.3523302,
                29.8575614
              ],
              [
                80.3535104,
                29.8577847
              ],
              [
                80.3551626,
                29.8581383
              ],
              [
                80.3569865,
                29.8577103
              ],
              [
                80.3602052,
                29.8568914
              ],
              [
                80.3627372,
                29.8552352
              ],
              [
                80.3631019,
                29.8532811
              ],
              [
                80.3641104,
                29.8514201
              ],
              [
                80.3649044,
                29.8503593
              ],
              [
                80.3657198,
                29.8489634
              ],
              [
                80.3668356,
                29.8484795
              ],
              [
                80.3684664,
                29.8486843
              ],
              [
                80.3695178,
                29.8483493
              ],
              [
                80.369668,
                29.8475304
              ],
              [
                80.3699469,
                29.8469906
              ],
              [
                80.3704834,
                29.846544
              ],
              [
                80.3713631,
                29.8461717
              ],
              [
                80.371921,
                29.8458181
              ],
              [
                80.3728652,
                29.8455948
              ],
              [
                80.3745818,
                29.8455948
              ],
              [
                80.3759551,
                29.8463206
              ],
              [
                80.3771138,
                29.8470837
              ],
              [
                80.3780365,
                29.8481259
              ],
              [
                80.3787446,
                29.8489076
              ],
              [
                80.3799462,
                29.8497823
              ],
              [
                80.3812337,
                29.8504337
              ],
              [
                80.3825855,
                29.851569
              ],
              [
                80.3857398,
                29.851569
              ],
              [
                80.3891086,
                29.8502476
              ],
              [
                80.3904819,
                29.8499126
              ],
              [
                80.3926062,
                29.8505268
              ],
              [
                80.3942585,
                29.8505826
              ],
              [
                80.3970694,
                29.8503593
              ],
              [
                80.3988075,
                29.8507501
              ],
              [
                80.4002881,
                29.8503779
              ],
              [
                80.401833,
                29.8498195
              ],
              [
                80.401833,
                29.8480887
              ],
              [
                80.4004383,
                29.8474373
              ],
              [
                80.4002881,
                29.8463765
              ]
            ]
          ],
          [
            [
              [
                80.2989435,
                29.9326597
              ],
              [
                80.2989435,
                29.9333849
              ],
              [
                80.297699,
                29.9339613
              ],
              [
                80.2960467,
                29.9330874
              ],
              [
                80.2937293,
                29.9324365
              ],
              [
                80.2925706,
                29.9319716
              ],
              [
                80.2916693,
                29.9316183
              ],
              [
                80.2906394,
                29.9299633
              ],
              [
                80.2891373,
                29.9288103
              ],
              [
                80.2882361,
                29.9281409
              ],
              [
                80.2873778,
                29.9281409
              ],
              [
                80.2863049,
                29.9281781
              ],
              [
                80.2854037,
                29.9283082
              ],
              [
                80.2846741,
                29.9287917
              ],
              [
                80.284009,
                29.9294798
              ],
              [
                80.2830648,
                29.9300749
              ],
              [
                80.2821636,
                29.9301678
              ],
              [
                80.281949,
                29.9296658
              ],
              [
                80.2822709,
                29.9290335
              ],
              [
                80.2831936,
                29.9285314
              ],
              [
                80.283966,
                29.9278247
              ],
              [
                80.2845883,
                29.9269879
              ],
              [
                80.2853393,
                29.9261324
              ],
              [
                80.286026,
                29.9256117
              ],
              [
                80.2864551,
                29.9255187
              ],
              [
                80.287292,
                29.9257977
              ],
              [
                80.29006,
                29.9258535
              ],
              [
                80.2907681,
                29.9247935
              ],
              [
                80.290811,
                29.9241798
              ],
              [
                80.2895236,
                29.9233429
              ],
              [
                80.2877641,
                29.9206835
              ],
              [
                80.2852535,
                29.9187121
              ],
              [
                80.283494,
                29.9163873
              ],
              [
                80.2825069,
                29.9152342
              ],
              [
                80.2820992,
                29.91436
              ],
              [
                80.2762842,
                29.9148808
              ],
              [
                80.2749538,
                29.9165175
              ],
              [
                80.2726364,
                29.9177078
              ],
              [
                80.2691602,
                29.9204603
              ],
              [
                80.2661132,
                29.9228408
              ],
              [
                80.2640855,
                29.9241333
              ],
              [
                80.2621651,
                29.9252863
              ],
              [
                80.2616823,
                29.925807
              ],
              [
                80.260942,
                29.9262068
              ],
              [
                80.2598905,
                29.9262626
              ],
              [
                80.2593326,
                29.9262161
              ],
              [
                80.2582383,
                29.925714
              ],
              [
                80.2574658,
                29.9251096
              ],
              [
                80.2561033,
                29.924282
              ],
              [
                80.2551162,
                29.9240496
              ],
              [
                80.2543867,
                29.9241426
              ],
              [
                80.2535713,
                29.9240403
              ],
              [
                80.2530455,
                29.9238264
              ],
              [
                80.2522945,
                29.9232499
              ],
              [
                80.2519834,
                29.9227664
              ],
              [
                80.251683,
                29.9217528
              ],
              [
                80.2517581,
                29.92126
              ],
              [
                80.251919,
                29.9205998
              ],
              [
                80.2526379,
                29.920265
              ],
              [
                80.2535176,
                29.920172
              ],
              [
                80.2551591,
                29.9199302
              ],
              [
                80.2559209,
                29.9194002
              ],
              [
                80.2561676,
                29.9191212
              ],
              [
                80.2569723,
                29.9171126
              ],
              [
                80.2577448,
                29.9169731
              ],
              [
                80.2584636,
                29.9171033
              ],
              [
                80.2594614,
                29.9170196
              ],
              [
                80.259794,
                29.9166012
              ],
              [
                80.2599335,
                29.9158944
              ],
              [
                80.2596974,
                29.9152342
              ],
              [
                80.2598798,
                29.913737
              ],
              [
                80.2600729,
                29.9118119
              ],
              [
                80.2601051,
                29.9106681
              ],
              [
                80.260309,
                29.9097567
              ],
              [
                80.2604055,
                29.9089569
              ],
              [
                80.2602875,
                29.9084733
              ],
              [
                80.2599227,
                29.9077293
              ],
              [
                80.2595204,
                29.9071852
              ],
              [
                80.2589357,
                29.9073526
              ],
              [
                80.258528,
                29.9077432
              ],
              [
                80.2575195,
                29.9081106
              ],
              [
                80.2566826,
                29.9085895
              ],
              [
                80.2565271,
                29.9089848
              ],
              [
                80.2560979,
                29.9091615
              ],
              [
                80.2558029,
                29.9094963
              ],
              [
                80.2554434,
                29.909766
              ],
              [
                80.254907,
                29.9094637
              ],
              [
                80.2544564,
                29.9093661
              ],
              [
                80.2540326,
                29.9093428
              ],
              [
                80.2534854,
                29.9093661
              ],
              [
                80.2529865,
                29.9095567
              ],
              [
                80.2526647,
                29.9097567
              ],
              [
                80.2519727,
                29.9103705
              ],
              [
                80.2516884,
                29.9102821
              ],
              [
                80.2515274,
                29.9099427
              ],
              [
                80.2513987,
                29.9096916
              ],
              [
                80.2513236,
                29.9094126
              ],
              [
                80.2513879,
                29.909115
              ],
              [
                80.2512914,
                29.9087895
              ],
              [
                80.2511734,
                29.908543
              ],
              [
                80.2510607,
                29.908278
              ],
              [
                80.2513236,
                29.9080408
              ],
              [
                80.2517903,
                29.9077804
              ],
              [
                80.2525681,
                29.9076409
              ],
              [
                80.2532548,
                29.9074131
              ],
              [
                80.2537161,
                29.9071899
              ],
              [
                80.2538824,
                29.9067016
              ],
              [
                80.2534908,
                29.9063808
              ],
              [
                80.2531958,
                29.9061901
              ],
              [
                80.2531046,
                29.9059344
              ],
              [
                80.2533406,
                29.90566
              ],
              [
                80.253582,
                29.905288
              ],
              [
                80.2536839,
                29.9049764
              ],
              [
                80.2540326,
                29.9040975
              ],
              [
                80.2545208,
                29.9037348
              ],
              [
                80.254966,
                29.903493
              ],
              [
                80.2554971,
                29.9032791
              ],
              [
                80.2557331,
                29.9031024
              ],
              [
                80.2558511,
                29.9028745
              ],
              [
                80.2559423,
                29.9024002
              ],
              [
                80.2520799,
                29.9019352
              ],
              [
                80.2467155,
                29.9043533
              ],
              [
                80.2450418,
                29.9023816
              ],
              [
                80.2459001,
                29.9010051
              ],
              [
                80.2478313,
                29.8997402
              ],
              [
                80.2501916,
                29.8988474
              ],
              [
                80.2531528,
                29.8983265
              ],
              [
                80.255084,
                29.8980661
              ],
              [
                80.2580452,
                29.8978056
              ],
              [
                80.2599763,
                29.8974336
              ],
              [
                80.261693,
                29.8970988
              ],
              [
                80.2627873,
                29.8943456
              ],
              [
                80.2665853,
                29.8929318
              ],
              [
                80.2694606,
                29.8905134
              ],
              [
                80.2703619,
                29.8864206
              ],
              [
                80.2749109,
                29.8844857
              ],
              [
                80.2747392,
                29.8821415
              ],
              [
                80.2742242,
                29.878867
              ],
              [
                80.2745246,
                29.8747737
              ],
              [
                80.27534,
                29.8729875
              ],
              [
                80.2791595,
                29.8691545
              ],
              [
                80.2811336,
                29.8649119
              ],
              [
                80.2815628,
                29.8595526
              ],
              [
                80.2815628,
                29.8546397
              ],
              [
                80.2816057,
                29.8528903
              ],
              [
                80.2813482,
                29.8512898
              ],
              [
                80.2805328,
                29.8499871
              ],
              [
                80.2802324,
                29.8485354
              ],
              [
                80.2810049,
                29.8472698
              ],
              [
                80.2817773,
                29.8467859
              ],
              [
                80.2850389,
                29.8471582
              ],
              [
                80.2861976,
                29.8447759
              ],
              [
                80.2850389,
                29.8421329
              ],
              [
                80.2830219,
                29.8415746
              ],
              [
                80.2810049,
                29.8408301
              ],
              [
                80.2797603,
                29.8396388
              ],
              [
                80.2792882,
                29.8382987
              ],
              [
                80.2782583,
                29.836698
              ],
              [
                80.277872,
                29.8356556
              ],
              [
                80.2780008,
                29.8338315
              ],
              [
                80.2790308,
                29.8327146
              ],
              [
                80.2807903,
                29.831635
              ],
              [
                80.2847385,
                29.8319701
              ],
              [
                80.288515,
                29.8312255
              ],
              [
                80.2915191,
                29.8302948
              ],
              [
                80.2927637,
                29.8295129
              ],
              [
                80.2935361,
                29.8265718
              ],
              [
                80.2918195,
                29.8240401
              ],
              [
                80.2908325,
                29.8228114
              ],
              [
                80.2914762,
                29.8222902
              ],
              [
                80.2931928,
                29.822104
              ],
              [
                80.2952957,
                29.8216572
              ],
              [
                80.2959931,
                29.8212663
              ],
              [
                80.2995014,
                29.8209498
              ],
              [
                80.301218,
                29.818902
              ],
              [
                80.3026771,
                29.816761
              ],
              [
                80.3034925,
                29.8164445
              ],
              [
                80.3043937,
                29.8151972
              ],
              [
                80.3043508,
                29.814136
              ],
              [
                80.304265,
                29.8131679
              ],
              [
                80.3037286,
                29.8111385
              ],
              [
                80.3030634,
                29.8097421
              ],
              [
                80.3023767,
                29.8077127
              ],
              [
                80.304265,
                29.8065769
              ],
              [
                80.3056383,
                29.8065769
              ],
              [
                80.3066468,
                29.8070983
              ],
              [
                80.3079772,
                29.8076568
              ],
              [
                80.3095007,
                29.8076382
              ],
              [
                80.3112817,
                29.8075638
              ],
              [
                80.314393,
                29.8052178
              ],
              [
                80.3149509,
                29.8038772
              ],
              [
                80.3145218,
                29.8029089
              ],
              [
                80.3154015,
                29.8023876
              ],
              [
                80.3173542,
                29.8037096
              ],
              [
                80.3188133,
                29.804473
              ],
              [
                80.3195214,
                29.8048267
              ],
              [
                80.3201437,
                29.8049943
              ],
              [
                80.3208732,
                29.8049571
              ],
              [
                80.3213024,
                29.8055901
              ],
              [
                80.3222573,
                29.8074241
              ],
              [
                80.3229868,
                29.8087181
              ],
              [
                80.3238022,
                29.8091277
              ],
              [
                80.324682,
                29.8092953
              ],
              [
                80.3255939,
                29.808895
              ],
              [
                80.3264522,
                29.808504
              ],
              [
                80.3364301,
                29.8060184
              ],
              [
                80.3368163,
                29.8067073
              ],
              [
                80.3365803,
                29.8080292
              ],
              [
                80.336709,
                29.8086064
              ],
              [
                80.3388548,
                29.8108034
              ],
              [
                80.3426742,
                29.8082526
              ],
              [
                80.3443265,
                29.8088112
              ],
              [
                80.3475236,
                29.8052736
              ],
              [
                80.3508281,
                29.8035234
              ],
              [
                80.3528881,
                29.8014008
              ],
              [
                80.3540039,
                29.8002463
              ],
              [
                80.3562784,
                29.8021083
              ],
              [
                80.3579521,
                29.8026669
              ],
              [
                80.3604841,
                29.8037468
              ],
              [
                80.3618574,
                29.8047895
              ],
              [
                80.3633339,
                29.8053377
              ],
              [
                80.3637886,
                29.8079548
              ],
              [
                80.3626728,
                29.8091836
              ],
              [
                80.3614497,
                29.8095932
              ],
              [
                80.3607416,
                29.810431
              ],
              [
                80.361278,
                29.8115667
              ],
              [
                80.3614282,
                29.8121066
              ],
              [
                80.3611064,
                29.8127583
              ],
              [
                80.3604197,
                29.8141546
              ],
              [
                80.3599691,
                29.815402
              ],
              [
                80.3596043,
                29.8162584
              ],
              [
                80.3595614,
                29.8170961
              ],
              [
                80.3597116,
                29.8176546
              ],
              [
                80.3611278,
                29.8199631
              ],
              [
                80.361042,
                29.8203913
              ],
              [
                80.3588319,
                29.8218247
              ],
              [
                80.3564715,
                29.8238539
              ],
              [
                80.3540683,
                29.8272791
              ],
              [
                80.3538537,
                29.8297549
              ],
              [
                80.3534674,
                29.8302203
              ],
              [
                80.3519654,
                29.8309463
              ],
              [
                80.350399,
                29.8311324
              ],
              [
                80.349369,
                29.8315791
              ],
              [
                80.348618,
                29.8323609
              ],
              [
                80.3470945,
                29.8325471
              ],
              [
                80.3456139,
                29.8322679
              ],
              [
                80.3446269,
                29.8321376
              ],
              [
                80.3432536,
                29.8321376
              ],
              [
                80.3423309,
                29.8322679
              ],
              [
                80.3417086,
                29.8326588
              ],
              [
                80.3411507,
                29.8335522
              ],
              [
                80.3413653,
                29.8339431
              ],
              [
                80.3418159,
                29.8341851
              ],
              [
                80.3419232,
                29.8358604
              ],
              [
                80.3421378,
                29.8371819
              ],
              [
                80.3412795,
                29.8392666
              ],
              [
                80.3431892,
                29.8401786
              ],
              [
                80.3457856,
                29.8405881
              ],
              [
                80.3487682,
                29.8426541
              ],
              [
                80.3497552,
                29.8464137
              ],
              [
                80.3492832,
                29.8484795
              ],
              [
                80.3491115,
                29.8496893
              ],
              [
                80.3489399,
                29.8521831
              ],
              [
                80.3487682,
                29.8541186
              ],
              [
                80.3481245,
                29.8549002
              ],
              [
                80.3472233,
                29.8549002
              ],
              [
                80.3456998,
                29.8574125
              ],
              [
                80.3436827,
                29.8585849
              ],
              [
                80.340507,
                29.8608366
              ],
              [
                80.3373313,
                29.862437
              ],
              [
                80.3349066,
                29.863386
              ],
              [
                80.3315592,
                29.8652654
              ],
              [
                80.3299498,
                29.8663819
              ],
              [
                80.3285765,
                29.8668657
              ],
              [
                80.3286409,
                29.8677217
              ],
              [
                80.3289413,
                29.8682427
              ],
              [
                80.3281903,
                29.8699359
              ],
              [
                80.3266239,
                29.8707174
              ],
              [
                80.3235769,
                29.8725781
              ],
              [
                80.3220749,
                29.8741411
              ],
              [
                80.3212166,
                29.875611
              ],
              [
                80.3210664,
                29.8766343
              ],
              [
                80.3202081,
                29.8773785
              ],
              [
                80.3192854,
                29.8783833
              ],
              [
                80.318942,
                29.8810066
              ],
              [
                80.3185773,
                29.8822159
              ],
              [
                80.3180408,
                29.8845787
              ],
              [
                80.3171825,
                29.8864392
              ],
              [
                80.3160882,
                29.8881693
              ],
              [
                80.314908,
                29.8891925
              ],
              [
                80.3141141,
                29.8905134
              ],
              [
                80.3134274,
                29.8912761
              ],
              [
                80.3124189,
                29.8914621
              ],
              [
                80.3123116,
                29.8920574
              ],
              [
                80.311346,
                29.8937689
              ],
              [
                80.3090715,
                29.8944572
              ],
              [
                80.3090286,
                29.895499
              ],
              [
                80.3094578,
                29.8975638
              ],
              [
                80.3095221,
                29.8984939
              ],
              [
                80.3087497,
                29.8994426
              ],
              [
                80.3090715,
                29.9007075
              ],
              [
                80.3096938,
                29.9014144
              ],
              [
                80.3096509,
                29.902084
              ],
              [
                80.3087497,
                29.9036279
              ],
              [
                80.3075051,
                29.9052461
              ],
              [
                80.3067755,
                29.9067342
              ],
              [
                80.3068399,
                29.910603
              ],
              [
                80.3078055,
                29.9168523
              ],
              [
                80.3077411,
                29.9188981
              ],
              [
                80.3073549,
                29.9204231
              ],
              [
                80.3043294,
                29.9230825
              ],
              [
                80.301454,
                29.925184
              ],
              [
                80.2995229,
                29.9270995
              ],
              [
                80.2991152,
                29.9282338
              ],
              [
                80.2990508,
                29.9291637
              ],
              [
                80.2990937,
                29.9314324
              ],
              [
                80.2989435,
                29.9326597
              ]
            ]
          ],
          [
            [
              [
                80.3148865,
                29.7849952
              ],
              [
                80.3120971,
                29.7889619
              ],
              [
                80.3099298,
                29.7905447
              ],
              [
                80.3081702,
                29.7921276
              ],
              [
                80.3056276,
                29.7934311
              ],
              [
                80.3019797,
                29.7953957
              ],
              [
                80.2982783,
                29.7971181
              ],
              [
                80.2953386,
                29.7980677
              ],
              [
                80.2892661,
                29.7975092
              ],
              [
                80.28373,
                29.8010842
              ],
              [
                80.2802753,
                29.804082
              ],
              [
                80.2773141,
                29.8036724
              ],
              [
                80.2749109,
                29.8028531
              ],
              [
                80.2745032,
                29.8016614
              ],
              [
                80.2749752,
                29.7998367
              ],
              [
                80.2754044,
                29.7973415
              ],
              [
                80.2761125,
                29.7947904
              ],
              [
                80.2795887,
                29.7931238
              ],
              [
                80.2820134,
                29.7917086
              ],
              [
                80.2826893,
                29.7895298
              ],
              [
                80.2855217,
                29.7877886
              ],
              [
                80.2905106,
                29.7865595
              ],
              [
                80.2960037,
                29.7836543
              ],
              [
                80.2987718,
                29.7812333
              ],
              [
                80.3102302,
                29.7792778
              ],
              [
                80.3132987,
                29.7809911
              ],
              [
                80.3148865,
                29.7849952
              ]
            ]
          ],
          [
            [
              [
                80.3560853,
                29.7773222
              ],
              [
                80.3569007,
                29.7764469
              ],
              [
                80.3579736,
                29.7758881
              ],
              [
                80.3587889,
                29.7754225
              ],
              [
                80.3597545,
                29.7751245
              ],
              [
                80.3612566,
                29.7752176
              ],
              [
                80.3624797,
                29.775199
              ],
              [
                80.3643679,
                29.7745844
              ],
              [
                80.3654194,
                29.7744726
              ],
              [
                80.3668356,
                29.7747148
              ],
              [
                80.3685951,
                29.7741933
              ],
              [
                80.3690028,
                29.7733365
              ],
              [
                80.3704405,
                29.7712877
              ],
              [
                80.373187,
                29.7684193
              ],
              [
                80.3752255,
                29.7677115
              ],
              [
                80.3763628,
                29.7667616
              ],
              [
                80.3769207,
                29.7659234
              ],
              [
                80.3775644,
                29.7648989
              ],
              [
                80.3787017,
                29.7646195
              ],
              [
                80.3809547,
                29.7652342
              ],
              [
                80.3821349,
                29.7656999
              ],
              [
                80.3830576,
                29.7662401
              ],
              [
                80.3841734,
                29.7667243
              ],
              [
                80.385375,
                29.7667802
              ],
              [
                80.3881216,
                29.765495
              ],
              [
                80.389409,
                29.7659979
              ],
              [
                80.3896022,
                29.7676184
              ],
              [
                80.388658,
                29.7681213
              ],
              [
                80.3862977,
                29.7696114
              ],
              [
                80.3860616,
                29.7703378
              ],
              [
                80.3861904,
                29.7715299
              ],
              [
                80.3855466,
                29.7729826
              ],
              [
                80.3850317,
                29.7736159
              ],
              [
                80.3852033,
                29.7745844
              ],
              [
                80.3863191,
                29.7755902
              ],
              [
                80.3874778,
                29.7768566
              ],
              [
                80.3889799,
                29.7779741
              ],
              [
                80.3897094,
                29.7796875
              ],
              [
                80.3878212,
                29.7822203
              ],
              [
                80.386362,
                29.7842317
              ],
              [
                80.3870916,
                29.785796
              ],
              [
                80.3913617,
                29.7866526
              ],
              [
                80.3922844,
                29.7870251
              ],
              [
                80.3932929,
                29.7876769
              ],
              [
                80.3940654,
                29.7879376
              ],
              [
                80.3953743,
                29.7882169
              ],
              [
                80.3970265,
                29.7888501
              ],
              [
                80.3975415,
                29.7895391
              ],
              [
                80.3981852,
                29.7914199
              ],
              [
                80.3984427,
                29.7919041
              ],
              [
                80.3983998,
                29.7926676
              ],
              [
                80.3973055,
                29.7938221
              ],
              [
                80.3956103,
                29.7947718
              ],
              [
                80.3933573,
                29.7958518
              ],
              [
                80.3915977,
                29.798198
              ],
              [
                80.3918767,
                29.7989801
              ],
              [
                80.3918767,
                29.799818
              ],
              [
                80.3914904,
                29.8006373
              ],
              [
                80.390718,
                29.8012518
              ],
              [
                80.3893661,
                29.801289
              ],
              [
                80.3883147,
                29.8017359
              ],
              [
                80.3880787,
                29.8026483
              ],
              [
                80.3873491,
                29.8041751
              ],
              [
                80.3855037,
                29.8058322
              ],
              [
                80.3846454,
                29.8069679
              ],
              [
                80.3832507,
                29.8077686
              ],
              [
                80.3814482,
                29.8083644
              ],
              [
                80.3801822,
                29.8096677
              ],
              [
                80.3789162,
                29.8108592
              ],
              [
                80.3778004,
                29.8113247
              ],
              [
                80.3763842,
                29.8117157
              ],
              [
                80.3756761,
                29.8122742
              ],
              [
                80.3752041,
                29.8132423
              ],
              [
                80.374453,
                29.8139126
              ],
              [
                80.3741097,
                29.8145269
              ],
              [
                80.3741526,
                29.8155695
              ],
              [
                80.3741312,
                29.8164259
              ],
              [
                80.3734445,
                29.817003
              ],
              [
                80.3721356,
                29.8168727
              ],
              [
                80.3709984,
                29.8156626
              ],
              [
                80.3697324,
                29.8150482
              ],
              [
                80.3702044,
                29.8125349
              ],
              [
                80.3707409,
                29.8119391
              ],
              [
                80.3718352,
                29.8108965
              ],
              [
                80.3727793,
                29.8086995
              ],
              [
                80.3728008,
                29.8075079
              ],
              [
                80.3708052,
                29.8058694
              ],
              [
                80.3696251,
                29.8051433
              ],
              [
                80.3690457,
                29.8040634
              ],
              [
                80.3702688,
                29.8030765
              ],
              [
                80.371449,
                29.8019035
              ],
              [
                80.3712988,
                29.8006559
              ],
              [
                80.3705478,
                29.7984587
              ],
              [
                80.3695178,
                29.7978815
              ],
              [
                80.3664922,
                29.7977325
              ],
              [
                80.3647542,
                29.7972298
              ],
              [
                80.363574,
                29.7970063
              ],
              [
                80.3617072,
                29.7966898
              ],
              [
                80.3624367,
                29.7936918
              ],
              [
                80.362823,
                29.7932262
              ],
              [
                80.3636598,
                29.7920158
              ],
              [
                80.3640675,
                29.7908054
              ],
              [
                80.3618145,
                29.7888687
              ],
              [
                80.3610205,
                29.7878259
              ],
              [
                80.3571796,
                29.7842317
              ],
              [
                80.3562784,
                29.7826859
              ],
              [
                80.3561926,
                29.7801345
              ],
              [
                80.3560209,
                29.7788308
              ],
              [
                80.3560853,
                29.7773222
              ]
            ]
          ]
        ]
      },
      "id": "relation/9424049"
    },
    {
      "type": "Feature",
      "properties": {
        "@id": "relation/9424123",
        "boundary": "protected_area",
        "leisure": "nature_reserve",
        "name": "Govind Pashu Vihar WLS",
        "protect_class": "4",
        "type": "boundary",
        "wikidata": "Q3174886"
      },
      "geometry": {
        "type": "MultiPolygon",
        "coordinates": [
          [
            [
              [
                78.0957553,
                31.066371
              ],
              [
                78.0990599,
                31.0810186
              ],
              [
                78.1031798,
                31.0932203
              ],
              [
                78.1236075,
                31.1177658
              ],
              [
                78.1419752,
                31.1345178
              ],
              [
                78.1582831,
                31.1564086
              ],
              [
                78.1596564,
                31.1747693
              ],
              [
                78.1668662,
                31.1810846
              ],
              [
                78.1733035,
                31.1805706
              ],
              [
                78.1845473,
                31.1846826
              ],
              [
                78.1856631,
                31.1876197
              ],
              [
                78.1872081,
                31.1932734
              ],
              [
                78.1850623,
                31.1964305
              ],
              [
                78.1855773,
                31.1985596
              ],
              [
                78.1890964,
                31.2009089
              ],
              [
                78.1950187,
                31.2028177
              ],
              [
                78.1969928,
                31.2068554
              ],
              [
                78.1980228,
                31.2126547
              ],
              [
                78.1977759,
                31.2166279
              ],
              [
                78.1963382,
                31.2183162
              ],
              [
                78.191242,
                31.2245459
              ],
              [
                78.1599139,
                31.2241055
              ],
              [
                78.1478976,
                31.2108195
              ],
              [
                78.1291865,
                31.2011292
              ],
              [
                78.1033514,
                31.1843156
              ],
              [
                78.084812,
                31.1868121
              ],
              [
                78.0676475,
                31.1868121
              ],
              [
                78.0669592,
                31.1868121
              ],
              [
                78.0535696,
                31.1806441
              ],
              [
                78.0415533,
                31.1782942
              ],
              [
                78.0338286,
                31.17051
              ],
              [
                78.0321119,
                31.1506793
              ],
              [
                78.0259321,
                31.1502385
              ],
              [
                78.018894,
                31.1547926
              ],
              [
                78.0104826,
                31.1625782
              ],
              [
                77.9981228,
                31.160228
              ],
              [
                77.9843899,
                31.1555273
              ],
              [
                77.9878231,
                31.1381913
              ],
              [
                77.9826733,
                31.1240851
              ],
              [
                77.9912564,
                31.1199704
              ],
              [
                78.0128857,
                31.1190886
              ],
              [
                78.0218121,
                31.1170312
              ],
              [
                78.0269619,
                31.0993941
              ],
              [
                78.0245587,
                31.0802837
              ],
              [
                78.0338284,
                31.0726384
              ],
              [
                78.0650708,
                31.0770492
              ],
              [
                78.0746838,
                31.0694037
              ],
              [
                78.0957553,
                31.066371
              ]
            ]
          ],
          [
            [
              [
                78.4701919,
                31.2240321
              ],
              [
                78.4542273,
                31.2277754
              ],
              [
                78.4444426,
                31.2308579
              ],
              [
                78.4370611,
                31.2233716
              ],
              [
                78.42144,
                31.2073694
              ],
              [
                78.4075354,
                31.189896
              ],
              [
                78.3850477,
                31.177413
              ],
              [
                78.3574103,
                31.1615499
              ],
              [
                78.3424757,
                31.1534705
              ],
              [
                78.3309744,
                31.1493571
              ],
              [
                78.3057402,
                31.1408358
              ],
              [
                78.2731245,
                31.1176189
              ],
              [
                78.2662581,
                31.1117403
              ],
              [
                78.2499502,
                31.099688
              ],
              [
                78.2197378,
                31.0943962
              ],
              [
                78.2006834,
                31.0838119
              ],
              [
                78.197422,
                31.0677492
              ],
              [
                78.1965208,
                31.0649922
              ],
              [
                78.1951903,
                31.0616103
              ],
              [
                78.194332,
                31.0529341
              ],
              [
                78.1910704,
                31.0385211
              ],
              [
                78.1825304,
                31.0334832
              ],
              [
                78.1804704,
                31.0315894
              ],
              [
                78.178153,
                31.0274707
              ],
              [
                78.176651,
                31.0254481
              ],
              [
                78.1744838,
                31.0238851
              ],
              [
                78.1716834,
                31.0209706
              ],
              [
                78.1733785,
                31.0208925
              ],
              [
                78.1900402,
                31.0217523
              ],
              [
                78.2061764,
                31.0170447
              ],
              [
                78.2168194,
                31.0267539
              ],
              [
                78.263168,
                31.0158677
              ],
              [
                78.3040234,
                31.019987
              ],
              [
                78.3273693,
                31.0055689
              ],
              [
                78.3445355,
                31.0043919
              ],
              [
                78.3538052,
                31.0070403
              ],
              [
                78.3617016,
                31.0235176
              ],
              [
                78.371658,
                31.0285191
              ],
              [
                78.3908841,
                31.0429336
              ],
              [
                78.4159466,
                31.0373446
              ],
              [
                78.4465023,
                31.031461
              ],
              [
                78.4839245,
                31.0276365
              ],
              [
                78.4938809,
                31.0043919
              ],
              [
                78.5034939,
                31.0017434
              ],
              [
                78.5254666,
                31.0055689
              ],
              [
                78.5508725,
                31.0017434
              ],
              [
                78.5721585,
                31.0170447
              ],
              [
                78.5821148,
                31.0411687
              ],
              [
                78.566322,
                31.0694037
              ],
              [
                78.5656353,
                31.0891044
              ],
              [
                78.5457228,
                31.0980711
              ],
              [
                78.5498427,
                31.1096827
              ],
              [
                78.5625456,
                31.1230563
              ],
              [
                78.5728453,
                31.1315791
              ],
              [
                78.5701416,
                31.1527727
              ],
              [
                78.5785101,
                31.1618437
              ],
              [
                78.5797117,
                31.1706569
              ],
              [
                78.6016844,
                31.189896
              ],
              [
                78.6164473,
                31.2047265
              ],
              [
                78.625717,
                31.220876
              ],
              [
                78.616104,
                31.2280689
              ],
              [
                78.6076925,
                31.2289497
              ],
              [
                78.5968779,
                31.2257203
              ],
              [
                78.5797117,
                31.2252799
              ],
              [
                78.5680388,
                31.2182335
              ],
              [
                78.5513876,
                31.199147
              ],
              [
                78.5381697,
                31.1975318
              ],
              [
                78.5077856,
                31.1967976
              ],
              [
                78.485813,
                31.1997343
              ],
              [
                78.473625,
                31.2188208
              ],
              [
                78.4701919,
                31.2240321
              ]
            ]
          ]
        ]
      },
      "id": "relation/9424123"
    },
    {
      "type": "Feature",
      "properties": {
        "@id": "relation/9458668",
        "boundary": "protected_area",
        "leisure": "nature_reserve",
        "name": "Dhauladhar WLS",
        "protect_class": "4",
        "type": "boundary",
        "wikidata": "Q136289107",
        "wikipedia": "en:Dhauladhar Wildlife Sanctuary"
      },
      "geometry": {
        "type": "MultiPolygon",
        "coordinates": [
          [
            [
              [
                76.9484819,
                32.4035393
              ],
              [
                76.946783,
                32.404893
              ],
              [
                76.9460749,
                32.4067771
              ],
              [
                76.9443583,
                32.4111431
              ],
              [
                76.9438219,
                32.4126827
              ],
              [
                76.9450235,
                32.414476
              ],
              [
                76.9449377,
                32.416052
              ],
              [
                76.946032,
                32.4183162
              ],
              [
                76.9480061,
                32.4210513
              ],
              [
                76.9484083,
                32.4240789
              ],
              [
                76.9459033,
                32.4260866
              ],
              [
                76.9435214,
                32.425978
              ],
              [
                76.9406891,
                32.4253983
              ],
              [
                76.9350671,
                32.4214136
              ],
              [
                76.9255829,
                32.4166317
              ],
              [
                76.9144732,
                32.4168836
              ],
              [
                76.9100904,
                32.4173562
              ],
              [
                76.9091824,
                32.4192269
              ],
              [
                76.9120216,
                32.4231705
              ],
              [
                76.9132447,
                32.4248369
              ],
              [
                76.9131803,
                32.4281151
              ],
              [
                76.9146609,
                32.4303972
              ],
              [
                76.9151973,
                32.4330777
              ],
              [
                76.9127274,
                32.4347836
              ],
              [
                76.9073868,
                32.4402491
              ],
              [
                76.9054931,
                32.4435813
              ],
              [
                76.9052195,
                32.4444504
              ],
              [
                76.9024944,
                32.4473748
              ],
              [
                76.8990083,
                32.4486985
              ],
              [
                76.9008636,
                32.4543733
              ],
              [
                76.9030952,
                32.4574332
              ],
              [
                76.9070864,
                32.4602757
              ],
              [
                76.9117641,
                32.4638605
              ],
              [
                76.9065392,
                32.465499
              ],
              [
                76.9036892,
                32.467257
              ],
              [
                76.8960947,
                32.4661552
              ],
              [
                76.8910303,
                32.465986
              ],
              [
                76.8825059,
                32.4657669
              ],
              [
                76.8775761,
                32.4648411
              ],
              [
                76.872221,
                32.4653041
              ],
              [
                76.8646418,
                32.4633574
              ],
              [
                76.8620265,
                32.460859
              ],
              [
                76.8539759,
                32.4567276
              ],
              [
                76.8511735,
                32.4533509
              ],
              [
                76.8433599,
                32.4489613
              ],
              [
                76.8413771,
                32.4455734
              ],
              [
                76.8333604,
                32.4415984
              ],
              [
                76.8255256,
                32.4395611
              ],
              [
                76.815471,
                32.4291914
              ],
              [
                76.8116501,
                32.4244751
              ],
              [
                76.8114679,
                32.4193756
              ],
              [
                76.8086525,
                32.4147482
              ],
              [
                76.8028423,
                32.4109784
              ],
              [
                76.7997973,
                32.40746
              ],
              [
                76.7922862,
                32.4072051
              ],
              [
                76.787101,
                32.4064283
              ],
              [
                76.782943,
                32.4036248
              ],
              [
                76.7819026,
                32.4024533
              ],
              [
                76.7805743,
                32.3973592
              ],
              [
                76.7840449,
                32.3932033
              ],
              [
                76.785461,
                32.3879009
              ],
              [
                76.7855467,
                32.3845916
              ],
              [
                76.7828463,
                32.3764279
              ],
              [
                76.7850196,
                32.3728675
              ],
              [
                76.7780273,
                32.3675474
              ],
              [
                76.7756043,
                32.3618929
              ],
              [
                76.7682911,
                32.3590935
              ],
              [
                76.7647038,
                32.3602978
              ],
              [
                76.7584836,
                32.3590809
              ],
              [
                76.755318,
                32.3594556
              ],
              [
                76.749748,
                32.3580909
              ],
              [
                76.7494,
                32.3428275
              ],
              [
                76.748594,
                32.3074699
              ],
              [
                76.7485228,
                32.3063336
              ],
              [
                76.7485145,
                32.3061998
              ],
              [
                76.7482565,
                32.3020788
              ],
              [
                76.7743063,
                32.2466534
              ],
              [
                76.7595862,
                32.207863
              ],
              [
                76.7372273,
                32.1873447
              ],
              [
                76.7378604,
                32.1680386
              ],
              [
                76.7428063,
                32.1449133
              ],
              [
                76.7529344,
                32.1214004
              ],
              [
                76.7588995,
                32.1183474
              ],
              [
                76.7770956,
                32.1099144
              ],
              [
                76.7973517,
                32.0875197
              ],
              [
                76.8356322,
                32.0837383
              ],
              [
                76.8430136,
                32.1061339
              ],
              [
                76.8600081,
                32.1093328
              ],
              [
                76.8675166,
                32.090731
              ],
              [
                76.8675307,
                32.0904869
              ],
              [
                76.8766592,
                32.075593
              ],
              [
                76.9412791,
                32.0690563
              ],
              [
                76.939659,
                32.0955911
              ],
              [
                76.942791,
                32.1147686
              ],
              [
                76.9712446,
                32.1136948
              ],
              [
                76.9726415,
                32.1131489
              ],
              [
                76.9760512,
                32.1120227
              ],
              [
                76.9775104,
                32.1163118
              ],
              [
                76.9745063,
                32.1214004
              ],
              [
                76.9816947,
                32.1272701
              ],
              [
                76.978616,
                32.1331848
              ],
              [
                76.9805573,
                32.1363556
              ],
              [
                76.9834327,
                32.1383905
              ],
              [
                76.9809651,
                32.1469844
              ],
              [
                76.9819189,
                32.1510803
              ],
              [
                76.9836044,
                32.1572668
              ],
              [
                76.9884109,
                32.1652777
              ],
              [
                76.9895267,
                32.1708176
              ],
              [
                76.9914794,
                32.175449
              ],
              [
                76.9963288,
                32.1769201
              ],
              [
                76.9959211,
                32.1810065
              ],
              [
                76.9914365,
                32.1837306
              ],
              [
                76.9921756,
                32.1867901
              ],
              [
                76.9946678,
                32.1904874
              ],
              [
                76.9978737,
                32.195389
              ],
              [
                77.0011997,
                32.1989298
              ],
              [
                77.0025014,
                32.2003089
              ],
              [
                77.0037532,
                32.201036
              ],
              [
                77.0049977,
                32.2016715
              ],
              [
                77.0067572,
                32.2018167
              ],
              [
                77.0112204,
                32.2009816
              ],
              [
                77.0160913,
                32.2034509
              ],
              [
                77.0215756,
                32.2072819
              ],
              [
                77.028408,
                32.2075724
              ],
              [
                77.0353603,
                32.2079173
              ],
              [
                77.0394373,
                32.2086617
              ],
              [
                77.041862,
                32.213727
              ],
              [
                77.0477628,
                32.2198087
              ],
              [
                77.048707,
                32.2276505
              ],
              [
                77.044333,
                32.2347092
              ],
              [
                77.0375275,
                32.2399022
              ],
              [
                77.0329785,
                32.2412815
              ],
              [
                77.0295453,
                32.2448568
              ],
              [
                77.0300391,
                32.2496924
              ],
              [
                77.0311974,
                32.2561082
              ],
              [
                77.026627,
                32.2611888
              ],
              [
                77.0275068,
                32.2672311
              ],
              [
                77.0261979,
                32.2717668
              ],
              [
                77.0294093,
                32.2779422
              ],
              [
                77.0328283,
                32.2837767
              ],
              [
                77.0349312,
                32.2917038
              ],
              [
                77.0368336,
                32.2961192
              ],
              [
                77.0383644,
                32.3019518
              ],
              [
                77.045009,
                32.3068177
              ],
              [
                77.0530478,
                32.3106664
              ],
              [
                77.0569681,
                32.3125432
              ],
              [
                77.0615816,
                32.3158436
              ],
              [
                77.0630193,
                32.3245113
              ],
              [
                77.0686626,
                32.3367499
              ],
              [
                77.0613413,
                32.3405522
              ],
              [
                77.0551872,
                32.3438747
              ],
              [
                77.0443667,
                32.3440838
              ],
              [
                77.0404672,
                32.3441467
              ],
              [
                77.0472908,
                32.3541168
              ],
              [
                77.0484065,
                32.3612584
              ],
              [
                77.0472083,
                32.3679804
              ],
              [
                77.0574617,
                32.3784393
              ],
              [
                77.0653152,
                32.3883694
              ],
              [
                77.0705938,
                32.3929354
              ],
              [
                77.0740578,
                32.3986719
              ],
              [
                77.0628261,
                32.4189502
              ],
              [
                77.062118,
                32.4212506
              ],
              [
                77.0620966,
                32.4241486
              ],
              [
                77.0616674,
                32.4265575
              ],
              [
                77.0594358,
                32.4288035
              ],
              [
                77.0550189,
                32.4337551
              ],
              [
                77.0533204,
                32.4316468
              ],
              [
                77.0502519,
                32.4300531
              ],
              [
                77.0464968,
                32.4284049
              ],
              [
                77.0427847,
                32.4260866
              ],
              [
                77.039566,
                32.4246739
              ],
              [
                77.0356178,
                32.4237501
              ],
              [
                77.0339441,
                32.4244203
              ],
              [
                77.0311761,
                32.4247825
              ],
              [
                77.0285368,
                32.4243298
              ],
              [
                77.0264125,
                32.423243
              ],
              [
                77.0221853,
                32.4220838
              ],
              [
                77.0180654,
                32.4200732
              ],
              [
                77.0120573,
                32.4173562
              ],
              [
                77.009654,
                32.4171207
              ],
              [
                77.0078087,
                32.4162874
              ],
              [
                77.0049333,
                32.4162874
              ],
              [
                77.0034098,
                32.4152006
              ],
              [
                77.0018649,
                32.4154542
              ],
              [
                77.0006847,
                32.4149651
              ],
              [
                76.9976377,
                32.4114328
              ],
              [
                76.9936037,
                32.4097843
              ],
              [
                76.9876385,
                32.4077734
              ],
              [
                76.9851064,
                32.4058894
              ],
              [
                76.9789747,
                32.4036023
              ],
              [
                76.9743132,
                32.4031538
              ],
              [
                76.9696998,
                32.4018132
              ],
              [
                76.9640993,
                32.4019218
              ],
              [
                76.9560957,
                32.4029545
              ],
              [
                76.9484819,
                32.4035393
              ]
            ]
          ],
          [
            [
              [
                76.721692,
                32.1880346
              ],
              [
                76.7169284,
                32.1883615
              ],
              [
                76.7142677,
                32.1883252
              ],
              [
                76.7044401,
                32.1884341
              ],
              [
                76.6959428,
                32.1867997
              ],
              [
                76.6880464,
                32.1836399
              ],
              [
                76.6864585,
                32.1810973
              ],
              [
                76.6940974,
                32.1761937
              ],
              [
                76.6911792,
                32.1657318
              ],
              [
                76.6846561,
                32.1563586
              ],
              [
                76.6830253,
                32.1436415
              ],
              [
                76.6861151,
                32.1302685
              ],
              [
                76.6950415,
                32.1214005
              ],
              [
                76.7031955,
                32.1120227
              ],
              [
                76.7071437,
                32.1141309
              ],
              [
                76.7122935,
                32.1145671
              ],
              [
                76.7164134,
                32.1157303
              ],
              [
                76.7195891,
                32.1179838
              ],
              [
                76.7251681,
                32.1190016
              ],
              [
                76.7296313,
                32.1214731
              ],
              [
                76.7377853,
                32.1214731
              ],
              [
                76.7316913,
                32.1286693
              ],
              [
                76.7310905,
                32.1352835
              ],
              [
                76.7262839,
                32.1454583
              ],
              [
                76.7190742,
                32.153016
              ],
              [
                76.7154692,
                32.1679115
              ],
              [
                76.721692,
                32.1880346
              ]
            ]
          ]
        ]
      },
      "id": "relation/9458668"
    },
    {
      "type": "Feature",
      "properties": {
        "@id": "relation/16831555",
        "boundary": "protected_area",
        "leisure": "nature_reserve",
        "name": "Jim Corbett National Park",
        "name:hi": "जिम कॉर्बेट राष्ट्रीय उद्यान",
        "protect_class": "2",
        "protection_title": "National Park",
        "type": "boundary",
        "wikidata": "Q949297"
      },
      "geometry": {
        "type": "Polygon",
        "coordinates": [
          [
            [
              78.6708436,
              29.5374778
            ],
            [
              78.6979313,
              29.5153364
            ],
            [
              78.7627778,
              29.497477
            ],
            [
              78.7770796,
              29.494541
            ],
            [
              78.7861347,
              29.4906188
            ],
            [
              78.797915,
              29.4798599
            ],
            [
              78.829824,
              29.4648646
            ],
            [
              78.8954913,
              29.4506845
            ],
            [
              78.938999,
              29.4446804
            ],
            [
              78.9441629,
              29.4441787
            ],
            [
              78.9733317,
              29.4413449
            ],
            [
              79.0081785,
              29.4422886
            ],
            [
              79.0301512,
              29.4557419
            ],
            [
              79.0775297,
              29.428983
            ],
            [
              79.0878781,
              29.4379571
            ],
            [
              79.0752124,
              29.4664285
            ],
            [
              79.0688609,
              29.4923558
            ],
            [
              79.0541435,
              29.5101361
            ],
            [
              79.0481221,
              29.5403639
            ],
            [
              79.0065454,
              29.5557892
            ],
            [
              79.0061121,
              29.5559762
            ],
            [
              78.9991664,
              29.5589742
            ],
            [
              78.9975786,
              29.5620352
            ],
            [
              79.0000248,
              29.5658426
            ],
            [
              79.00496,
              29.5704338
            ],
            [
              79.0074491,
              29.5729346
            ],
            [
              79.0078353,
              29.5796155
            ],
            [
              79.00702,
              29.5854376
            ],
            [
              78.9981794,
              29.5922669
            ],
            [
              78.9902226,
              29.594671
            ],
            [
              78.985691,
              29.610924
            ],
            [
              78.9732885,
              29.623702
            ],
            [
              78.9591693,
              29.6330841
            ],
            [
              78.9494355,
              29.6333568
            ],
            [
              78.9351368,
              29.6361055
            ],
            [
              78.9261245,
              29.6369261
            ],
            [
              78.9141371,
              29.6448425
            ],
            [
              78.8773726,
              29.6579245
            ],
            [
              78.8424322,
              29.6672855
            ],
            [
              78.7935757,
              29.6777839
            ],
            [
              78.7673088,
              29.6882811
            ],
            [
              78.7541753,
              29.6750453
            ],
            [
              78.7471601,
              29.6584513
            ],
            [
              78.7447193,
              29.6526773
            ],
            [
              78.7368392,
              29.6440027
            ],
            [
              78.7378899,
              29.6298477
            ],
            [
              78.7468206,
              29.6097534
            ],
            [
              78.7594287,
              29.5983344
            ],
            [
              78.756802,
              29.5887414
            ],
            [
              78.7405165,
              29.584173
            ],
            [
              78.7252817,
              29.5914823
            ],
            [
              78.7016415,
              29.5800613
            ],
            [
              78.6848307,
              29.5617848
            ],
            [
              78.6708436,
              29.5374778
            ]
          ]
        ]
      },
      "id": "relation/16831555"
    }
  ]
}